﻿{
  "tracker_broadcast": {
    "background": "#000000",
    "type": "array",
    "orientation": "horizontal",
    "margin": "0,0",
    "content": [
      {
        "type": "array",
        "orientation": "vertical",
        "margin": "0,0",
        "content": [
          {
            "type": "itemgrid",
            "item_margin": "1,1",
            "h_alignment": "left",
            "rows": [
              [ "bowandsilvers", "bothbooms", "hookshot", "witch", "bat", "boots" ],
              [ "firerod", "icerod", "bombos", "ether", "quake", "lift1" ],
              [ "lamp", "hammer", "duck", "digspot", "book", "flippers" ],
              [ "sickkid", "somaria", "byrna", "cape", "mirror", "pearl" ]
            ]
          },
          {
            "type": "array",
            "orientation": "horizontal",
            "margin": "0,0",
            "content": [
              {
                "type": "item",
                "item": "pod"
              },
              {
                "type": "item",
                "item": "swamp"
              },
              {
                "type": "item",
                "item": "skull"
              },
              {
                "type": "item",
                "item": "thieves"
              },
              {
                "type": "item",
                "item": "icepalace"
              },
              {
                "type": "item",
                "item": "mire"
              }
            ]
          },
          {
            "type": "itemgrid",
            "item_margin": "1,1,0,0",
            "item_width": 16,
            "item_height": 16,
            "h_alignment": "left",
            "rows": [
              [ "podsk", "podbk", "spsk", "spbk", "swsk", "swbk", "ttsk", "ttbk", "ipsk", "ipbk", "mmsk", "mmbk" ]
            ]
          }
        ]
      },
      {
        "type": "array",
        "orientation": "vertical",
        "margin": "0,0",
        "content": [
          {
            "type": "array",
            "orientation": "horizontal",
            "margin": "0,0,0,0",
            "content": [
              {
                "type": "item",
                "item": "eastern"
              }
            ]
          },
          {
            "type": "array",
            "orientation": "horizontal",
            "margin": "10,1,0,0",
            "content": [
              {
                "type": "item",
                "item": "epbk"
              }
            ]
          },
          {
            "type": "array",
            "orientation": "horizontal",
            "margin": "0,1,0,0",
            "content": [
              {
                "type": "item",
                "item": "desert"
              }
            ]
          },
          {
            "type": "array",
            "orientation": "horizontal",
            "margin": "1,1,0,0",
            "content": [
              {
                "type": "item",
                "margin": "1,0",
                "item": "dpsk"
              },
              {
                "type": "item",
                "item": "dpbk"
              }
            ]
          },
          {
            "type": "array",
            "orientation": "horizontal",
            "margin": "0,1,0,0",
            "content": [
              {
                "type": "item",
                "item": "hera"
              }
            ]
          },
          {
            "type": "array",
            "orientation": "horizontal",
            "margin": "1,1,0,0",
            "content": [
              {
                "type": "item",
                "margin": "1,0",
                "item": "tohsk"
              },
              {
                "type": "item",
                "item": "tohbk"
              }
            ]
          },
          {
            "type": "array",
            "orientation": "horizontal",
            "margin": "0,1,0,0",
            "content": [
              {
                "type": "item",
                "item": "at"
              },
              {
                "type": "item",
                "item": "atsk"
              }
            ]
          },
          {
            "type": "array",
            "orientation": "horizontal",
            "margin": "0,1,0,0",
            "content": [
              {
                "type": "item",
                "item": "gt"
              },
              {
                "type": "item",
                "item": "gtbk"
              }
            ]
          },
          {
            "type": "array",
            "orientation": "horizontal",
            "margin": "0,1,0,0",
            "content": [
              {
                "type": "item",
                "item": "trock"
              }
            ]
          },
          {
            "type": "array",
            "orientation": "horizontal",
            "margin": "1,1,0,0",
            "content": [
              {
                "type": "item",
                "margin": "1,0",
                "item": "trsk"
              },
              {
                "type": "item",
                "item": "trbk"
              }
            ]
          }
        ]
      }
    ]
  }
}