﻿{
  "shared_item_grid": {
    "type": "array",
    "orientation": "vertical",
    "margin": "12,0,0,0",
    "content": [
      {
        "type": "array",
        "orientation": "horizontal",
        "margin": "0,0,0,0",
        "content": [
          {
            "type": "itemgrid",
            "margin": "0,4",
            "item_margin": "1,1",
            "h_alignment": "left",
            "rows": [
              [ "z1sword", "z1bowandarrows", "z1candle", "z1recorder", "z1rod","" ],
              [ "z1raft", "z1book", "z1ladder", "z1magickey", "z1bracelet", "z1trifo3" ]
            ]
          },
          {
            "type": "canvas",
            "width": 66,
            "height": 66,
            "margin": "1,1",
            "content": [
              {
                "type": "item",
                "item": "z1trifo1",
                "margin": "0",
                "canvas_depth": 1,
                "canvas_top": 0,
                "canvas_left": 0,
                "width": 32,
                "height": 32
              },
              {
                "type": "item",
                "item": "z1trifo2",
                "margin": "0",
                "canvas_depth": 1,
                "canvas_top": 0,
                "canvas_left": 34,
                "width": 32,
                "height": 32
              },
              {
                "type": "item",
                "item": "z1trifo5",
                "margin": "0",
                "canvas_depth": 1,
                "canvas_top": 34,
                "canvas_left": 0,
                "width": 32,
                "height": 32
              },
              {
                "type": "item",
                "item": "z1trifo6",
                "margin": "0",
                "canvas_depth": 1,
                "canvas_top": 34,
                "canvas_left": 0,
                "width": 32,
                "height": 32
              },
              {
                "type": "item",
                "item": "z1trifo7",
                "margin": "0",
                "canvas_depth": 1,
                "canvas_top": 34,
                "canvas_left": 34,
                "width": 32,
                "height": 32
              },
              {
                "type": "item",
                "item": "z1trifo8",
                "margin": "0",
                "canvas_depth": 1,
                "canvas_top": 34,
                "canvas_left": 34,
                "width": 32,
                "height": 32
              }
            ]
          },
          {
            "type": "itemgrid",
            "margin": "0,4",
            "item_margin": "1,1",
            "h_alignment": "left",
            "rows": [
              [ "z1ganon" ],
              [ "z1trifo4" ]
            ]
          }
        ]
      },
      {
        "type": "itemgrid",
        "margin": "0,5",
        "item_margin": "1,1",
        "h_alignment": "left",
        "rows": [
          [ "z2glove", "z2raft", "z2boots", "z2flute", "z2hammer", "horsehead", "helmethead" , "rebonack" , "karock" ],
          [ "z2candle", "z2magickey", "fairy", "reflect", "thunder", "gooma", "barba" , "thunderbird" , "darklink" ]
        ]
      },
      {
        "type": "array",
        "orientation": "horizontal",
        "margin": "0,0,0,0",
        "content": [
          {
            "type": "itemgrid",
            "margin": "0,8,0,0",
            "item_margin": "1,1",
            "h_alignment": "left",
            "rows": [
              [ "bowandsilvers", "hookshot", "witch", "bat", "ficerods"],
              [ "bombos", "ether", "quake", "lamp", "hammer"],
              [ "duck", "digspot", "book", "somaria", "mirror"],
              [ "boots",  "gloves", "flippers", "pearl", "sword"]
            ]
          },
          {
            "type": "itemgrid",
            "margin": "0,22,0,0",
            "item_margin": "1,2",
            "h_alignment": "left",
            "rows": [
              [ "ep", "dp", "toh", "agahnims"],
              [ "pod", "swamp", "skull", "thieves"],
              [ "icepalace", "mire", "trock", "ganon"]
            ]
          }
        ]
      }
    ]
  },
  "tracker_default":
  {
    "type": "container",
    "background": "#000000",
    "width": 328,
    "height": 307,
    "content": [
      {
        "type": "image",
        "image": "images/FullBack.png"
      },
      {
        "type": "layout",
        "dropshadow": false,
        "margin": 1,
        "image": "images/FullBack.png",
        "key": "shared_item_grid"
      }
    ]
  },
  "tracker_broadcast":
  {
    "type": "container",
    "background": "#000000",
    "width": 328,
    "height": 307,
    "content": [
      {
        "type": "image",
        "image": "images/FullBack.png"
      },
      {
        "type": "layout",
        "dropshadow": false,
        "margin": 1,
        "key": "shared_item_grid"
      }
    ]
  }
}