﻿{
  "tracker_broadcast": {
    "background": "#000000",
    "type": "array",
    "orientation": "vertical",
    "margin": "0,0,0,0",
    "content": [
      {
        "type": "itemgrid",
        "h_alignment": "center",
        "item_margin": "4,4",
        "item_size": 48,
        "rows": [
          [ "jump", "triplejump", "longjump"],
          [ "groundpound", "sideflip", "backflip"],
          [ "kick", "wallkick", "dive"],
          [ "climb", "ledgegrab", "grab"],
          [ "wingcap", "inviscap", "metalcap"]
        ]
      },
      {
        "type": "itemgrid",
        "h_alignment": "center",
        "item_margin": "4,4",
        "item_size": 48,
        "rows": [
          [ "basementkey", "upperkey"]
        ]
      }
    ]
  }
}
