﻿{
  "shared_item_grid": {
    "type": "array",
    "orientation": "vertical",
    "margin": "0,0,0,0",
    "content": [
      {
      "type": "itemgrid",
      "h_alignment": "left",
      "item_margin": "0,0,0,0",
      "item_width": 121,
      "item_height": 20,
      "rows": [
        [ "jump"],
        [ "triplejump"],
        [ "longjump"],
        [ "sideflip"],
        [ "backflip"],
        [ "kick"],
        [ "wallkick"],
        [ "groundpound"],
        [ "dive"],
        [ "climb"],
        [ "ledgegrab"],
        [ "grab"]
      ]
    },
    {
      "type": "itemgrid",
      "h_alignment": "left",
      "item_margin": "0,0,0,0",
      "item_width": 24,
      "item_height": 24,
      "rows": [
        [ "wingcap","metalcap","inviscap"],
        [ "basementkey", "upperkey", ""]
      ]
    }
  ]
},
  "tracker_default": {
    "type": "container",
    "background": "#000000",
    "width": 242,
    "height": 308,
    "content": {
      "type": "layout",
      "dropshadow": false,
      "margin": 1,
      "key": "shared_item_grid"
    }
  }
}
