﻿{
  "shared_item_grid": {
    "type": "itemgrid",
    "h_alignment": "center",
    "item_margin": "1,1",
    "item_size": 32,
    "rows": [
      [ "jump", "doublejump", "triplejump"],
      [ "longjump", "sideflip", "backflip"],
      [ "kick", "wallkick", "groundpound"],
      [ "dive", "climb"],
      [ "ledgegrab", "grab"]
    ]
  },
  "tracker_default": {
    "type": "container",
    "background": "#000000",
    "width": 242,
    "content": {
      "type": "layout",
      "dropshadow": false,
      "margin": 1,
      "key": "shared_item_grid"
    }
  }
}
