﻿{
  "tracker_broadcast": {
    "background": "#000000",
    "type": "itemgrid",
    "h_alignment": "center",
    "item_margin": "1,1",
    "rows": [
      [ "EldKeys", "MamKeys", "pulse", "pyramid", "diamond", "moon", "SkoKeys", "portrait" ],
      [ "MuskCake", "toy", "MissRaven", "KleSeeds", "bean", "soil", "watering", "boots" ],
      [ "KalKey", "warehouse", "bucket", "scarf", "star", "redkey", "ultrastone", "hammer" ],
      [ "goombario", "kooper", "bombette", "parakarry", "bow", "watt", "sushi", "lakilester" ],
      [ "calc", "duokeys", "ripcheato", "fryingpan", "Mailbag", "cookbook", "dictionary", "lyricsandmelody" ],
      [ "dolly", "shell", "letters", "artifact", "cd", "weight", "anti", "vase" ],
      [ "flowergem", "waterstone", "red2blueberries", "yellowandpurpleberries", "bluekey", "prisonkey", "bowserkey", "dojofight" ]
    ]
  }
}
