﻿{
  "shared_item_grid": {
    "type": "itemgrid",
    "h_alignment": "center",
    "item_margin": "1,1",
    "item_size": "40",
    "rows": [
      [ "EldKeys", "MamKeys", "pulse", "pyramid", "diamond", "moon", "SkoKeys", "portrait" ],
      [ "MuskCake", "toy", "MissRaven", "KleSeeds", "soil", "bean", "watering", "boots" ],
      [ "KalKey", "warehouse", "bucket", "scarf", "star", "redkey", "ultrastone", "hammer" ],
      [ "goombario", "kooper", "bombette", "parakarry", "bow", "watt", "sushi", "lakilester" ],
      [ "calc", "duokeys", "ripcheato", "fryingpan", "Mailbag", "cookbook", "dictionary", "lyricsandmelody" ],
      [ "dolly", "shell", "letters", "artifact", "cd", "weight", "anti", "vase" ],
      [ "flowergem", "waterstone", "red2blueberries", "yellowandpurpleberries", "bluekey", "prisonkey", "bowserkey", "dojofight" ]
    ]
  },
  "tracker_default": {
    "type": "container",
    "background": "#000000",
    "width": 338,
    "content": {
      "type": "layout",
      "dropshadow": false,
      "margin": 1,
      "key": "shared_item_grid"
    }
  }
}
