﻿{
  "tracker_broadcast": {
    "background": "#000000",
    "type": "itemgrid",
    "h_alignment": "center",
    "item_margin": "1,1",
    "rows": [
      [ "bowandsilvers", "bothbooms", "hookshot", "witch", "bat", "heart", "easternpalace" ],
      [ "firerod", "icerod", "bombos", "ether", "quake", "gomode", "desertpalace" ],
      [ "lamp", "hammer", "ocarina", "net", "book", "digspot", "towerofhera" ],
      [ "sickkid", "somaria", "byrna", "cape", "mirror", "pearl", "agahnims" ],
      [ "boots", "lift1", "flippers", "halfmagic", "sword", "shield", "armor" ],
      [ "palaceofdarkness", "swamppalace", "skullwoods", "thievestown", "icepalace", "miserymire", "turtlerock" ]
    ]
  }
}
