﻿{
  "shared_item_grid": {
    "type": "itemgrid",
    "h_alignment": "center",
    "item_margin": "1,1",
    "rows": [
      [ "bowandsilvers", "bothbooms", "hookshot", "witch", "bat", "halfmagic", "easternpalace" ],
      [ "firerod", "icerod", "bombos", "ether", "quake", "armor", "desertpalace" ],
      [ "lamp", "hammer", "duck", "net", "book", "digspot", "towerofhera" ],
      [ "sickkid", "somaria", "byrna", "cape", "mirror", "pearl", "agahnims" ],
      [ "boots", "lift1", "flippers", "sword", "shield", "GTReq", "goalsign" ],
      [ "palaceofdarkness", "swamppalace", "skullwoods", "thievestown", "icepalace", "miserymire", "turtlerock" ]
    ]
  },
  "tracker_default": {
    "type": "container",
    "background": "#000000",
    "width": 242,
    "content": {
      "type": "layout",
      "dropshadow": false,
      "margin": 1,
      "key": "shared_item_grid"
    }
  }
}
