﻿[
  // Slingshot
  {
    "name": "Slingshot",
    "type": "progressive",
    "allow_disabled": "false",
    "stages": [
      {
        "img": "images/Slingshot.png",
        "img_mods": "@disabled",
        "codes": "slingshot, bullets, seeds"
      },
      {
        "img": "images/Slingshot30.png"
      },
      {
        "img": "images/Slingshot40.png"
      },
      {
        "img": "images/Slingshot50.png"
      }
    ]
  },
  // Bombs
  {
    "name": "Bombs",
    "type": "progressive",
    "allow_disabled": "false",
    "stages": [
      {
        "img": "images/Bombs.png",
        "img_mods": "@disabled",
        "codes": "bombs, bombbag"
      },
      {
        "img": "images/Bombs20.png"
      },
      {
        "img": "images/Bombs30.png"
      },
      {
        "img": "images/Bombs40.png"
      }
    ]
  },
  // Bow
  {
    "name": "Bow",
    "type": "progressive",
    "allow_disabled": "false",
    "stages": [
      {
        "img": "images/Bow.png",
        "img_mods": "@disabled",
        "codes": "bow, arrows"
      },
      {
        "img": "images/Bow30.png"
      },
      {
        "img": "images/Bow40.png"
      },
      {
        "img": "images/Bow50.png"
      }
    ]
  },
  // Flute
  {
    "name": "Flute",
    "type": "progressive",
    "stages": [
      {
        "img": "images/FairyOcarina.png",
        "codes": "flute, ocarina, ocarinafairy"
      },
      {
        "img": "images/TimeOcarina.png",
        "codes": "ocarinatime, ocarinaoftime"
      }
    ]
  },
  // Magic
  {
    "name": "Magic",
    "type": "progressive",
    "allow_disabled": false,
    "stages": [
      {
        "img": "images/Magic1.png",
        "img_mods": "@disabled",
        "codes": "magic, 0"
      },
      {
        "img": "images/Magic1.png",
        "codes": "magic, 1"
      },
      {
        "img": "images/Magic2.png",
        "codes": "magic, 2"
      }
    ]
  },
  // Boomerang
  {
    "name": "Boomerang",
    "type": "toggle",
    "loop": "true",
    "img": "images/Boomerang.png",
    "codes": "boomerang,boom"
  },
  // Bombchu
  {
    "name": "Bombchu",
    "type": "toggle",
    "loop": "true",
    "img": "images/Bombchu.png",
    "codes": "bombchu,chu"
  },
  // GC Big Key
  {
    "name": "GC Big Key",
    "type": "toggle",
    "loop": "true",
    "img": "images/BigKey.png",
    "codes": "gcbk,bk,gc,bigkey"
  },
  // Hookshot
  {
    "name": "Hookshot",
    "type": "progressive",
    "stages": [
      {
        "img": "images/Hookshot.png",
        "codes": "hookshot, hs"
      },
      {
        "img": "images/Longshot.png",
        "codes": "longshot, ls"
      }
    ]
  },
  // Fire Arrows
  {
    "name": "Fire Arrows",
    "type": "toggle",
    "loop": "true",
    "img": "images/FireArrows.png",
    "codes": "firearrows, firea, fire"
  },
  // Ice Arrows
  {
    "name": "Ice Arrows",
    "type": "toggle",
    "loop": "true",
    "img": "images/IceArrows.png",
    "codes": "icearrows, icea, ice"
  },
  // Light Arrows
  {
    "name": "Light Arrows",
    "type": "toggle",
    "loop": "true",
    "img": "images/LightArrows.png",
    "codes": "lightarrows, lighta, light"
  },
  // Dins Fire
  {
    "name": "Dins Fire",
    "type": "toggle",
    "loop": "true",
    "img": "images/DinsFire.png",
    "codes": "dins, dinsfire, df"
  },
  // Farores Wind
  {
    "name": "Farores Wind",
    "type": "toggle",
    "loop": "true",
    "img": "images/FaroresWind.png",
    "codes": "farore, faroreswind, fw"
  },
  // Kokiri Sword
  {
    "name": "Kokiri Sword",
    "type": "toggle",
    "loop": "true",
    "img": "images/KokiriSword.png",
    "codes": "kokirisword"
  },
  // Biggoron Sword
  {
    "name": "Biggoron Sword",
    "type": "toggle",
    "loop": "true",
    "img": "images/BiggoronSword.png",
    "codes": "bgs, biggoronsword"
  },
  // Iron Boots
  {
    "name": "Iron Boots",
    "type": "toggle",
    "loop": "true",
    "img": "images/IronBoots.png",
    "codes": "iron, ironboots"
  },
  // Hover Boots
  {
    "name": "Hover Boots",
    "type": "toggle",
    "loop": "true",
    "img": "images/HoverBoots.png",
    "codes": "hover, hoverboots, andy"
  },
  // Scales
  {
    "name": "Scales",
    "type": "progressive",
    "stages": [
      {
        "img": "images/SilverScale.png",
        "codes": "silverscale, scales"
      },
      {
        "img": "images/GoldenScale.png",
        "codes": "goldenscale"
      }
    ]
  },
  // Stone of Agony
  {
    "name": "Stone of Agony",
    "type": "toggle",
    "loop": "true",
    "img": "images/RumblePack.png",
    "codes": "agony, stoneofagony, rumblepack, rumble, stone"
  },
  // Lens of Truth
  {
    "name": "Lens of Truth",
    "type": "toggle",
    "loop": "true",
    "img": "images/LensOfTruth.png",
    "codes": "lens, lensoftruth"
  },
  // Megaton Hammer
  {
    "name": "Megaton Hammer",
    "type": "toggle",
    "loop": "true",
    "img": "images/MegatonHammer.png",
    "codes": "hammer, megaton, megatonhammer"
  },
  // Gloves
  {
    "name": "Gloves",
    "type": "progressive",
    "stages": [
      {
        "img": "images/GoronBracelet.png",
        "codes": "gloves"
      },
      {
        "img": "images/SilverGauntlet.png",
        "codes": "silvergauntlets"
      },
      {
        "img": "images/GoldenGauntlet.png",
        "codes": "goldengauntlets"
      }
    ]
  },
  // Mirror Shield
  {
    "name": "Mirror Shield",
    "type": "toggle",
    "loop": "true",
    "img": "images/MirrorShield.png",
    "codes": "mirrorshield, mirror"
  },
  // Young Quest
  {
    "name": "Young Quest",
    "type": "progressive",
    "loop": "true",
    "stages": [
      {
        "img": "images/Egg.png",
        "codes": "youngquest, kidquest, kidtrade, childtrade, egg1"
      },
      {
        "img": "images/Cuckoo.png",
        "codes": "cuckoo1"
      },
      {
        "img": "images/Letter.png",
        "codes": "letter, zeldasletter, note"
      },
      {
        "img": "images/KeatonMask.png",
        "codes": "keaton, keatonmask, mask1"
      },
      {
        "img": "images/SkullMask.png",
        "codes": "skull, skullmask, mask2"
      },
      {
        "img": "images/DekuMask.png",
        "codes": "deku, dekumask, mask3"
      },
      {
        "img": "images/BunnyHood.png",
        "codes": "bunny, bunnyhood, mask4"
      },
      {
        "img": "images/MaskOfTruth.png",
        "codes": "mtruth, maskoftruth, mask5"
      }
    ]
  },
  // Adult Quest
  {
    "name": "Young Quest",
    "type": "progressive",
    "loop": "true",
    "stages": [
      {
        "img": "images/Egg.png",
        "codes": "adultquest, adulttrade, egg2"
      },
      {
        "img": "images/Cuckoo.png",
        "codes": "cuckoo2"
      },
      {
        "img": "images/Cojiro.png",
        "codes": "cojiro"
      },
      {
        "img": "images/Mushroom.png",
        "codes": "mushroom, mush"
      },
      {
        "img": "images/OddPotion.png",
        "codes": "potion, oddpotion"
      },
      {
        "img": "images/PoacherSaw.png",
        "codes": "saw, poacher, poachersaw"
      },
      {
        "img": "images/BrokenGoronSword.png",
        "codes": "broken, brokensword, brokengoronsword"
      },
      {
        "img": "images/Prescription.png",
        "codes": "prescription"
      },
      {
        "img": "images/Froggy.png",
        "codes": "frog, froggy"
      },
      {
        "img": "images/Eyedrops.png",
        "codes": "eyedrops, eyedrop, drops"
      },
      {
        "img": "images/ClaimCheck.png",
        "codes": "claim, claimcheck"
      }
    ]
  },
  // Deku Shield
  {
    "name": "Deku Shield",
    "type": "toggle",
    "loop": "true",
    "img": "images/DekuShield.png",
    "codes": "dekushield"
  },
  // Hylian Shield
  {
    "name": "Hylian Shield",
    "type": "toggle",
    "loop": "true",
    "img": "images/HylianShield.png",
    "codes": "hylianshield, hylian"
  },
  // Both Shields
  {
    "name": "Deku and Hylian Shield",
    "type": "composite_toggle",
    "codes": "bothshields",
    "item_left": "dekushield",
    "item_right": "hylianshield",
    "images": [
      {
        "left": false,
        "right": false,
        "img": "images/DekuHylianYY.png",
        "img_mods": "@disabled"
      },
      {
        "left": true,
        "right": false,
        "img": "images/DekuHylianYN.png"
      },
      {
        "left": false,
        "right": true,
        "img": "images/DekuHylianNY.png"
      },
      {
        "left": true,
        "right": true,
        "img": "images/DekuHylianYY.png"
      }
    ]
  },
  // Shields
  {
    "name": "Shields",
    "type": "progressive_toggle",
    "stages": [
      {
        "img": "images/DekuHylianYN.png",
        "codes": "dekushield, deku",
        "disabled_img": "images/DekuHylianYY.png"
      },
      {
        "img": "images/DekuHylianYY.png",
        "codes": "hylianshield, hylian",
        "disabled_img": "images/DekuHylianNY.png",
        "disabled_img_mods": ""
      }
    ]
  },
  // Goron Tunic
  {
    "name": "Goron Tunic",
    "type": "toggle",
    "loop": "true",
    "img": "images/GoronTunic.png",
    "codes": "gorontunic,redtunic,redmail"
  },
  // Zora Tunic
  {
    "name": "Zora Tunic",
    "type": "toggle",
    "loop": "true",
    "img": "images/ZoraTunic.png",
    "codes": "zoratunic,bluetunic,bluemail"
  },
  // Goron and Zora Tunic
  {
    "name": "Goron and Zora Tunic",
    "type": "composite_toggle",
    "codes": "bothtunics",
    "item_left": "gorontunic",
    "item_right": "zoratunic",
    "images": [
      {
        "left": false,
        "right": false,
        "img": "images/RedBlueMailNN.png"
      },
      {
        "left": true,
        "right": false,
        "img": "images/RedBlueMailYN.png"
      },
      {
        "left": false,
        "right": true,
        "img": "images/RedBlueMailNY.png"
      },
      {
        "left": true,
        "right": true,
        "img": "images/RedBlueMailYY.png"
      }
    ]
  },
  // Bottles
  {
    "name": "Bottles",
    "swap_actions": true,
    "type": "progressive_toggle",
    "stages": [
      {
        "img": "images/0026c.png",
        "codes": "bottle",
        "disabled_img": "images/0026.png"
      },
      {
        "img": "images/0026.png",
        "img_mods": "overlay|images/checkmark.png",
        "disabled_img": "images/0026.png",
        "disabled_img_mods": ""
      },
      {
        "img": "images/ruto.png",
        "img_mods": "overlay|images/checkmark.png",
        "codes": "ruto",
        "disabled_img": "images/ruto.png",
        "disabled_img_mods": ""
      }
    ]
  },
  // Zelda Song
  {
    "name": "Zelda Song",
    "type": "toggle",
    "loop": "true",
    "img": "images/ZeldaNote.png",
    "codes": "zelda, zeldaslullaby, zeldasong"
  },
  // Zelda Check
  {
    "name": "Zelda Check",
    "type": "toggle_badged",
    "base_item": "zelda",
    "img": "images/checkmark.png",
    "codes": "zeldacheck"
  },

  // Epona Song
  {
    "name": "Epona Song",
    "type": "toggle",
    "loop": "true",
    "img": "images/EponaNote2.png",
    "codes": "eponasong, epona, eponassong"
  },
  // Epona Check
  {
    "name": "Epona Check",
    "type": "toggle_badged",
    "base_item": "epona",
    "img": "images/checkmark.png",
    "codes": "eponacheck"
  },

  // Saria Song
  {
    "name": "Saria Song",
    "type": "toggle",
    "loop": "true",
    "img": "images/SariaNote.png",
    "codes": "sariasong, saria, sariassong"
  },
  // Saria Check
  {
    "name": "Saria Check",
    "type": "toggle_badged",
    "base_item": "saria",
    "img": "images/checkmark.png",
    "codes": "sariacheck"
  },

  // Sun Song
  {
    "name": "Sun Song",
    "type": "toggle",
    "loop": "true",
    "img": "images/SunNote.png",
    "codes": "sunsong, sun"
  },
  // Sun Check
  {
    "name": "Sun Check",
    "type": "toggle_badged",
    "base_item": "sun",
    "img": "images/checkmark.png",
    "codes": "suncheck"
  },

  // Song of Time
  {
    "name": "Song of Time",
    "type": "toggle",
    "loop": "true",
    "img": "images/TimeNote.png",
    "codes": "time, songoftime, timesong"
  },
  // Time Check
  {
    "name": "Time Check",
    "type": "toggle_badged",
    "base_item": "time",
    "img": "images/checkmark.png",
    "codes": "timecheck"
  },

  // Song of Storms
  {
    "name": "Song of Storms",
    "type": "toggle",
    "loop": "true",
    "img": "images/StormNote.png",
    "codes": "storm, songofstorms, stormsong"
  },
  // Storm Check
  {
    "name": "Storm Check",
    "type": "toggle_badged",
    "base_item": "storm",
    "img": "images/checkmark.png",
    "codes": "stormcheck"
  },

  // Minuet of Forest
  {
    "name": "Minuet of Forest",
    "type": "toggle",
    "loop": "true",
    "img": "images/ForestNote.png",
    "disabled_img": "images/ForestNoteNN.png",
    "disabled_img_mods": "",
    "codes": "minuet, minuetofforest, forestsong"
  },
  // Forest Check
  {
    "name": "Forest Check",
    "type": "toggle_badged",
    "base_item": "minuet",
    "img": "images/checkmark.png",
    "codes": "minuetcheck, forestcheck"
  },

  // Bolero of Fire
  {
    "name": "Bolero of Fire",
    "type": "toggle",
    "loop": "true",
    "img": "images/FireNote.png",
    "disabled_img": "images/FireNoteNN.png",
    "disabled_img_mods": "",
    "codes": "bolero, bolerooffire, firesong"
  },
  // Bolero Check
  {
    "name": "Bolero Check",
    "type": "toggle_badged",
    "base_item": "bolero",
    "img": "images/checkmark.png",
    "codes": "bolerocheck, firecheck"
  },

  // Serenade of Water
  {
    "name": "Serenade of Water",
    "type": "toggle",
    "loop": "true",
    "img": "images/WaterNote.png",
    "disabled_img": "images/WaterNoteNN.png",
    "disabled_img_mods": "",
    "codes": "serenade, serenadeofwater, watersong"
  },
  // Serenade Check
  {
    "name": "Serenade Check",
    "type": "toggle_badged",
    "base_item": "serenade",
    "img": "images/checkmark.png",
    "codes": "watercheck, serenadecheck"
  },

  // Requiem of Spirit
  {
    "name": "Requiem of Spirit",
    "type": "toggle",
    "loop": "true",
    "img": "images/SpiritNote.png",
    "disabled_img": "images/SpiritNoteNN.png",
    "disabled_img_mods": "",
    "codes": "requiem, requiemofspirit, spiritsong"
  },
  // Requiem Check
  {
    "name": "Requiem Check",
    "type": "toggle_badged",
    "base_item": "requiem",
    "img": "images/checkmark.png",
    "codes": "requiemcheck, spiritcheck"
  },

  // Nocturne of Shadow
  {
    "name": "Nocturne of Shadow",
    "type": "toggle",
    "loop": "true",
    "img": "images/ShadowNote.png",
    "disabled_img": "images/ShadowNoteNN.png",
    "disabled_img_mods": "",
    "codes": "nocturne, nocturneofshadow, shadowsong"
  },
  // Nocturne Check
  {
    "name": "Nocturne Check",
    "type": "toggle_badged",
    "base_item": "nocturne",
    "img": "images/checkmark.png",
    "codes": "nocturnecheck, shadowcheck"
  },

  // Prelude of Light
  {
    "name": "Prelude of Light",
    "type": "toggle",
    "loop": "true",
    "img": "images/LightNote.png",
    "disabled_img": "images/LightNoteNN.png",
    "disabled_img_mods": "",
    "codes": "prelude, preludeoflight, lightsong"
  },
  // Prelude Check
  {
    "name": "Prelude Check",
    "type": "toggle_badged",
    "base_item": "prelude",
    "img": "images/checkmark.png",
    "codes": "preludecheck, lightcheck"
  },

  // Skulltulas
  {
    "name": "Skulltula",
    "type": "progressive",
    "allow_disabled": "false",
    "stages": [
      {
        "img": "images/Skulltula.png",
        "img_mods": "@disabled",
        "codes": "skulltula"
      },
      {
        "img": "images/Skulltula1.png"
      },
      {
        "img": "images/Skulltula2.png"
      },
      {
        "img": "images/Skulltula3.png"
      },
      {
        "img": "images/Skulltula4.png"
      },
      {
        "img": "images/Skulltula5.png"
      },
      {
        "img": "images/Skulltula6.png"
      },
      {
        "img": "images/Skulltula7.png"
      },
      {
        "img": "images/Skulltula8.png"
      },
      {
        "img": "images/Skulltula9.png"
      },
      {
        "img": "images/Skulltula10.png"
      },
      {
        "img": "images/Skulltula11.png"
      },
      {
        "img": "images/Skulltula12.png"
      },
      {
        "img": "images/Skulltula13.png"
      },
      {
        "img": "images/Skulltula14.png"
      },
      {
        "img": "images/Skulltula15.png"
      },
      {
        "img": "images/Skulltula16.png"
      },
      {
        "img": "images/Skulltula17.png"
      },
      {
        "img": "images/Skulltula18.png"
      },
      {
        "img": "images/Skulltula19.png"
      },
      {
        "img": "images/Skulltula20.png"
      },
      {
        "img": "images/Skulltula21.png"
      },
      {
        "img": "images/Skulltula22.png"
      },
      {
        "img": "images/Skulltula23.png"
      },
      {
        "img": "images/Skulltula24.png"
      },
      {
        "img": "images/Skulltula25.png"
      },
      {
        "img": "images/Skulltula26.png"
      },
      {
        "img": "images/Skulltula27.png"
      },
      {
        "img": "images/Skulltula28.png"
      },
      {
        "img": "images/Skulltula29.png"
      },
      {
        "img": "images/Skulltula30.png"
      },
      {
        "img": "images/Skulltula31.png"
      },
      {
        "img": "images/Skulltula32.png"
      },
      {
        "img": "images/Skulltula33.png"
      },
      {
        "img": "images/Skulltula34.png"
      },
      {
        "img": "images/Skulltula35.png"
      },
      {
        "img": "images/Skulltula36.png"
      },
      {
        "img": "images/Skulltula37.png"
      },
      {
        "img": "images/Skulltula38.png"
      },
      {
        "img": "images/Skulltula39.png"
      },
      {
        "img": "images/Skulltula40.png"
      },
      {
        "img": "images/Skulltula41.png"
      },
      {
        "img": "images/Skulltula42.png"
      },
      {
        "img": "images/Skulltula43.png"
      },
      {
        "img": "images/Skulltula44.png"
      },
      {
        "img": "images/Skulltula45.png"
      },
      {
        "img": "images/Skulltula46.png"
      },
      {
        "img": "images/Skulltula47.png"
      },
      {
        "img": "images/Skulltula48.png"
      },
      {
        "img": "images/Skulltula49.png"
      },
      {
        "img": "images/Skulltula50.png"
      },
      {
        "img": "images/Skulltula51.png"
      },
      {
        "img": "images/Skulltula52.png"
      },
      {
        "img": "images/Skulltula53.png"
      },
      {
        "img": "images/Skulltula54.png"
      },
      {
        "img": "images/Skulltula55.png"
      },
      {
        "img": "images/Skulltula56.png"
      },
      {
        "img": "images/Skulltula57.png"
      },
      {
        "img": "images/Skulltula58.png"
      },
      {
        "img": "images/Skulltula59.png"
      },
      {
        "img": "images/Skulltula60.png"
      },
      {
        "img": "images/Skulltula61.png"
      },
      {
        "img": "images/Skulltula62.png"
      },
      {
        "img": "images/Skulltula63.png"
      },
      {
        "img": "images/Skulltula64.png"
      },
      {
        "img": "images/Skulltula65.png"
      },
      {
        "img": "images/Skulltula66.png"
      },
      {
        "img": "images/Skulltula67.png"
      },
      {
        "img": "images/Skulltula68.png"
      },
      {
        "img": "images/Skulltula69.png"
      },
      {
        "img": "images/Skulltula70.png"
      },
      {
        "img": "images/Skulltula71.png"
      },
      {
        "img": "images/Skulltula72.png"
      },
      {
        "img": "images/Skulltula73.png"
      },
      {
        "img": "images/Skulltula74.png"
      },
      {
        "img": "images/Skulltula75.png"
      },
      {
        "img": "images/Skulltula76.png"
      },
      {
        "img": "images/Skulltula77.png"
      },
      {
        "img": "images/Skulltula78.png"
      },
      {
        "img": "images/Skulltula79.png"
      },
      {
        "img": "images/Skulltula80.png"
      },
      {
        "img": "images/Skulltula81.png"
      },
      {
        "img": "images/Skulltula82.png"
      },
      {
        "img": "images/Skulltula83.png"
      },
      {
        "img": "images/Skulltula84.png"
      },
      {
        "img": "images/Skulltula85.png"
      },
      {
        "img": "images/Skulltula86.png"
      },
      {
        "img": "images/Skulltula87.png"
      },
      {
        "img": "images/Skulltula88.png"
      },
      {
        "img": "images/Skulltula89.png"
      },
      {
        "img": "images/Skulltula90.png"
      },
      {
        "img": "images/Skulltula91.png"
      },
      {
        "img": "images/Skulltula92.png"
      },
      {
        "img": "images/Skulltula93.png"
      },
      {
        "img": "images/Skulltula94.png"
      },
      {
        "img": "images/Skulltula95.png"
      },
      {
        "img": "images/Skulltula96.png"
      },
      {
        "img": "images/Skulltula97.png"
      },
      {
        "img": "images/Skulltula98.png"
      },
      {
        "img": "images/Skulltula99.png"
      },
      {
        "img": "images/Skulltula100.png"
      }
    ]
  },
  // Free Medallion
  {
    "name": "Free Medallion",
    "capturable": false,
    "type": "progressive_toggle",
    "stages": [
      {
        "img": "images/qm.png",
        "codes": "freemed"
      },
      {
        "img": "images/SpiritStones.png"
      },
      {
        "img": "images/ForestMed.png",
        "disabled_img": "images/ForestMedN.png",
        "disabled_img_mods": ""
      },
      {
        "img": "images/FireWaterMed.png",
        "disabled_img": "images/FireWaterMedN.png",
        "disabled_img_mods": ""
      },
      {
        "img": "images/SpiritShadowMed.png",
        "disabled_img": "images/SpiritShadowMedN.png",
        "disabled_img_mods": ""
      },
      {
        "img": "images/LightMed.png",
        "disabled_img": "images/LightMedN.png",
        "disabled_img_mods": ""
      }
    ]
  },
  // Deku Tree
  {
    "name": "Deku Tree",
    "capturable": false,
    "type": "progressive_toggle",
    "stages": [
      {
        "img": "images/smallqm.png",
        "codes": "DekuTree",
        "img_mods": "overlay|images/DT.png"
      },
      {
        "img": "images/SpiritStones.png",
        "img_mods": "overlay|images/DT.png"
      },
      {
        "img": "images/ForestMed.png",
        "img_mods": "overlay|images/DT.png",
        "disabled_img": "images/ForestMedN.png",
        "disabled_img_mods": "overlay|images/noDT.png"
      },
      {
        "img": "images/FireWaterMed.png",
        "img_mods": "overlay|images/DT.png",
        "disabled_img": "images/FireWaterMedN.png",
        "disabled_img_mods": "overlay|images/noDT.png"
      },
      {
        "img": "images/SpiritShadowMed.png",
        "img_mods": "overlay|images/DT.png",
        "disabled_img": "images/SpiritShadowMedN.png",
        "disabled_img_mods": "overlay|images/noDT.png"
      },
      {
        "img": "images/LightMed.png",
        "img_mods": "overlay|images/DT.png",
        "disabled_img": "images/LightMedN.png",
        "disabled_img_mods": "overlay|images/noDT.png"
      }
    ]
  },
  // Dodongos Cavern
  {
    "name": "Dodongos Cavern",
    "capturable": false,
    "type": "progressive_toggle",
    "stages": [
      {
        "img": "images/smallqm.png",
        "codes": "Dodongo",
        "img_mods": "overlay|images/DC.png"
      },
      {
        "img": "images/SpiritStones.png",
        "img_mods": "overlay|images/DC.png"
      },
      {
        "img": "images/ForestMed.png",
        "img_mods": "overlay|images/DC.png",
        "disabled_img": "images/ForestMedN.png",
        "disabled_img_mods": "overlay|images/noDC.png"
      },
      {
        "img": "images/FireWaterMed.png",
        "img_mods": "overlay|images/DC.png",
        "disabled_img": "images/FireWaterMedN.png",
        "disabled_img_mods": "overlay|images/noDC.png"
      },
      {
        "img": "images/SpiritShadowMed.png",
        "img_mods": "overlay|images/DC.png",
        "disabled_img": "images/SpiritShadowMedN.png",
        "disabled_img_mods": "overlay|images/noDC.png"
      },
      {
        "img": "images/LightMed.png",
        "img_mods": "overlay|images/DC.png",
        "disabled_img": "images/LightMedN.png",
        "disabled_img_mods": "overlay|images/noDC.png"
      }
    ]
  },
  // Jabu Jabu
  {
    "name": "Jabu Jabu",
    "capturable": false,
    "type": "progressive_toggle",
    "stages": [
      {
        "img": "images/smallqm.png",
        "codes": "jabujabu",
        "img_mods": "overlay|images/JJ.png"
      },
      {
        "img": "images/SpiritStones.png",
        "img_mods": "overlay|images/JJ.png"
      },
      {
        "img": "images/ForestMed.png",
        "img_mods": "overlay|images/JJ.png",
        "disabled_img": "images/ForestMedN.png",
        "disabled_img_mods": "overlay|images/noJJ.png"
      },
      {
        "img": "images/FireWaterMed.png",
        "img_mods": "overlay|images/JJ.png",
        "disabled_img": "images/FireWaterMedN.png",
        "disabled_img_mods": "overlay|images/noJJ.png"
      },
      {
        "img": "images/SpiritShadowMed.png",
        "img_mods": "overlay|images/JJ.png",
        "disabled_img": "images/SpiritShadowMedN.png",
        "disabled_img_mods": "overlay|images/noJJ.png"
      },
      {
        "img": "images/LightMed.png",
        "img_mods": "overlay|images/JJ.png",
        "disabled_img": "images/LightMedN.png",
        "disabled_img_mods": "overlay|images/noJJ.png"
      }
    ]
  },
  // Forest Temple
  {
    "name": "Forest Temple",
    "capturable": false,
    "type": "progressive_toggle",
    "stages": [
      {
        "img": "images/smallqm.png",
        "codes": "foresttemple",
        "img_mods": "overlay|images/FT.png"
      },
      {
        "img": "images/SpiritStones.png",
        "img_mods": "overlay|images/FT.png"
      },
      {
        "img": "images/ForestMed.png",
        "img_mods": "overlay|images/FT.png",
        "disabled_img": "images/ForestMedN.png",
        "disabled_img_mods": "overlay|images/noFT.png"
      },
      {
        "img": "images/FireWaterMed.png",
        "img_mods": "overlay|images/FT.png",
        "disabled_img": "images/FireWaterMedN.png",
        "disabled_img_mods": "overlay|images/noFT.png"
      },
      {
        "img": "images/SpiritShadowMed.png",
        "img_mods": "overlay|images/FT.png",
        "disabled_img": "images/SpiritShadowMedN.png",
        "disabled_img_mods": "overlay|images/noFT.png"
      },
      {
        "img": "images/LightMed.png",
        "img_mods": "overlay|images/FT.png",
        "disabled_img": "images/LightMedN.png",
        "disabled_img_mods": "overlay|images/noFT.png"
      }
    ]
  },
  // Fire Temple
  {
    "name": "Fire Temple",
    "capturable": false,
    "type": "progressive_toggle",
    "stages": [
      {
        "img": "images/smallqm.png",
        "codes": "firetemple",
        "img_mods": "overlay|images/FiT.png"
      },
      {
        "img": "images/SpiritStones.png",
        "img_mods": "overlay|images/FiT.png"
      },
      {
        "img": "images/ForestMed.png",
        "img_mods": "overlay|images/FiT.png",
        "disabled_img": "images/ForestMedN.png",
        "disabled_img_mods": "overlay|images/noFiT.png"
      },
      {
        "img": "images/FireWaterMed.png",
        "img_mods": "overlay|images/FiT.png",
        "disabled_img": "images/FireWaterMedN.png",
        "disabled_img_mods": "overlay|images/noFiT.png"
      },
      {
        "img": "images/SpiritShadowMed.png",
        "img_mods": "overlay|images/FiT.png",
        "disabled_img": "images/SpiritShadowMedN.png",
        "disabled_img_mods": "overlay|images/noFiT.png"
      },
      {
        "img": "images/LightMed.png",
        "img_mods": "overlay|images/FiT.png",
        "disabled_img": "images/LightMedN.png",
        "disabled_img_mods": "overlay|images/noFiT.png"
      }
    ]
  },
  // Water Temple
  {
    "name": "Water Temple",
    "capturable": false,
    "type": "progressive_toggle",
    "stages": [
      {
        "img": "images/smallqm.png",
        "codes": "watertemple",
        "img_mods": "overlay|images/WT.png"
      },
      {
        "img": "images/SpiritStones.png",
        "img_mods": "overlay|images/WT.png"
      },
      {
        "img": "images/ForestMed.png",
        "img_mods": "overlay|images/WT.png",
        "disabled_img": "images/ForestMedN.png",
        "disabled_img_mods": "overlay|images/noWT.png"
      },
      {
        "img": "images/FireWaterMed.png",
        "img_mods": "overlay|images/WT.png",
        "disabled_img": "images/FireWaterMedN.png",
        "disabled_img_mods": "overlay|images/noWT.png"
      },
      {
        "img": "images/SpiritShadowMed.png",
        "img_mods": "overlay|images/WT.png",
        "disabled_img": "images/SpiritShadowMedN.png",
        "disabled_img_mods": "overlay|images/noWT.png"
      },
      {
        "img": "images/LightMed.png",
        "img_mods": "overlay|images/WT.png",
        "disabled_img": "images/LightMedN.png",
        "disabled_img_mods": "overlay|images/noWT.png"
      }
    ]
  },
  // Spirit Temple
  {
    "name": "Spirit Temple",
    "capturable": false,
    "type": "progressive_toggle",
    "stages": [
      {
        "img": "images/smallqm.png",
        "codes": "spirittemple",
        "img_mods": "overlay|images/ST.png"
      },
      {
        "img": "images/SpiritStones.png",
        "img_mods": "overlay|images/ST.png"
      },
      {
        "img": "images/ForestMed.png",
        "img_mods": "overlay|images/ST.png",
        "disabled_img": "images/ForestMedN.png",
        "disabled_img_mods": "overlay|images/noST.png"
      },
      {
        "img": "images/FireWaterMed.png",
        "img_mods": "overlay|images/ST.png",
        "disabled_img": "images/FireWaterMedN.png",
        "disabled_img_mods": "overlay|images/noST.png"
      },
      {
        "img": "images/SpiritShadowMed.png",
        "img_mods": "overlay|images/ST.png",
        "disabled_img": "images/SpiritShadowMedN.png",
        "disabled_img_mods": "overlay|images/noST.png"
      },
      {
        "img": "images/LightMed.png",
        "img_mods": "overlay|images/ST.png",
        "disabled_img": "images/LightMedN.png",
        "disabled_img_mods": "overlay|images/noST.png"
      }
    ]
  },
  // Shadow Temple
  {
    "name": "Shadow Temple",
    "capturable": false,
    "type": "progressive_toggle",
    "stages": [
      {
        "img": "images/smallqm.png",
        "codes": "shadowtemple",
        "img_mods": "overlay|images/ShT.png"
      },
      {
        "img": "images/SpiritStones.png",
        "img_mods": "overlay|images/ShT.png"
      },
      {
        "img": "images/ForestMed.png",
        "img_mods": "overlay|images/ShT.png",
        "disabled_img": "images/ForestMedN.png",
        "disabled_img_mods": "overlay|images/noShT.png"
      },
      {
        "img": "images/FireWaterMed.png",
        "img_mods": "overlay|images/ShT.png",
        "disabled_img": "images/FireWaterMedN.png",
        "disabled_img_mods": "overlay|images/noShT.png"
      },
      {
        "img": "images/SpiritShadowMed.png",
        "img_mods": "overlay|images/ShT.png",
        "disabled_img": "images/SpiritShadowMedN.png",
        "disabled_img_mods": "overlay|images/noShT.png"
      },
      {
        "img": "images/LightMed.png",
        "img_mods": "overlay|images/ShT.png",
        "disabled_img": "images/LightMedN.png",
        "disabled_img_mods": "overlay|images/noShT.png"
      }
    ]
  },
  // Deku Chests
  {
    "name": "Deku Chests",
    "capturable": false,
    "loop": "true",
    "allow_disabled": "false",
    "type": "progressive",
    "stages": [
      {
        "img": "images/chest7g.png",
        "codes": "dekuchest"
      },
      {
        "img": "images/chest6.png"
      },
      {
        "img": "images/chest5.png"
      },
      {
        "img": "images/chest4.png"
      },
      {
        "img": "images/chest3.png"
      },
      {
        "img": "images/chest2.png"
      },
      {
        "img": "images/chest1.png"
      },
      {
        "img": "images/chest0.png",
        "img_mods": "@disabled"
      }
    ]
  },
  // Dodongo Chests
  {
    "name": "Dodongo Chests",
    "capturable": false,
    "loop": "true",
    "allow_disabled": "false",
    "type": "progressive",
    "stages": [
      {
        "img": "images/chest7g.png",
        "codes": "dodongochest"
      },
      {
        "img": "images/chest6.png"
      },
      {
        "img": "images/chest5.png"
      },
      {
        "img": "images/chest4.png"
      },
      {
        "img": "images/chest3.png"
      },
      {
        "img": "images/chest2.png"
      },
      {
        "img": "images/chest1.png"
      },
      {
        "img": "images/chest0.png",
        "img_mods": "@disabled"
      }
    ]
  },
  // Jabu Chests
  {
    "name": "Jabu Chests",
    "capturable": false,
    "loop": "true",
    "allow_disabled": "false",
    "type": "progressive",
    "stages": [
      {
        "img": "images/chest4g.png",
        "codes": "jabuchest"
      },
      {
        "img": "images/chest3.png"
      },
      {
        "img": "images/chest2.png"
      },
      {
        "img": "images/chest1.png"
      },
      {
        "img": "images/chest0.png",
        "img_mods": "@disabled"
      }
    ]
  },
  // Forest Chests
  {
    "name": "Forest Chests",
    "capturable": false,
    "loop": "true",
    "allow_disabled": "false",
    "type": "progressive",
    "stages": [
      {
        "img": "images/chest8g.png",
        "codes": "forestchest"
      },
      {
        "img": "images/chest7.png"
      },
      {
        "img": "images/chest6.png"
      },
      {
        "img": "images/chest5.png"
      },
      {
        "img": "images/chest4.png"
      },
      {
        "img": "images/chest3.png"
      },
      {
        "img": "images/chest2.png"
      },
      {
        "img": "images/chest1.png"
      },
      {
        "img": "images/chest0.png",
        "img_mods": "@disabled"
      }
    ]
  },
  // Fire Chests
  {
    "name": "Fire Chests",
    "capturable": false,
    "loop": "true",
    "allow_disabled": "false",
    "type": "progressive",
    "stages": [
      {
        "img": "images/chest6g.png",
        "codes": "firechest"
      },
      {
        "img": "images/chest5.png"
      },
      {
        "img": "images/chest4.png"
      },
      {
        "img": "images/chest3.png"
      },
      {
        "img": "images/chest2.png"
      },
      {
        "img": "images/chest1.png"
      },
      {
        "img": "images/chest0.png",
        "img_mods": "@disabled"
      }
    ]
  },
  // Water Chests
  {
    "name": "Water Chests",
    "capturable": false,
    "loop": "true",
    "allow_disabled": "false",
    "type": "progressive",
    "stages": [
      {
        "img": "images/chest4g.png",
        "codes": "waterchest"
      },
      {
        "img": "images/chest3.png"
      },
      {
        "img": "images/chest2.png"
      },
      {
        "img": "images/chest1.png"
      },
      {
        "img": "images/chest0.png",
        "img_mods": "@disabled"
      }
    ]
  },
  // Spirit Chests
  {
    "name": "Spirit Chests",
    "capturable": false,
    "loop": "true",
    "allow_disabled": "false",
    "type": "progressive",
    "stages": [
      {
        "img": "images/chest14g.png",
        "codes": "spiritchest"
      },
      {
        "img": "images/chest13.png"
      },
      {
        "img": "images/chest12.png"
      },
      {
        "img": "images/chest11.png"
      },
      {
        "img": "images/chest10.png"
      },
      {
        "img": "images/chest9.png"
      },
      {
        "img": "images/chest8.png"
      },
      {
        "img": "images/chest7.png"
      },
      {
        "img": "images/chest6.png"
      },
      {
        "img": "images/chest5.png"
      },
      {
        "img": "images/chest4.png"
      },
      {
        "img": "images/chest3.png"
      },
      {
        "img": "images/chest2.png"
      },
      {
        "img": "images/chest1.png"
      },
      {
        "img": "images/chest0.png",
        "img_mods": "@disabled"
      }
    ]
  },
  // Shadow Chests
  {
    "name": "Shadow Chests",
    "capturable": false,
    "loop": "true",
    "allow_disabled": "false",
    "type": "progressive",
    "stages": [
      {
        "img": "images/chest12g.png",
        "codes": "shadowchest"
      },
      {
        "img": "images/chest11.png"
      },
      {
        "img": "images/chest10.png"
      },
      {
        "img": "images/chest9.png"
      },
      {
        "img": "images/chest8.png"
      },
      {
        "img": "images/chest7.png"
      },
      {
        "img": "images/chest6.png"
      },
      {
        "img": "images/chest5.png"
      },
      {
        "img": "images/chest4.png"
      },
      {
        "img": "images/chest3.png"
      },
      {
        "img": "images/chest2.png"
      },
      {
        "img": "images/chest1.png"
      },
      {
        "img": "images/chest0.png",
        "img_mods": "@disabled"
      }
    ]
  }
]