﻿[
  // Bow
  {
    "name": "Bow",
    "type": "toggle",
    "loop": "true",
    "img": "images/0048.png",
    "codes": "bow"
  },
  // Silver Arrows
  {
    "name": "Silvers",
    "type": "toggle",
    "loop": "true",
    "img": "images/silver_arrow.png",
    "codes": "silverarrows,silvers"
  },
  // Bow + Silvers
  {
    "name": "Bow and Silvers",
    "type": "composite_toggle",
    "codes": "bowandsilvers",
    "item_left": "bow",
    "item_right": "silvers",
    "images": [
      {
        "left": false,
        "right": false,
        "img": "images/0048.png",
        "img_mods": "@disabled"
      },
      {
        "left": true,
        "right": false,
        "img": "images/0048.png"
      },
      {
        "left": false,
        "right": true,
        "img": "images/silver_arrow.png"
      },
      {
        "left": true,
        "right": true,
        "img": "images/0049.png"
      }
    ]
  },
  // BlueBoom
  {
    "name": "Blue Boomerang",
    "type": "toggle",
    "loop": "true",
    "img": "images/0001.png",
    "codes": "blueboomerang, boomerang, boom, bboom, blueboom"
  },
  // RedBoom
  {
    "name": "Red Boomerang",
    "type": "toggle",
    "loop": "true",
    "img": "images/0037.png",
    "codes": "redboomerang, rboom, redboom"
  },
  // Boomerangs
  {
    "name": "Booms",
    "type": "composite_toggle",
    "codes": "bothbooms",
    "item_left": "blueboom",
    "item_right": "redboom",
    "images": [
      {
        "left": false,
        "right": false,
        "img": "images/doubleboomoff.png"
      },
      {
        "left": true,
        "right": false,
        "img": "images/0001.png"
      },
      {
        "left": false,
        "right": true,
        "img": "images/0037.png"
      },
      {
        "left": true,
        "right": true,
        "img": "images/doubleboom.png"
      }
    ]
  },
  // Hookshot
  {
    "name": "Hookshot",
    "type": "toggle",
    "loop": "true",
    "img": "images/0002.png",
    "codes": "hookshot,hs"
  },
  // Powder
  {
    "name": "Powder",
    "type": "toggle",
    "loop": "true",
    "img": "images/0046.png",
    "codes": "powder, dust"
  },
  //Bat
  {
    "name": "Magic Bat",
    "type": "toggle_badged",
    "base_item": "powder",
    "img": "images/checkmark.png",
    "codes": "bat"
  },
  // Mushroom
  {
    "name": "Mushroom",
    "type": "toggle",
    "loop": "true",
    "img": "images/0004.png",
    "codes": "mushroom, mush, shroom, drugs"
  },
  //Witch
  {
    "name": "Witch",
    "type": "toggle_badged",
    "base_item": "mush",
    "img": "images/checkmark.png",
    "codes": "witch"
  },
  // Fire Rod
  {
    "name": "Fire Rod",
    "type": "toggle",
    "loop": "true",
    "img": "images/0005.png",
    "codes": "firerod, frod"
  },
  // Ice Rod
  {
    "name": "Ice Rod",
    "type": "toggle",
    "loop": "true",
    "img": "images/0006.png",
    "codes": "icerod, irod"
  },

  // Bombos
  {
    "name": "Bombos",
    "type": "progressive_toggle",
    "stages": [
      {
        "img": "images/0007.png",
        "codes": "bombos",
        "secondary_codes": "blank, 0, nomed"
      },
      {
        "img": "images/0117.png",
        "codes": "bombos",
        "secondary_codes": "mm, mire"
      },
      {
        "img": "images/0120.png",
        "codes": "bombos",
        "secondary_codes": "tr, T rock, trock"
      },
      {
        "img": "images/0123.png",
        "codes": "bombos",
        "secondary_codes": "2, both"
      }
    ]
  },
  // Ether
  {
    "name": "Ether",
    "type": "progressive_toggle",
    "stages": [
      {
        "img": "images/0008.png",
        "codes": "ether",
        "secondary_codes": "blank, 0, nomed"
      },
      {
        "img": "images/0118.png",
        "codes": "ether",
        "secondary_codes": "mm, mire"
      },
      {
        "img": "images/0121.png",
        "codes": "ether",
        "secondary_codes": "tr, T rock, trock"
      },
      {
        "img": "images/0124.png",
        "codes": "ether",
        "secondary_codes": "2, both"
      }
    ]
  },
  // Quake
  {
    "name": "Quake",
    "type": "progressive_toggle",
    "stages": [
      {
        "img": "images/0009.png",
        "codes": "quake",
        "secondary_codes": "blank, 0, nomed"
      },
      {
        "img": "images/0119.png",
        "codes": "quake",
        "secondary_codes": "mm, mire"
      },
      {
        "img": "images/0122.png",
        "codes": "quake",
        "secondary_codes": "tr, T rock, trock"
      },
      {
        "img": "images/0125.png",
        "codes": "quake",
        "secondary_codes": "2, both"
      }
    ]
  },

  // Shovel
  {
    "name": "Shovel",
    "type": "toggle",
    "loop": "true",
    "img": "images/0012.png",
    "codes": "shovel"
  },

  //Digspot
  {
    "name": "Sick Kid",
    "type": "toggle_badged",
    "base_item": "shovel",
    "img": "images/checkmark.png",
    "codes": "digspot"
  },

  // Lamp
  {
    "name": "Lamp",
    "type": "toggle",
    "loop": "true",
    "img": "images/0010.png",
    "codes": "lamp, lantern"
  },
  // Hammer
  {
    "name": "Hammer",
    "type": "toggle",
    "loop": "true",
    "img": "images/0011.png",
    "codes": "hammer"
  },
  // Ocarina
  {
    "name": "Flute",
    "type": "toggle",
    "loop": "true",
    "img": "images/0047.png",
    "codes": "flute,ocarina"
  },
  //Duck
  {
    "name": "Duck",
    "type": "toggle_badged",
    "base_item": "flute",
    "img": "images/checkmark.png",
    "codes": "duck"
  },
  // Bug Catching Net
  {
    "name": "Bug Net",
    "type": "toggle",
    "loop": "true",
    "img": "images/0013.png",
    "codes": "net, bugnet"
  },
  // Book of Mudora
  {
    "name": "Book",
    "type": "toggle",
    "loop": "true",
    "img": "images/0014.png",
    "codes": "book"
  },
  // Moon Pearl
  {
    "name": "Moon Pearl",
    "type": "toggle",
    "loop": "true",
    "img": "images/0022.png",
    "codes": "pearl,moonpearl"
  },

  // Bottles
  {
    "name": "Bottle",
    "type": "progressive",
    "loop": true,
    "allow_disabled": "false",
    "stages": [
      {
        "img": "images/0026.png",
        "img_mods": "@disabled"
      },
      {
        "img": "images/0070.png",
        "codes": "bottle"
      },
      {
        "img": "images/0071.png"
      },
      {
        "img": "images/0072.png"
      },
      {
        "img": "images/0073.png"
      }
    ]
  },

  // Sick Kid
  {
    "name": "Sick Kid",
    "type": "toggle_badged",
    "base_item": "bottle",
    "img": "images/checkmark.png",
    "codes": "sickkid"
  },

  // Somaria
  {
    "name": "Cane of Somaria",
    "type": "toggle",
    "loop": "true",
    "img": "images/0015.png",
    "codes": "somaria,redcane"
  },
  // Cane of Byrna
  {
    "name": "Cane of Byrna",
    "type": "toggle",
    "loop": "true",
    "img": "images/0016.png",
    "codes": "byrna,bluecane"
  },
  // Magic Cape
  {
    "name": "Cape",
    "type": "toggle",
    "loop": "true",
    "img": "images/0017.png",
    "codes": "cape"
  },
  // Mirror
  {
    "name": "Mirror",
    "type": "toggle",
    "loop": "true",
    "img": "images/0018.png",
    "codes": "mirror"
  },

  // Go-Mode
  {
    "name": "Go Mode",
    "capturable": false,
    "type": "toggle",
    "loop": "true",
    "img": "images/0062.png",
    "codes": "gomode"
  },
  // Agahnim
  {
    "name": "Agahnim",
    "type": "toggle",
    "loop": "true",
    "img": "images/aga1.png",
    "codes": "aga, aga1"
  },
  // Agahnim 2
  {
    "name": "Agahnim 2",
    "type": "toggle",
    "loop": "true",
    "img": "images/aga2.png",
    "codes": "aga2"
  },
  // Agahnims
  {
    "name": "Agahnims",
    "type": "composite_toggle",
    "codes": "agahnims",
    "item_left": "aga1",
    "item_right": "aga2",
    "images": [
      {
        "left": false,
        "right": false,
        "img": "images/0055.png",
        "img_mods": "@disabled"
      },
      {
        "left": true,
        "right": false,
        "img": "images/aga1.png"
      },
      {
        "left": false,
        "right": true,
        "img": "images/aga2.png"
      },
      {
        "left": true,
        "right": true,
        "img": "images/0055.png"
      }
    ]
  },

  // Progressive Gloves
  {
    "name": "Gloves",
    "type": "progressive",
    "stages": [
      {
        "img": "images/0019.png",
        "codes": "gloves,lift1",
        "secondary codes": "gloves"
      },
      {
        "img": "images/0043.png",
        "codes": "mitts,lift2",
        "secondary codes": "mitts"
      }
    ]
  },
  // Boots
  {
    "name": "Boots",
    "type": "toggle",
    "loop": "true",
    "img": "images/0020.png",
    "codes": "boots, pegasus"
  },
  // Flippers
  {
    "name": "Flippers",
    "type": "toggle",
    "loop": "true",
    "img": "images/0021.png",
    "codes": "flippers"
  },
  // Half-Magic
  {
    "name": "Half Magic",
    "type": "toggle",
    "loop": "true",
    "img": "images/0064.png",
    "codes": "halfmagic"
  },
  // Progressive Swords
  {
    "name": "Sword",
    "type": "progressive",
    "stages": [
      {
        "img": "images/0023.png",
        "codes": "sword, sword1, fs",
        "secondary_codes": "fighter, fighter sword, level 1"
      },
      {
        "img": "images/0038.png",
        "codes": "sword, sword2, ms",
        "secondary_codes": "master, master sword, level 2"
      },
      {
        "img": "images/0039.png",
        "codes": "sword, sword3, tempered",
        "secondary_codes": "tempered, tempered sword, level 3"
      },
      {
        "img": "images/0040.png",
        "codes": "sword, sword4, butter",
        "secondary_codes": "gold, gold sword, level 4, butter, butter sword"
      }
    ]
  },
  // HeartPieceCounter
  {
    "name": "Heart Piece",
    "type": "progressive",
    "loop": "true",
    "allow_disabled": "false",
    "stages": [
      {
        "img": "images/0066.png",
        "codes": "heart, heartpiece, hp, hp0",
        "img_mods": "@disabled",
        "secondary_codes": "empty, 0, none"
      },
      {
        "img": "images/0067.png",
        "codes": "heart, heartpiece, hp, hp1",
        "secondary_codes": "1, quarter"
      },
      {
        "img": "images/0068.png",
        "codes": "heart, heartpiece, hp, hp2",
        "secondary_codes": "2, half"
      },
      {
        "img": "images/0069.png",
        "codes": "heart, heartpiece, hp, hp3",
        "secondary_codes": "3, three quarters"
      }
    ]
  },
  // Progressive Shields
  {
    "name": "Shield",
    "type": "progressive",
    "stages": [
      {
        "img": "images/0024.png",
        "codes": "shield1, shield",
        "secondary_codes": "fighter shield, fighter, level 1"
      },
      {
        "img": "images/0044.png",
        "codes": "shield2, redshield",
        "secondary_codes": "red shield, red, level 2"
      },
      {
        "img": "images/0045.png",
        "codes": "shield3, mirrorshield",
        "secondary_codes": "mirror shield, mirror, level 3"
      }
    ]
  },
  // Progressive Mail
  {
    "name": "Mail",
    "type": "progressive",
    "allow_disabled": false,
    "stages": [
      {
        "img": "images/0025.png",
        "codes": "armor, armor1, greenmail",
        "secondary_codes": "green mail, green"
      },
      {
        "img": "images/0041.png",
        "codes": "armor2, bluemail",
        "secondary_codes": "blue mail, blue"
      },
      {
        "img": "images/0042.png",
        "codes": "armor3, redmail",
        "secondary_codes": "red mail, red"
      }
    ]
  },

  // Eastern Palace
  {
    "name": "Eastern Palace",
    "type": "progressive_toggle",
    "capturable": false,
    "stages": [
      {
        "img": "images/EPsmall.png",
        "codes": "eastern, armos, ep, easternpalace, crystal, c",
        "img_mods": "overlay|images/uSmall.png",
        "secondary_codes": "unknown, blank"
      },
      {
        "img": "images/EPsmall.png",
        "codes": "eastern, armos, ep, easternpalace, crystal, c",
        "img_mods": "overlay|images/cSmall.png",
        "secondary_codes": "crystal"
      },
      {
        "img": "images/EPsmall.png",
        "codes": "eastern, armos, ep, easternpalace, crystal56, redcrystal, c+",
        "img_mods": "overlay|images/rcSmall.png",
        "disabled_img": "images/noEPsmall.png",
        "disabled_img_mods": "overlay|images/norcSmall.png",
        "secondary_codes": "crystal five six, red crystal, fairy crystal"
      },
      {
        "img": "images/EPsmall.png",
        "codes": "eastern, armos, ep, easternpalace, pendant, p",
        "img_mods": "overlay|images/pSmall.png",
        "secondary_codes": "pendant, red pendant, blue pendant"
      },
      {
        "img": "images/EPsmall.png",
        "codes": "eastern, armos, ep, easternpalace, greenpendant, gp, p+",
        "img_mods": "overlay|images/gpSmall.png",
        "disabled_img": "images/noEPsmall.png",
        "disabled_img_mods": "overlay|images/nogpSmall.png",
        "secondary_codes": "green pendant"
      }
    ]
  },

  // Desert Palace
  {
    "name": "Desert Palace",
    "capturable": false,
    "type": "progressive_toggle",
    "stages": [
      {
        "img": "images/DPsmall.png",
        "codes": "desertpalace, lanmolas, molas, desert, dp, crystal, c",
        "img_mods": "overlay|images/uSmall.png",
        "secondary_codes": "unknown, blank"
      },
      {
        "img": "images/DPsmall.png",
        "codes": "desertpalace, lanmolas, molas, desert, dp, crystal, c",
        "img_mods": "overlay|images/cSmall.png",
        "secondary_codes": "crystal"
      },
      {
        "img": "images/DPsmall.png",
        "codes": "desertpalace, lanmolas, molas, desert, dp, crystal56, redcrystal, c+",
        "img_mods": "overlay|images/rcSmall.png",
        "disabled_img": "images/noDPsmall.png",
        "disabled_img_mods": "overlay|images/norcSmall.png",
        "secondary_codes": "crystal five six, red crystal, fairy crystal"
      },
      {
        "img": "images/DPsmall.png",
        "codes": "desertpalace, lanmolas, molas, desert, dp, pendant, p",
        "img_mods": "overlay|images/pSmall.png",
        "secondary_codes": "pendant, red pendant, blue pendant"
      },
      {
        "img": "images/DPsmall.png",
        "codes": "desertpalace, lanmolas, molas, desert, dp, greenpendant, gp, p+",
        "img_mods": "overlay|images/gpSmall.png",
        "disabled_img": "images/noDPsmall.png",
        "disabled_img_mods": "overlay|images/nogpSmall.png",
        "secondary_codes": "green pendant"
      }
    ]
  },

  // Tower of Hera
  {
    "name": "Tower of Hera",
    "capturable": false,
    "type": "progressive_toggle",
    "stages": [
      {
        "img": "images/THsmall.png",
        "codes": "towerofhera, moldorm, moldy, toh, hera, crystal, c",
        "img_mods": "overlay|images/uSmall.png",
        "secondary_codes": "unknown, blank"
      },
      {
        "img": "images/THsmall.png",
        "codes": "towerofhera, moldorm, moldy, toh, hera, crystal, c",
        "img_mods": "overlay|images/cSmall.png",
        "secondary_codes": "crystal"
      },
      {
        "img": "images/THsmall.png",
        "codes": "towerofhera, moldorm, moldy, toh, hera, crystal56, redcrystal, c+",
        "img_mods": "overlay|images/rcSmall.png",
        "disabled_img": "images/noTHsmall.png",
        "disabled_img_mods": "overlay|images/norcSmall.png",
        "secondary_codes": "crystal five six, red crystal, fairy crystal"
      },
      {
        "img": "images/THsmall.png",
        "codes": "towerofhera, moldorm, moldy, toh, hera, pendant, p",
        "img_mods": "overlay|images/pSmall.png",
        "secondary_codes": "pendant, red pendant, blue pendant"
      },
      {
        "img": "images/THsmall.png",
        "codes": "towerofhera, moldorm, moldy, toh, hera, greenpendant, gp, p+",
        "img_mods": "overlay|images/gpSmall.png",
        "disabled_img": "images/noTHsmall.png",
        "disabled_img_mods": "overlay|images/nogpSmall.png",
        "secondary_codes": "green pendant"
      }
    ]
  },

  // Palace of Darkness
  {
    "name": "Palace of Darkness",
    "capturable": false,
    "type": "progressive_toggle",
    "stages": [
      {
        "img": "images/PDsmall.png",
        "codes": "palaceofdarkness, helma, helmasaur, pod, darkness, crystal, c",
        "img_mods": "overlay|images/uSmall.png",
        "secondary_codes": "unknown, blank"
      },
      {
        "img": "images/PDsmall.png",
        "codes": "palaceofdarkness, helma, helmasaur, pod, darkness, crystal, c",
        "img_mods": "overlay|images/cSmall.png",
        "secondary_codes": "crystal"
      },
      {
        "img": "images/PDsmall.png",
        "codes": "palaceofdarkness, helma, helmasaur, pod, darkness, crystal56, redcrystal, c+",
        "img_mods": "overlay|images/rcSmall.png",
        "disabled_img": "images/noPDsmall.png",
        "disabled_img_mods": "overlay|images/norcSmall.png",
        "secondary_codes": "crystal five six, red crystal, fairy crystal"
      },
      {
        "img": "images/PDsmall.png",
        "codes": "palaceofdarkness, helma, helmasaur, pod, darkness, pendant, p",
        "img_mods": "overlay|images/pSmall.png",
        "secondary_codes": "pendant, red pendant, blue pendant"
      },
      {
        "img": "images/PDsmall.png",
        "codes": "palaceofdarkness, helma, helmasaur, pod, darkness, greenpendant, gp, p+",
        "img_mods": "overlay|images/gpSmall.png",
        "disabled_img": "images/noPDsmall.png",
        "disabled_img_mods": "overlay|images/nogpSmall.png",
        "secondary_codes": "green pendant"
      }
    ]
  },

  // Swamp Palace
  {
    "name": "Swamp Palace",
    "capturable": false,
    "type": "progressive_toggle",
    "stages": [
      {
        "img": "images/SPsmall.png",
        "codes": "swamppalace, swamp, sp, arrghus, crystal, c",
        "img_mods": "overlay|images/uSmall.png",
        "secondary_codes": "unknown, blank"
      },
      {
        "img": "images/SPsmall.png",
        "codes": "swamppalace, swamp, sp, arrghus, crystal, c",
        "img_mods": "overlay|images/cSmall.png",
        "secondary_codes": "crystal"
      },
      {
        "img": "images/SPsmall.png",
        "codes": "swamppalace, swamp, sp, arrghus, crystal56, redcrystal, c+",
        "img_mods": "overlay|images/rcSmall.png",
        "disabled_img": "images/noSPsmall.png",
        "disabled_img_mods": "overlay|images/norcSmall.png",
        "secondary_codes": "crystal five six, red crystal, fairy crystal"
      },
      {
        "img": "images/SPsmall.png",
        "codes": "swamppalace, swamp, sp, arrghus, pendant, p",
        "img_mods": "overlay|images/pSmall.png",
        "secondary_codes": "pendant, red pendant, blue pendant"
      },
      {
        "img": "images/SPsmall.png",
        "codes": "swamppalace, swamp, sp, arrghus, greenpendant, gp, p+",
        "img_mods": "overlay|images/gpSmall.png",
        "disabled_img": "images/noSPsmall.png",
        "disabled_img_mods": "overlay|images/nogpSmall.png",
        "secondary_codes": "green pendant"
      }
    ]
  },

  // Skull Woods
  {
    "name": "Skull Woods",
    "capturable": false,
    "type": "progressive_toggle",
    "stages": [
      {
        "img": "images/SWsmall.png",
        "codes": "skullwoods, skull, sw, moth, mothula, crystal, c",
        "img_mods": "overlay|images/uSmall.png",
        "secondary_codes": "unknown, blank"
      },
      {
        "img": "images/SWsmall.png",
        "codes": "skullwoods, skull, sw, moth, mothula, crystal, c",
        "img_mods": "overlay|images/cSmall.png",
        "secondary_codes": "crystal"
      },
      {
        "img": "images/SWsmall.png",
        "codes": "skullwoods, skull, sw, moth, mothula, crystal56, redcrystal, c+",
        "img_mods": "overlay|images/rcSmall.png",
        "disabled_img": "images/noSWsmall.png",
        "disabled_img_mods": "overlay|images/norcSmall.png",
        "secondary_codes": "crystal five six, red crystal, fairy crystal"
      },
      {
        "img": "images/SWsmall.png",
        "codes": "skullwoods, skull, sw, moth, mothula, pendant, p",
        "img_mods": "overlay|images/pSmall.png",
        "secondary_codes": "pendant, red pendant, blue pendant"
      },
      {
        "img": "images/SWsmall.png",
        "codes": "skullwoods, skull, sw, moth, mothula, greenpendant, gp, p+",
        "img_mods": "overlay|images/gpSmall.png",
        "disabled_img": "images/noSWsmall.png",
        "disabled_img_mods": "overlay|images/nogpSmall.png",
        "secondary_codes": "green pendant"
      }
    ]
  },

  // Thieve's Town
  {
    "name": "Thieves Town",
    "capturable": false,
    "type": "progressive_toggle",
    "stages": [
      {
        "img": "images/TTsmall.png",
        "codes": "thievestown, thieves, blind, tt, crystal, c",
        "img_mods": "overlay|images/uSmall.png",
        "secondary_codes": "unknown, blank"
      },
      {
        "img": "images/TTsmall.png",
        "codes": "thievestown, thieves, blind, tt, crystal, c",
        "img_mods": "overlay|images/cSmall.png",
        "secondary_codes": "crystal"
      },
      {
        "img": "images/TTsmall.png",
        "codes": "thievestown, thieves, blind, tt, crystal56, redcrystal, c+",
        "img_mods": "overlay|images/rcSmall.png",
        "disabled_img": "images/noTTsmall.png",
        "disabled_img_mods": "overlay|images/norcSmall.png",
        "secondary_codes": "crystal five six, red crystal, fairy crystal"
      },
      {
        "img": "images/TTsmall.png",
        "codes": "thievestown, thieves, blind, tt, pendant, p",
        "img_mods": "overlay|images/pSmall.png",
        "secondary_codes": "pendant, red pendant, blue pendant"
      },
      {
        "img": "images/TTsmall.png",
        "codes": "thievestown, thieves, blind, tt, greenpendant, gp, p+",
        "img_mods": "overlay|images/gpSmall.png",
        "disabled_img": "images/noTTsmall.png",
        "disabled_img_mods": "overlay|images/nogpSmall.png",
        "secondary_codes": "green pendant"
      }
    ]
  },

  // Ice Palace
  {
    "name": "Ice Palace",
    "capturable": false,
    "type": "progressive_toggle",
    "stages": [
      {
        "img": "images/IPsmall.png",
        "codes": "icepalace, ip, ice, khold, kholdstare, crystal, c",
        "img_mods": "overlay|images/uSmall.png",
        "secondary_codes": "unknown, blank"
      },
      {
        "img": "images/IPsmall.png",
        "codes": "icepalace, ip, ice, khold, kholdstare, crystal, c",
        "img_mods": "overlay|images/cSmall.png",
        "secondary_codes": "crystal"
      },
      {
        "img": "images/IPsmall.png",
        "codes": "icepalace, ip, ice, khold, kholdstare, crystal56, redcrystal, c+",
        "img_mods": "overlay|images/rcSmall.png",
        "disabled_img": "images/noIPsmall.png",
        "disabled_img_mods": "overlay|images/norcSmall.png",
        "secondary_codes": "crystal five six, red crystal, fairy crystal"
      },
      {
        "img": "images/IPsmall.png",
        "codes": "icepalace, ip, ice, khold, kholdstare, pendant, p",
        "img_mods": "overlay|images/pSmall.png",
        "secondary_codes": "pendant, red pendant, blue pendant"
      },
      {
        "img": "images/IPsmall.png",
        "codes": "icepalace, ip, ice, khold, kholdstare, greenpendant, gp, p+",
        "img_mods": "overlay|images/gpSmall.png",
        "disabled_img": "images/noIPsmall.png",
        "disabled_img_mods": "overlay|images/nogpSmall.png",
        "secondary_codes": "green pendant"
      }
    ]
  },

  // Misery Mire
  {
    "name": "Misery Mire",
    "capturable": false,
    "type": "progressive_toggle",
    "stages": [
      {
        "img": "images/MMsmall.png",
        "codes": "miserymire, mire, mm, vitty, vitreous, crystal, c",
        "img_mods": "overlay|images/uSmall.png",
        "secondary_codes": "unknown, blank"
      },
      {
        "img": "images/MMsmall.png",
        "codes": "miserymire, mire, mm, vitty, vitreous, crystal, c",
        "img_mods": "overlay|images/cSmall.png",
        "secondary_codes": "crystal"
      },
      {
        "img": "images/MMsmall.png",
        "codes": "miserymire, mire, mm, vitty, vitreous, crystal56, redcrystal, c+",
        "img_mods": "overlay|images/rcSmall.png",
        "disabled_img": "images/noMMsmall.png",
        "disabled_img_mods": "overlay|images/norcSmall.png",
        "secondary_codes": "crystal five six, red crystal, fairy crystal"
      },
      {
        "img": "images/MMsmall.png",
        "codes": "miserymire, mire, mm, vitty, vitreous, pendant, p",
        "img_mods": "overlay|images/pSmall.png",
        "secondary_codes": "pendant, red pendant, blue pendant"
      },
      {
        "img": "images/MMsmall.png",
        "codes": "miserymire, mire, mm, vitty, vitreous, greenpendant, gp, p+",
        "img_mods": "overlay|images/gpSmall.png",
        "disabled_img": "images/noMMsmall.png",
        "disabled_img_mods": "overlay|images/nogpSmall.png",
        "secondary_codes": "green pendant"
      }
    ]
  },

  // Turtle Rock
  {
    "name": "Turtle Rock",
    "capturable": false,
    "type": "progressive_toggle",
    "stages": [
      {
        "img": "images/TRsmall.png",
        "codes": "turtlerock, tr, trock, trinexx, crystal, c",
        "img_mods": "overlay|images/uSmall.png",
        "secondary_codes": "unknown, blank"
      },
      {
        "img": "images/TRsmall.png",
        "codes": "turtlerock, tr, trock, trinexx, crystal, c",
        "img_mods": "overlay|images/cSmall.png",
        "secondary_codes": "crystal"
      },
      {
        "img": "images/TRsmall.png",
        "codes": "turtlerock, tr, trock, trinexx, crystal56, redcrystal, c+",
        "img_mods": "overlay|images/rcSmall.png",
        "disabled_img": "images/noTRsmall.png",
        "disabled_img_mods": "overlay|images/norcSmall.png",
        "secondary_codes": "crystal five six, red crystal, fairy crystal"
      },
      {
        "img": "images/TRsmall.png",
        "codes": "turtlerock, tr, trock, trinexx, pendant, p",
        "img_mods": "overlay|images/pSmall.png",
        "secondary_codes": "pendant, red pendant, blue pendant"
      },
      {
        "img": "images/TRsmall.png",
        "codes": "turtlerock, tr, trock, trinexx, greenpendant, gp, p+",
        "img_mods": "overlay|images/gpSmall.png",
        "disabled_img": "images/noTRsmall.png",
        "disabled_img_mods": "overlay|images/nogpSmall.png",
        "secondary_codes": "green pendant"
      }
    ]
  },

  // Small Keys
  {
    "name": "Desert Small Key",
    "type": "progressive",
    "allow_disabled": "false",
    "stages": [
      {
        "img": "images/0.png",
        "img_mods": "@disabled"
      },
      {
        "img": "images/1G.png",
        "codes": "dpsk, dpsmall, desertsmall, desertkey, desertsk, dpkey",
        "secondary_codes": "1, max, all"
      }
    ]
  },
  {
    "name": "Hera Small Key",
    "type": "progressive",
    "allow_disabled": "false",
    "stages": [
      {
        "img": "images/0.png",
        "img_mods": "@disabled"
      },
      {
        "img": "images/1G.png",
        "codes": "tohsk, tohsmall, tohkey, herasmall, herakey, herask",
        "secondary_codes": "1, max, all"
      }
    ]
  },
  {
    "name": "Pod Small Key",
    "type": "progressive",
    "allow_disabled": "false",
    "stages": [
      {
        "img": "images/0.png",
        "img_mods": "@disabled"
      },
      {
        "img": "images/1.png",
        "codes": "podsk, podsmall, podkey, darknesssk, darknesssmall, darknesskey",
        "secondary_codes": "1"
      },
      {
        "img": "images/2.png",
        "secondary_codes": "2"
      },
      {
        "img": "images/3.png",
        "secondary_codes": "3"
      },
      {
        "img": "images/4.png",
        "secondary_codes": "4"
      },
      {
        "img": "images/5.png",
        "secondary_codes": "5"
      },
      {
        "img": "images/6G.png",
        "secondary_codes": "6, max, all"
      }
    ]
  },
  {
    "name": "Swamp Small Key",
    "type": "progressive",
    "allow_disabled": "false",
    "stages": [
      {
        "img": "images/0.png",
        "img_mods": "@disabled"
      },
      {
        "img": "images/1G.png",
        "codes": "spsk, spkey, spsmall, swampsmall, swampkey, swampsk",
        "secondary_codes": "1, max, all"
      }
    ]
  },
  {
    "name": "Skull Small Key",
    "type": "progressive",
    "allow_disabled": "false",
    "stages": [
      {
        "img": "images/0.png",
        "img_mods": "@disabled"
      },
      {
        "img": "images/1.png",
        "codes": "swsk, swsmall, swkey, skullsmall, skullsk, skullkey",
        "secondary_codes": "1"
      },
      {
        "img": "images/2.png",
        "secondary_codes": "2"
      },
      {
        "img": "images/3G.png",
        "secondary_codes": "3, max, all"
      }
    ]
  },
  {
    "name": "Thieves Small Key",
    "type": "progressive",
    "allow_disabled": "false",
    "stages": [
      {
        "img": "images/0.png",
        "img_mods": "@disabled"
      },
      {
        "img": "images/1G.png",
        "codes": "ttsk, ttsmall, ttkey, thieveskey, thievessk, thievessmall",
        "secondary_codes": "1, max, all"
      }
    ]
  },
  {
    "name": "Ice Palace Small Key",
    "type": "progressive",
    "allow_disabled": "false",
    "stages": [
      {
        "img": "images/0.png",
        "img_mods": "@disabled"
      },
      {
        "img": "images/1.png",
        "codes": "ipsk, ipsmall, ipkey, icesmall, icekey, icesk",
        "secondary_codes": "1"
      },
      {
        "img": "images/2G.png",
        "secondary_codes": "2, max, all"
      }
    ]
  },
  {
    "name": "Mire Small Key",
    "type": "progressive",
    "allow_disabled": "false",
    "stages": [
      {
        "img": "images/0.png",
        "img_mods": "@disabled"
      },
      {
        "img": "images/1.png",
        "codes": "mmsk, mmkey, mmsmall, mirekey, miresmall, miresk",
        "secondary_codes": "1"
      },
      {
        "img": "images/2.png",
        "secondary_codes": "2"
      },
      {
        "img": "images/3G.png",
        "secondary_codes": "3. max, all"
      }
    ]
  },
  {
    "name": "T Rock Small Key",
    "type": "progressive",
    "allow_disabled": "false",
    "stages": [
      {
        "img": "images/0.png",
        "img_mods": "@disabled"
      },
      {
        "img": "images/1.png",
        "codes": "trsk, trkey, trsmall, trocksmall, trockkey, trocksk",
        "secondary_codes": "1"
      },
      {
        "img": "images/2.png",
        "secondary_codes": "2"
      },
      {
        "img": "images/3.png",
        "secondary_codes": "3"
      },
      {
        "img": "images/4G.png",
        "secondary_codes": "4, max, all"
      }
    ]
  },
  {
    "name": "Hyrule Small Key",
    "type": "progressive",
    "allow_disabled": "false",
    "stages": [
      {
        "img": "images/0.png",
        "img_mods": "@disabled"
      },
      {
        "img": "images/1G.png",
        "codes": "hcsk, hckey, hcsmall, castlesmall, castlekey, castlesk",
        "secondary_codes": "1, max, all"
      }
    ]
  },
  {
    "name": "Aga Tower Small Key",
    "type": "progressive",
    "allow_disabled": "false",
    "stages": [
      {
        "img": "images/0.png",
        "img_mods": "@disabled"
      },
      {
        "img": "images/1.png",
        "codes": "atsk, atkey, atsmall, towersmall, towerkey, towersk",
        "secondary_codes": "1"
      },
      {
        "img": "images/2G.png",
        "secondary_codes": "2, max, all"
      }
    ]
  },
  {
    "name": "G T Small Key",
    "type": "progressive",
    "allow_disabled": "false",
    "stages": [
      {
        "img": "images/0.png",
        "img_mods": "@disabled"
      },
      {
        "img": "images/1.png",
        "codes": "gtsk, gtkey, gtsmall, ganonsmall, ganonkey, ganonsk",
        "secondary_codes": "1"
      },
      {
        "img": "images/2.png",
        "secondary_codes": "2"
      },
      {
        "img": "images/3.png",
        "secondary_codes": "3"
      },
      {
        "img": "images/4G.png",
        "secondary_codes": "4, max, all"
      }
    ]
  },

  // Big Keys
  {
    "name": "Eastern Big Key",
    "type": "toggle",
    "loop": "true",
    "img": "images/BigKey.png",
    "codes": "epbk, epbig, epbigkey, easternbig, easternbk, easternbigkey"
  },
  {
    "name": "Desert Big Key",
    "type": "toggle",
    "loop": "true",
    "img": "images/BigKey.png",
    "codes": "dpbk, dpbig, dpbigkey, desertbig, desertbigkey, desertbk"
  },
  {
    "name": "Hera Big Key",
    "type": "toggle",
    "loop": "true",
    "img": "images/BigKey.png",
    "codes": "tohbk, tohbig, tohbigkey, herabig, herabigkey, herabk"
  },
  {
    "name": "Pod Big Key",
    "type": "toggle",
    "loop": "true",
    "img": "images/BigKey.png",
    "codes": "podbk, podbig, podbigkey, darknessbk, darknessbig, darknessbigkey"
  },
  {
    "name": "Swamp Big Key",
    "type": "toggle",
    "loop": "true",
    "img": "images/BigKey.png",
    "codes": "spbk, spbig, spbigkey, swampbig, swampbigkey, swampbk"
  },
  {
    "name": "Skull Big Key",
    "type": "toggle",
    "loop": "true",
    "img": "images/BigKey.png",
    "codes": "swbk, swbig, swbigkey, skullbig, skullbigkey, skullbk"
  },
  {
    "name": "Thieves Big Key",
    "type": "toggle",
    "img": "images/BigKey.png",
    "codes": "ttbk, ttbig, ttbigkey, thievesbig, thievesbigkey, thievesbk"
  },
  {
    "name": "Ice Palace Big Key",
    "type": "toggle",
    "loop": "true",
    "img": "images/BigKey.png",
    "codes": "ipbk, ipbig, ipbigkey, icebig, icebigkey, icebk"
  },
  {
    "name": "Mire Big Key",
    "type": "toggle",
    "loop": "true",
    "img": "images/BigKey.png",
    "codes": "mmbk, mirebig, mirebigkey, mmbig, mmbigkey, mirebk"
  },
  {
    "name": "T Rock Big Key",
    "type": "toggle",
    "loop": "true",
    "img": "images/BigKey.png",
    "codes": "trbk, trbig, trbigkey, trockbig, trockbigkey, trockbk"
  },
  {
    "name": "G T Big Key",
    "type": "toggle",
    "loop": "true",
    "img": "images/BigKey.png",
    "codes": "gtbk, gtbig, gtbigkey, ganonbig, ganonbigkey, ganonbk"
  },

  // HC Label
  {
    "name": "Hyrule Castle",
    "type": "toggle",
    "loop": "true",
    "img": "images/HC.png",
    "codes": "hc, castle, hyrulecastle"
  },

  // AT Label
  {
    "name": "Aganhim's Tower",
    "type": "toggle",
    "loop": "true",
    "img": "images/AT.png",
    "codes": "at, agatower, agahnimstower"
  },

  // GT Label
  {
    "name": "Ganon's Tower",
    "type": "toggle",
    "loop": "true",
    "img": "images/GT.png",
    "codes": "gt, ganonstower, ganontower"
  },

  // GT Req
  {
    "name": "GT Requirement",
    "capturable": false,
    "type": "progressive",
    "allow_disabled": false,
    "loop": "true",
    "stages": [
      {
        "img": "images/GTSign.png",
        "img_mods": "overlay|images/overlayNA.png, @disabled",
        "codes": "GTReq",
        "secondary_codes": "GTReq, ?"
      },
      {
        "img": "images/GTSign.png",
        "codes": "GTReq, 0",
        "img_mods": "overlay|images/overlay0.png",
        "secondary_codes": "0"
      },
      {
        "img": "images/GTSign.png",
        "codes": "GTReq, 1",
        "img_mods": "overlay|images/overlay1.png",
        "secondary_codes": "1"
      },
      {
        "img": "images/GTSign.png",
        "codes": "GTReq, 2",
        "img_mods": "overlay|images/overlay2.png",
        "secondary_codes": "2"
      },
      {
        "img": "images/GTSign.png",
        "codes": "GTReq, 3",
        "img_mods": "overlay|images/overlay3.png",
        "secondary_codes": "3"
      },
      {
        "img": "images/GTSign.png",
        "codes": "GTReq, 4",
        "img_mods": "overlay|images/overlay4.png",
        "secondary_codes": "4"
      },
      {
        "img": "images/GTSign.png",
        "codes": "GTReq, 5",
        "img_mods": "overlay|images/overlay5.png",
        "secondary_codes": "5"
      },
      {
        "img": "images/GTSign.png",
        "codes": "GTReq, 6",
        "img_mods": "overlay|images/overlay6.png",
        "secondary_codes": "6"
      },
      {
        "img": "images/GTSign.png",
        "codes": "GTReq, 7",
        "img_mods": "overlay|images/overlay7.png",
        "secondary_codes": "7"
      }
    ]
  },

  // Ganon Req
  {
    "name": "Ganon Requirement",
    "capturable": false,
    "type": "progressive",
    "allow_disabled": false,
    "loop": "true",
    "stages": [
      {
        "img": "images/GanonSign.png",
        "img_mods": "overlay|images/overlayNA.png, @disabled",
        "codes": "GanonReq",
        "secondary_codes": "GTReq, ?"
      },
      {
        "img": "images/GanonSign.png",
        "codes": "GanonReq, 0",
        "img_mods": "overlay|images/overlay0.png",
        "secondary_codes": "0"
      },
      {
        "img": "images/GanonSign.png",
        "codes": "GanonReq, 1",
        "img_mods": "overlay|images/overlay1.png",
        "secondary_codes": "1"
      },
      {
        "img": "images/GanonSign.png",
        "codes": "GanonReq, 2",
        "img_mods": "overlay|images/overlay2.png",
        "secondary_codes": "2"
      },
      {
        "img": "images/GanonSign.png",
        "codes": "GanonReq, 3",
        "img_mods": "overlay|images/overlay3.png",
        "secondary_codes": "3"
      },
      {
        "img": "images/GanonSign.png",
        "codes": "GanonReq, 4",
        "img_mods": "overlay|images/overlay4.png",
        "secondary_codes": "4"
      },
      {
        "img": "images/GanonSign.png",
        "codes": "GanonReq, 5",
        "img_mods": "overlay|images/overlay5.png",
        "secondary_codes": "5"
      },
      {
        "img": "images/GanonSign.png",
        "codes": "GanonReq, 6",
        "img_mods": "overlay|images/overlay6.png",
        "secondary_codes": "6"
      },
      {
        "img": "images/GanonSign.png",
        "codes": "GanonReq, 7",
        "img_mods": "overlay|images/overlay7.png",
        "secondary_codes": "7"
      },
      {
        "img": "images/GanonSign.png",
        "codes": "GanonReq, ad",
        "img_mods": "overlay|images/overlayAD.png",
        "secondary_codes": "ad"
      },
      {
        "img": "images/GanonSign.png",
        "codes": "GanonReq, ped",
        "img_mods": "overlay|images/overlayPED.png",
        "secondary_codes": "ped"
      }
    ]
  }
]