﻿{
  "tracker_broadcast": {
    "background": "#000000",
    "type": "itemgrid",
    "h_alignment": "center",
    "item_margin": "1,1",
    "rows": [
      [ "bowandsilvers", "bothbooms", "hookshot", "witch", "bat", "boots", "easternpalace" ],
      [ "firerod", "icerod", "bombos", "ether", "quake", "lift1", "desertpalace" ],
      [ "lamp", "hammer", "pseudoflute", "digspot", "book", "flippers", "towerofhera" ],
      [ "sickkid", "somaria", "byrna", "cape", "mirror", "pearl", "sword" ],
      [ "palaceofdarkness", "swamppalace", "skullwoods", "thievestown", "icepalace", "miserymire", "turtlerock" ]
    ]
  }
}