﻿{
  "shared_item_grid": {
    "type": "array",
    "orientation": "vertical",
    "margin": "0,0",
    "content": [
      {
        "type": "itemgrid",
        "item_margin": "1,1",
        "h_alignment": "left",
        "item_height": 50,
        "item_width": 50,
        "rows": [
          [ "difficulty", "p1", "p2", "p3", "p4" ],
          [ "happening", "p1h", "p2h", "p3h", "p4h" ],
          [ "vs", "p1vs", "p2vs", "p3vs", "p4vs" ]
        ]
      },
      {
        "type": "itemgrid",
        "item_margin": "1,0,1,1",
        "h_alignment": "left",
        "item_height": 24,
        "item_width": 24,
        "rows": [
          [ "clear", "", "p1l", "p1r", "p2l", "p2r", "p3l", "p3r", "p4l", "p4r" ]
        ]
      }
    ]
  },
  "tracker_default": {
    "type": "container",
    "background": "#000000",
    "width": 262,
    "content": {
      "type": "layout",
      "dropshadow": false,
      "margin": 1,
      "key": "shared_item_grid"
    }
  }
}
