﻿{
  "tracker_broadcast": {
    "background": "#000000",
    "type": "array",
    "width": 274,
    "height": 240,
    "orientation": "vertical",
    "margin": "0,0",
    "content": [
      {
        "type": "array",
        "orientation": "horizontal",
        "margin": "0,0",
        "content": [
          {
            "type": "itemgrid",
            "item_margin": "1,1",
            "h_alignment": "left",
            "rows": [
              [ "bowandsilvers", "bothbooms", "hookshot", "mushder", "book", "sword" ],
              [ "lamp", "ficerods", "bombos", "ether", "quake", "hijump" ],
              [ "sickkid", "hammer", "shovlute", "capeofbyrna", "mirror", "space" ],
              [ "somaria", "boots", "gloves", "flippers", "pearl", "speed" ],
              [ "morph", "bomb", "spring", "screw", "varia", "gravity" ],
              [ "grapple", "kraid", "crocomire", "phantoon", "draygon", "ridley" ]
            ]
          },
          {
            "type": "array",
            "orientation": "vertical",
            "margin": "0,0",
            "content": [
              {
                "type": "array",
                "orientation": "horizontal",
                "margin": "0,1,0,0",
                "content": [
                  {
                    "type": "item",
                    "item": "eastern"
                  },
                  {
                    "type": "item",
                    "margin": "16,0",
                    "item": "epbk"
                  }
                ]
              },
              {
                "type": "array",
                "orientation": "horizontal",
                "margin": "0,1,0,0",
                "content": [
                  {
                    "type": "item",
                    "item": "desert"
                  },
                  {
                    "type": "item",
                    "item": "dpsk"
                  },
                  {
                    "type": "item",
                    "item": "dpbk"
                  }
                ]
              },
              {
                "type": "array",
                "orientation": "horizontal",
                "margin": "0,1,0,0",
                "content": [
                  {
                    "type": "item",
                    "item": "hera"
                  },
                  {
                    "type": "item",
                    "item": "tohsk"
                  },
                  {
                    "type": "item",
                    "item": "tohbk"
                  }
                ]
              },
              {
                "type": "array",
                "orientation": "horizontal",
                "margin": "0,1,0,0",
                "content": [
                  {
                    "type": "item",
                    "item": "hc"
                  },
                  {
                    "type": "item",
                    "item": "hcsk"
                  },
                  {
                    "type": "item",
                    "item": "at"
                  },
                  {
                    "type": "item",
                    "item": "atsk"
                  }
                ]
              },
              {
                "type": "array",
                "orientation": "horizontal",
                "margin": "0,1,0,0",
                "content": [
                  {
                    "type": "item",
                    "item": "pod"
                  },
                  {
                    "type": "item",
                    "item": "podsk"
                  },
                  {
                    "type": "item",
                    "item": "podbk"
                  }
                ]
              },
              {
                "type": "array",
                "orientation": "horizontal",
                "margin": "0,1,0,0",
                "content": [
                  {
                    "type": "item",
                    "item": "swamp"
                  },
                  {
                    "type": "item",
                    "item": "spsk"
                  },
                  {
                    "type": "item",
                    "item": "spbk"
                  }
                ]
              },
              {
                "type": "array",
                "orientation": "horizontal",
                "margin": "0,1,0,0",
                "content": [
                  {
                    "type": "item",
                    "item": "skull"
                  },
                  {
                    "type": "item",
                    "item": "swsk"
                  },
                  {
                    "type": "item",
                    "item": "swbk"
                  }
                ]
              },
              {
                "type": "array",
                "orientation": "horizontal",
                "margin": "0,1,0,0",
                "content": [
                  {
                    "type": "item",
                    "item": "thieves"
                  },
                  {
                    "type": "item",
                    "item": "ttsk"
                  },
                  {
                    "type": "item",
                    "item": "ttbk"
                  }
                ]
              },
              {
                "type": "array",
                "orientation": "horizontal",
                "margin": "0,1,0,0",
                "content": [
                  {
                    "type": "item",
                    "item": "icepalace"
                  },
                  {
                    "type": "item",
                    "item": "ipsk"
                  },
                  {
                    "type": "item",
                    "item": "ipbk"
                  }
                ]
              },
              {
                "type": "array",
                "orientation": "horizontal",
                "margin": "0,1,0,0",
                "content": [
                  {
                    "type": "item",
                    "item": "mire"
                  },
                  {
                    "type": "item",
                    "item": "mmsk"
                  },
                  {
                    "type": "item",
                    "item": "mmbk"
                  }
                ]
              },
              {
                "type": "array",
                "orientation": "horizontal",
                "margin": "0,1,0,0",
                "content": [
                  {
                    "type": "item",
                    "item": "trock"
                  },
                  {
                    "type": "item",
                    "item": "trsk"
                  },
                  {
                    "type": "item",
                    "item": "trbk"
                  }
                ]
              },
              {
                "type": "array",
                "orientation": "horizontal",
                "margin": "0,1,0,0",
                "content": [
                  {
                    "type": "item",
                    "margin": "8,0",
                    "item": "gt"
                  },
                  {
                    "type": "item",
                    "item": "gtsk"
                  },
                  {
                    "type": "item",
                    "item": "gtbk"
                  }
                ]
              }
            ]
          }
        ]
      },
      {
        "type": "array",
        "orientation": "horizontal",
        "margin": "0,0",
        "content": [
          {
            "type": "array",
            "orientation": "vertical",
            "margin": "0,1",
            "content": [
              {
                "type": "array",
                "orientation": "horizontal",
                "margin": "0,0,0,0",
                "content": [
                  {
                    "type": "item",
                    "margin": "1,0,0,0",
                    "item": "cratdoor1"
                  },
                  {
                    "type": "item",
                    "margin": "1,0,0,0",
                    "item": "cratdoor2"
                  },
                  {
                    "type": "item",
                    "margin": "1,0,0,0",
                    "item": "brindoor1"
                  },
                  {
                    "type": "item",
                    "margin": "1,0,0,0",
                    "item": "brindoor2"
                  },
                  {
                    "type": "item",
                    "margin": "1,0,0,0",
                    "item": "undoor1"
                  },
                  {
                    "type": "item",
                    "margin": "1,0,0,0",
                    "item": "undoor2"
                  },
                  {
                    "type": "item",
                    "margin": "1,0,0,0",
                    "item": "wsdoor1"
                  },
                  {
                    "type": "item",
                    "margin": "17,0,0,0",
                    "item": ""
                  },
                  {
                    "type": "item",
                    "margin": "1,0,0,0",
                    "item": "maridoor1"
                  },
                  {
                    "type": "item",
                    "margin": "1,0,0,0",
                    "item": "maridoor2"
                  },
                  {
                    "type": "item",
                    "margin": "1,0,0,0",
                    "item": "lndoor1"
                  },
                  {
                    "type": "item",
                    "margin": "17,0,0,0",
                    "item": ""
                  }
                ]
              },
              {
                "type": "array",
                "orientation": "horizontal",
                "margin": "1,0,0,0",
                "content": [
                  {
                    "type": "item",
                    "margin": "1,0,0,0",
                    "item": "charge"
                  },
                  {
                    "type": "item",
                    "margin": "2,0,1,0",
                    "item": "cratbossdoor"
                  },
                  {
                    "type": "item",
                    "margin": "1,0,0,0",
                    "item": "wave"
                  },
                  {
                    "type": "item",
                    "margin": "2,0,1,0",
                    "item": "brinbossdoor"
                  },
                  {
                    "type": "item",
                    "margin": "1,0,0,0",
                    "item": "icebeam"
                  },
                  {
                    "type": "item",
                    "margin": "2,0,1,0",
                    "item": "unbossdoor"
                  },
                  {
                    "type": "item",
                    "margin": "1,0,0,0",
                    "item": "spazer"
                  },
                  {
                    "type": "item",
                    "margin": "2,0,1,0",
                    "item": "wsbossdoor"
                  },
                  {
                    "type": "item",
                    "margin": "1,0,0,0",
                    "item": "plasma"
                  },
                  {
                    "type": "item",
                    "margin": "2,0,1,0",
                    "item": "maribossdoor"
                  },
                  {
                    "type": "item",
                    "margin": "1,0,0,0",
                    "item": "cwispy"
                  },
                  {
                    "type": "item",
                    "margin": "2,0,0,0",
                    "item": "lnbossdoor"
                  }
                ]
              }
            ]
          },
          {
            "type": "itemgrid",
            "item_margin": "1,1",
            "h_alignment": "left",
            "rows": [
              [ "mb", "ganon" ]
            ]
          }
        ]
      }
    ]
  }
}