﻿{
  "tracker_broadcast": {
    "background": "#000000",
    "type": "array",
    "orientation": "vertical",
    "margin": "0,0",
    "content": [
      {
        "type": "array",
        "orientation": "horizontal",
        "margin": "0,0",
        "content": [
          {
            "type": "itemgrid",
            "item_margin": "1,1",
            "h_alignment": "left",
            "rows": [
              [ "bowandsilvers", "bothbooms", "hookshot", "mushder", "book", "sword" ],
              [ "lamp", "ficerods", "bombos", "ether", "quake", "hijump" ],
              [ "sickkid", "hammer", "shovlute", "capeofbyrna", "mirror", "space" ],
              [ "somaria", "boots", "gloves", "flippers", "pearl", "speed" ],
              [ "charge", "ibeam", "wave", "spazer", "plasma", "grapple" ],
              [ "morph", "bomb", "spring", "screw", "varia", "gravity" ]
            ]
          },
          {
            "type": "array",
            "orientation": "vertical",
            "margin": "0,0",
            "content": [
              {
                "type": "array",
                "orientation": "horizontal",
                "margin": "0,1,0,0",
                "content": [
                  {
                    "type": "item",
                    "item": "eastern"
                  },
                  {
                    "type": "item",
                    "margin": "16,0",
                    "item": "epbk"
                  }
                ]
              },
              {
                "type": "array",
                "orientation": "horizontal",
                "margin": "0,1,0,0",
                "content": [
                  {
                    "type": "item",
                    "item": "desert"
                  },
                  {
                    "type": "item",
                    "item": "dpsk"
                  },
                  {
                    "type": "item",
                    "item": "dpbk"
                  }
                ]
              },
              {
                "type": "array",
                "orientation": "horizontal",
                "margin": "0,1,0,0",
                "content": [
                  {
                    "type": "item",
                    "item": "hera"
                  },
                  {
                    "type": "item",
                    "item": "tohsk"
                  },
                  {
                    "type": "item",
                    "item": "tohbk"
                  }
                ]
              },
              {
                "type": "array",
                "orientation": "horizontal",
                "margin": "0,1,0,0",
                "content": [
                  {
                    "type": "item",
                    "item": "hc"
                  },
                  {
                    "type": "item",
                    "item": "hcsk"
                  },
                  {
                    "type": "item",
                    "item": "at"
                  },
                  {
                    "type": "item",
                    "item": "atsk"
                  }
                ]
              },
              {
                "type": "array",
                "orientation": "horizontal",
                "margin": "0,1,0,0",
                "content": [
                  {
                    "type": "item",
                    "item": "pod"
                  },
                  {
                    "type": "item",
                    "item": "podsk"
                  },
                  {
                    "type": "item",
                    "item": "podbk"
                  }
                ]
              },
              {
                "type": "array",
                "orientation": "horizontal",
                "margin": "0,1,0,0",
                "content": [
                  {
                    "type": "item",
                    "item": "swamp"
                  },
                  {
                    "type": "item",
                    "item": "spsk"
                  },
                  {
                    "type": "item",
                    "item": "spbk"
                  }
                ]
              },
              {
                "type": "array",
                "orientation": "horizontal",
                "margin": "0,1,0,0",
                "content": [
                  {
                    "type": "item",
                    "item": "skull"
                  },
                  {
                    "type": "item",
                    "item": "swsk"
                  },
                  {
                    "type": "item",
                    "item": "swbk"
                  }
                ]
              },
              {
                "type": "array",
                "orientation": "horizontal",
                "margin": "0,1,0,0",
                "content": [
                  {
                    "type": "item",
                    "item": "thieves"
                  },
                  {
                    "type": "item",
                    "item": "ttsk"
                  },
                  {
                    "type": "item",
                    "item": "ttbk"
                  }
                ]
              },
              {
                "type": "array",
                "orientation": "horizontal",
                "margin": "0,1,0,0",
                "content": [
                  {
                    "type": "item",
                    "item": "icepalace"
                  },
                  {
                    "type": "item",
                    "item": "ipsk"
                  },
                  {
                    "type": "item",
                    "item": "ipbk"
                  }
                ]
              },
              {
                "type": "array",
                "orientation": "horizontal",
                "margin": "0,1,0,0",
                "content": [
                  {
                    "type": "item",
                    "item": "mire"
                  },
                  {
                    "type": "item",
                    "item": "mmsk"
                  },
                  {
                    "type": "item",
                    "item": "mmbk"
                  }
                ]
              },
              {
                "type": "array",
                "orientation": "horizontal",
                "margin": "0,1,0,0",
                "content": [
                  {
                    "type": "item",
                    "item": "trock"
                  },
                  {
                    "type": "item",
                    "item": "trsk"
                  },
                  {
                    "type": "item",
                    "item": "trbk"
                  }
                ]
              },
              {
                "type": "array",
                "orientation": "horizontal",
                "margin": "0,1,0,0",
                "content": [
                  {
                    "type": "item",
                    "margin": "8,0",
                    "item": "gt"
                  },
                  {
                    "type": "item",
                    "item": "gtsk"
                  },
                  {
                    "type": "item",
                    "item": "gtbk"
                  }
                ]
              }
            ]
          }
        ]
      },
      {
        "type": "array",
        "orientation": "horizontal",
        "margin": "0,0",
        "content": [
          {
            "type": "array",
            "orientation": "horizontal",
            "margin": "0,0",
            "content": [
              {
                "type": "item",
                "item": "missile",
                "margin": "2,2,1,2"
              },
              {
                "type": "item",
                "item": "supermissile",
                "margin": "2,2"
              },
              {
                "type": "item",
                "item": "powerbomb",
                "margin": "1,2,2,2"
              }
            ]
          },
          {
            "type": "itemgrid",
            "item_margin": "1,1",
            "h_alignment": "left",
            "rows": [
              [ "kraid", "phantoon", "draygon", "ridley", "mb", "ganon" ],
              [ "kraiddoor", "phantoondoor", "draygondoor", "ridleydoor", "mbdoor", "" ]
            ]
          }
        ]
      }
    ]
  }
}