﻿{
  "shared_item_grid": {
    "type": "itemgrid",
    "item_margin": "1,1",
    "h_alignment": "left",
    "rows": [
      [ "m1morph", "m1bombs", "m1jump", "m1varia", "bowandsilvers", "bothbooms", "hookshot", "witch", "bat" ],
      [ "m1long", "m1ice", "m1wave", "m1screw", "firerod", "icerod", "bombos", "ether", "quake" ],
      [ "m1kraid", "m1ridley", "z1sword", "z1boom", "lamp", "hammer", "duck", "digspot", "book" ],
      [ "z1candle", "z1arrows", "z1bow", "z1recorder", "sickkid", "somaria", "byrna", "cape", "mirror" ],
      [ "z1rod", "z1book", "z1ring", "z1bracelet", "boots", "gloves", "flippers", "pearl", "agahnims" ],
      [ "z1ladder", "z1raft", "z1magickey", "z1letter", "sword", "ep", "dp", "toh", "m1brain" ],
      [ "z1tri1", "z1tri2", "z1tri3", "z1tri4", "agahnims", "pod", "sp", "sw", "z1ganon" ],
      [ "z1tri5", "z1tri6", "z1tri7", "z1tri8", "tt", "ip", "mm", "tr", "ganon" ]
    ]
  },
  "tracker_default":
  {
    "type": "container",
    "background": "#000000",
    "width": 308,
    "height": 274,
    "content": {
      "type": "layout",
      "dropshadow": false,
      "margin": 1,
      "image": "images/FullBack.png",
      "key": "shared_item_grid"
    }
  },
  "tracker_broadcast":
  {
    "type": "container",
    "background": "#000000",
    "width": 308,
    "height": 274,
    "content": {
      "type": "layout",
      "dropshadow": false,
      "margin": 1,
      "image": "images/FullBack.png",
      "key": "shared_item_grid"
    }
  }
}