﻿[
  // Jump
  {
    "name": "Jump",
    "type": "toggle",
    "loop": "true",
    "img": "images/jump.png",
    "disabled_img_mods": "",
    "allow_disabled": "false",
    "codes": "jump"
  },
  // Double Jump
  {
    "name": "Double Jump",
    "type": "toggle",
    "loop": "true",
    "img": "images/doublejump.png",
    "codes": "doublejump"
  },
  // Triple Jump
  {
    "name": "Triple Jump",
    "type": "toggle",
    "loop": "true",
    "img": "images/triplejump.png",
    "codes": "triplejump"
  },
  // Long Jump
  {
    "name": "Long Jump",
    "type": "toggle",
    "loop": "true",
    "img": "images/longjump.png",
    "codes": "longjump"
  },
  // Back Flip
  {
    "name": "Backflip",
    "type": "toggle",
    "loop": "true",
    "img": "images/backflip.png",
    "codes": "backflip"
  },
  // Side Flip
  {
    "name": "Side Flip",
    "type": "toggle",
    "loop": "true",
    "img": "images/sideflip.png",
    "codes": "sideflip"
  },
  // Wall Kick
  {
    "name": "Wall Kick",
    "type": "toggle",
    "loop": "true",
    "img": "images/wallkick.png",
    "codes": "wallkick"
  },
  // Dive
  {
    "name": "Dive",
    "type": "toggle",
    "loop": "true",
    "img": "images/dive.png",
    "codes": "dive"
  },
  // Ground Pound
  {
    "name": "Ground Pound",
    "type": "toggle",
    "loop": "true",
    "img": "images/groundpound.png",
    "codes": "groundpound"
  },
  // Kick
  {
    "name": "Kick",
    "type": "toggle",
    "loop": "true",
    "img": "images/kick.png",
    "codes": "kick"
  },
  // Climb
  {
    "name": "Climb",
    "type": "toggle",
    "loop": "true",
    "img": "images/climb.png",
    "codes": "climb"
  },
  // Ledge Grab
  {
    "name": "Ledge Grab",
    "type": "toggle",
    "loop": "true",
    "img": "images/ledgegrab.png",
    "codes": "ledgegrab"
  },
  // Grab
  {
    "name": "Grab",
    "type": "toggle",
    "loop": "true",
    "img": "images/grab.png",
    "codes": "grab"
  },
  // Wing Cap
  {
    "name": "Wing Cap",
    "type": "toggle",
    "loop": "true",
    "img": "images/wingcap.png",
    "disabled_img": "images/wingcapoff.png",
    "disabled_img_mods": "",
    "codes": "wingcap"
  },
  // Metal Cap
  {
    "name": "Metal Cap",
    "type": "toggle",
    "loop": "true",
    "img": "images/metalcap.png",
    "disabled_img": "images/metalcapoff.png",
    "disabled_img_mods": "",
    "codes": "metalcap"
  },
  // Invis Cap
  {
    "name": "Invis Cap",
    "type": "toggle",
    "loop": "true",
    "img": "images/inviscap.png",
    "disabled_img": "images/inviscapoff.png",
    "disabled_img_mods": "",
    "codes": "inviscap"
  },
  // Basement Key
  {
    "name": "Basement Key",
    "type": "toggle",
    "loop": "true",
    "img": "images/basementkey.png",
    "codes": "basementkey"
  },
  // Upper Key
  {
    "name": "Upper Key",
    "type": "toggle",
    "loop": "true",
    "img": "images/upperkey.png",
    "codes": "upperkey"
  },



  // Jump Text
  {
    "name": "Jump Text",
    "type": "toggle",
    "loop": "true",
    "img": "images/jumptext.png",
    "disabled_img_mods": "",
    "allow_disabled": "false",
    "codes": "jumptext"
  },
  // Double Jump Text
  {
    "name": "Double Jump Text",
    "type": "toggle",
    "loop": "true",
    "img": "images/doublejumptext.png",
    "codes": "doublejumptext"
  },
  // Triple Jump Text
  {
    "name": "Triple Jump Text",
    "type": "toggle",
    "loop": "true",
    "img": "images/triplejumptext.png",
    "codes": "triplejumptext"
  },
  // Long Jump Text
  {
    "name": "Long Jump Text",
    "type": "toggle",
    "loop": "true",
    "img": "images/longjumptext.png",
    "codes": "longjumptext"
  },
  // Back Flip Text
  {
    "name": "Backflip Text",
    "type": "toggle",
    "loop": "true",
    "img": "images/backfliptext.png",
    "codes": "backfliptext"
  },
  // Side Flip Text
  {
    "name": "Side Flip Text",
    "type": "toggle",
    "loop": "true",
    "img": "images/sidefliptext.png",
    "codes": "sidefliptext"
  },
  // Wall Kick Text
  {
    "name": "Wall Kick Text",
    "type": "toggle",
    "loop": "true",
    "img": "images/wallkicktext.png",
    "codes": "wallkicktext"
  },
  // Dive Text
  {
    "name": "Dive Text",
    "type": "toggle",
    "loop": "true",
    "img": "images/divetext.png",
    "codes": "divetext"
  },
  // Ground Pound Text
  {
    "name": "Ground Pound Text",
    "type": "toggle",
    "loop": "true",
    "img": "images/groundpoundtext.png",
    "codes": "groundpoundtext"
  },
  // Kick Text
  {
    "name": "Kick Text",
    "type": "toggle",
    "loop": "true",
    "img": "images/kicktext.png",
    "codes": "kicktext"
  },
  // Climb Text
  {
    "name": "Climb Text",
    "type": "toggle",
    "loop": "true",
    "img": "images/climbtext.png",
    "codes": "climbtext"
  },
  // Ledge Grab Text
  {
    "name": "Ledge Grab Text",
    "type": "toggle",
    "loop": "true",
    "img": "images/ledgegrabtext.png",
    "codes": "ledgegrabtext"
  },
  // Grab Text
  {
    "name": "Grab Text",
    "type": "toggle",
    "loop": "true",
    "img": "images/grabtext.png",
    "codes": "grabtext"
  },
  // Blank
  {
    "name": "Blank Text",
    "type": "toggle",
    "loop": "true",
    "img": "images/blanktext.png",
    "codes": "blanktext"
  }

]