﻿[
  // Jump
  {
    "name": "Jump",
    "type": "toggle",
    "loop": "true",
    "img": "images/jump.png",
    "disabled_img_mods": "",
    "allow_disabled": "false",
    "codes": "jump"
  },
  // Double Jump
  {
    "name": "Double Jump",
    "type": "toggle",
    "loop": "true",
    "img": "images/doublejump.png",
    "codes": "doublejump"
  },
  // Triple Jump
  {
    "name": "Triple Jump",
    "type": "toggle",
    "loop": "true",
    "img": "images/triplejump.png",
    "codes": "triplejump"
  },
  // Long Jump
  {
    "name": "Long Jump",
    "type": "toggle",
    "loop": "true",
    "img": "images/longjump.png",
    "codes": "longjump"
  },
  // Back Flip
  {
    "name": "Backflip",
    "type": "toggle",
    "loop": "true",
    "img": "images/backflip.png",
    "codes": "backflip"
  },
  // Side Flip
  {
    "name": "Side Flip",
    "type": "toggle",
    "loop": "true",
    "img": "images/sideflip.png",
    "codes": "sideflip"
  },
  // Wall Kick
  {
    "name": "Wall Kick",
    "type": "toggle",
    "loop": "true",
    "img": "images/wallkick.png",
    "codes": "wallkick"
  },
  // Dive
  {
    "name": "Dive",
    "type": "toggle",
    "loop": "true",
    "img": "images/dive.png",
    "codes": "dive"
  },
  // Ground Pound
  {
    "name": "Ground Pound",
    "type": "toggle",
    "loop": "true",
    "img": "images/groundpound.png",
    "codes": "groundpound"
  },
  // Kick
  {
    "name": "Kick",
    "type": "toggle",
    "loop": "true",
    "img": "images/kick.png",
    "codes": "kick"
  },
  // Climb
  {
    "name": "Climb",
    "type": "toggle",
    "loop": "true",
    "img": "images/climb.png",
    "codes": "climb"
  },
  // Ledge Grab
  {
    "name": "Ledge Grab",
    "type": "toggle",
    "loop": "true",
    "img": "images/ledgegrab.png",
    "codes": "ledgegrab"
  },
  // Grab
  {
    "name": "Grab",
    "type": "toggle",
    "loop": "true",
    "img": "images/grab.png",
    "disabled_img_mods": "",
    "allow_disabled": "false",
    "codes": "grab"
  },
  // Wing Cap
  {
    "name": "Wing Cap",
    "type": "toggle",
    "loop": "true",
    "img": "images/wingcap.png",
    "disabled_img": "images/wingcapoff.png",
    "disabled_img_mods": "",
    "codes": "wingcap"
  },
  // Metal Cap
  {
    "name": "Metal Cap",
    "type": "toggle",
    "loop": "true",
    "img": "images/metalcap.png",
    "disabled_img": "images/metalcapoff.png",
    "disabled_img_mods": "",
    "codes": "metalcap"
  },
  // Invis Cap
  {
    "name": "Invis Cap",
    "type": "toggle",
    "loop": "true",
    "img": "images/inviscap.png",
    "disabled_img": "images/inviscapoff.png",
    "disabled_img_mods": "",
    "codes": "inviscap"
  },
  // Basement Key
  {
    "name": "Basement Key",
    "type": "toggle",
    "loop": "true",
    "img": "images/basementkey.png",
    "codes": "basementkey"
  },
  // Upper Key
  {
    "name": "Second Floor Key",
    "type": "toggle",
    "loop": "true",
    "img": "images/upperkey.png",
    "codes": "upperkey"
  }
]