﻿{
  "tracker_broadcast": {
    "background": "#000000",
    "type": "array",
    "orientation": "vertical",
    "margin": "0,0,0,0",
    "content": [
      {
        "type": "itemgrid",
        "h_alignment": "left",
        "item_margin": "0,0,10,0",
        "item_width": 121,
        "item_height": 20,
        "rows": [
          [ "jump", "wallkick"],
          [ "triplejump", "groundpound"],
          [ "longjump", "dive"],
          [ "sideflip", "climb"],
          [ "backflip", "ledgegrab"],
          [ "kick", "grab"]
        ]
      },
      {
        "type": "itemgrid",
        "h_alignment": "left",
        "item_margin": "0,0,20,0",
        "item_size": 24,
        "rows": [
          [ "wingcap","metalcap","inviscap", "basementkey", "upperkey"]
        ]
      }
    ]
  }
}
