﻿{
  "tracker_broadcast": {
    "background": "#000000",
    "type": "array",
    "orientation": "vertical",
    "margin": "10,0,0,0",
    "content": [
      {
      "type": "itemgrid",
      "h_alignment": "left",
      "item_margin": "10,0,0,-80",
      "item_size": 100,
      "rows": [
        [ "jumptext", "wallkicktext"],
        [ "triplejumptext", "groundpoundtext"],
        [ "longjumptext", "divetext"],
        [ "sidefliptext", "climbtext"],
        [ "backfliptext", "ledgegrabtext"],
        [ "kicktext", "grabtext"],
        [ "blanktext", "blanktext"]
        ]
      },
      {
        "type": "itemgrid",
        "h_alignment": "left",
        "item_margin": "10,-20,2,0",
        "item_size": 24,
        "rows": [
          [ "wingcap","inviscap","metalcap", "basementkey", "upperkey"]
        ]
      }
    ]
  }
}
