﻿{
  "tracker_broadcast": {
    "background": "#000000",
    "type": "array",
    "orientation": "vertical",
    "margin": "0,0,0,0",
    "content": [
      {
      "type": "itemgrid",
      "h_alignment": "left",
      "item_margin": "10,0,0,-80",
      "item_size": 100,
      "rows": [
        [ "jumptext", "wallkicktext"],
        [ "triplejumptext", "groundpoundtext"],
        [ "longjumptext", "divetext"],
        [ "sidefliptext", "climbtext"],
        [ "backfliptext", "ledgegrabtext"]
        ]
      },
      {
        "type": "array",
        "orientation": "horizontal",
        "margin": "10,0,0,0",
        "content": [
          {
          "type": "itemgrid",
          "h_alignment": "left",
          "item_margin": "0,0,10,-80",
          "item_size": 100,
          "rows": [
            [ "kicktext"],
            [ "blanktext"]
            ]
          },
          {
            "type": "itemgrid",
            "h_alignment": "left",
            "item_margin": "0,0,10,-80",
            "item_size": 110,
            "rows": [
              [ "grabtext"],
              [ "blanktext"]
              ]
          }
        ]
      },
      {
        "type": "itemgrid",
        "h_alignment": "left",
        "item_margin": "10,-40,3,0",
        "item_size": 24,
        "rows": [
          [ "wingcap","inviscap","metalcap", "basementkey", "upperkey"]
        ]
      }
    ]
  }
}
