﻿{
  "shared_item_grid": {
    "type": "array",
    "orientation": "vertical",
    "margin": "10,0,0,0",
    "content": [
      {
      "type": "itemgrid",
      "h_alignment": "left",
      "item_margin": "10,0,0,-80",
      "item_size": 100,
      "rows": [
        [ "jumptext", "wallkicktext"],
        [ "triplejumptext", "groundpoundtext"],
        [ "longjumptext", "divetext"],
        [ "sidefliptext", "climbtext"],
        [ "backfliptext", "ledgegrabtext"],
        [ "kicktext", "grabtext"],
        [ "blanktext", "blanktext"]
      ]
    },
    {
      "type": "itemgrid",
      "h_alignment": "left",
      "item_margin": "10,-20,2,0",
      "item_size": 24,
      "rows": [
        [ "wingcap","inviscap","metalcap", "basementkey", "upperkey"]
      ]
    }
  ]
},
  "tracker_default": {
    "type": "container",
    "background": "#000000",
    "width": 242,
    "content": {
      "type": "layout",
      "dropshadow": false,
      "margin": 1,
      "key": "shared_item_grid"
    }
  }
}
