﻿{
  "shared_item_grid": {
    "type": "array",
    "orientation": "vertical",
    "margin": "5,0,0,0",
    "content": [
      {
      "type": "itemgrid",
      "h_alignment": "left",
      "item_margin": "0,0,10,0",
      "item_width": 121,
      "item_height": 20,
      "rows": [
        [ "jump", "wallkick"],
        [ "triplejump", "groundpound"],
        [ "longjump", "dive"],
        [ "sideflip", "climb"],
        [ "backflip", "ledgegrab"],
        [ "kick", "grab"]
        ]
      },
      {
        "type": "itemgrid",
        "h_alignment": "left",
        "item_margin": "0,0,20,0",
        "item_size": 24,
        "rows": [
          [ "wingcap","metalcap","inviscap", "basementkey", "upperkey"]
        ]
      }
    ]
  },
  "tracker_default": {
    "type": "container",
    "background": "#000000",
    "width": 270,
    "content": {
      "type": "layout",
      "dropshadow": false,
      "margin": 1,
      "key": "shared_item_grid"
    }
  }
}
