﻿{
  "shared_item_grid": {
    "type": "array",
    "orientation": "vertical",
    "content": [
      {
        "type": "itemgrid",
        "item_margin": "1,1",
        "h_alignment": "left",
        "rows": [
          [ "z1sword", "z1candle", "z1arrows", "z1bow", "m1morph", "m1bombs", "m1long", "m1ice", "m1wave" ],
          [ "z1recorder", "z1rod", "z1bracelet", "z1boom", "m1varia", "m1jump", "m1screw", "m1kraid", "m1ridley" ],
          [ "z1tri1", "z1tri2", "z1ladder", "z1raft", "charge", "wave", "icebeam", "spazer", "cwispybeams" ],
          [ "z1tri3", "z1tri4", "z1book", "z1magickey", "morph", "bomb", "spring", "hijump", "speed" ]
        ]
      },
      {
        "type": "array",
        "orientation": "vertical",
        "content": [
          {
            "type": "array",
            "orientation": "horizontal",
            "margin": "0,0",
            "content": [
              {
                "type": "itemgrid",
                "item_margin": "1,1",
                "h_alignment": "left",
                "rows": [
                  [ "z1tri5", "z1tri6", "z1ring", "z1letter", "space", "screw", "grapple" ],
                  [ "z1tri7", "z1tri8", "z1ganon", "m1brain", "brain", "varia", "gravity" ]
                ]
              },
              {
                "type": "array",
                "orientation": "vertical",
                "margin": "0,0",
                "content": [
                  {
                    "type": "canvas",
                    "width": 67,
                    "height": 67,
                    "margin": "3,1,1,1",
                    "content": [
                      {
                        "type": "image",
                        "image": "images/g4_background.png",
                        "margin": "0",
                        "canvas_depth": 0,
                        "width": 67,
                        "height": 67
                      },
                      {
                        "type": "item",
                        "item": "goldridley",
                        "margin": "0",
                        "canvas_depth": 1,
                        "width": 67,
                        "height": 67
                      },
                      {
                        "type": "item",
                        "item": "goldkraid",
                        "margin": "0",
                        "canvas_depth": 1,
                        "width": 67,
                        "height": 67
                      },
                      {
                        "type": "item",
                        "item": "golddraygon",
                        "margin": "0",
                        "canvas_depth": 1,
                        "canvas_left": 31,
                        "canvas_top": 24,
                        "width": 32,
                        "height": 43
                      },
                      {
                        "type": "item",
                        "item": "goldphantoon",
                        "margin": "0",
                        "canvas_depth": 1,
                        "width": 67,
                        "height": 67
                      }
                    ]
                  }
                ]
              }
            ]
          }
        ]
      }
    ]
  },
  "tracker_default":
  {
    "type": "container",
    "background": "#000000",
    "width": 308,
    "height": 206,
    "content": [
      {
        "type": "image",
        "image": ""
      },
      {
        "type": "layout",
        "dropshadow": false,
        "margin": 1,
        "key": "shared_item_grid"
      }
    ]
  },
  "tracker_broadcast":
  {
    "type": "container",
    "background": "#000000",
    "width": 308,
    "height": 206,
    "content": [
      {
        "type": "image",
        "image": ""
      },
      {
        "type": "layout",
        "dropshadow": false,
        "margin": 1,
        "key": "shared_item_grid"
      }
    ]
  }
}