﻿{
  "tracker_broadcast": {
    "background": "#000000",
    "type": "itemgrid",
    "h_alignment": "center",
    "item_height": 50,
    "item_width": 50,
    "item_margin": "3,0",
    "rows": [
      [ "difficulty", "", "" ],
      [ "p1", "Happening", "VS" ],
      [ "", "p1h", "p1vs" ],
      [ "p2", "Happening", "VS" ],
      [ "", "p2h", "p2vs" ],
      [ "p3", "Happening", "VS" ],
      [ "", "p3h", "p3vs" ],
      [ "p4", "Happening", "VS" ],
      [ "", "p4h", "p4vs" ]
    ]
  }
}