﻿{
  "tracker_broadcast": {
    "background": "#000000",
    "type": "array",
    "orientation": "vertical",
    "margin": "0,0",
    "content": [
      {
        "type": "itemgrid",
        "item_margin": "1,1",
        "h_alignment": "left",
        "rows": [
          [ "z1sword", "z1boom", "z1candle", "z1arrows", "z1bow", "z1recorder", "z1tri1", "z1tri2", "z1tri3", "z1tri4" ],
          [ "z1rod", "z1book", "z1bracelet", "z1ladder", "z1raft", "z1magickey", "z1tri5", "z1tri6", "z1tri7", "z1tri8" ],
          [ "m1morph", "m1bombs", "m1long", "m1ice", "m1wave", "m1varia", "m1jump", "m1screw", "m1kraid", "m1ridley" ],
          [ "bowandsilvers", "bothbooms", "hookshot", "witch", "bat", "boots", "charge", "morph", "varia", "gravity" ],
          [ "firerod", "icerod", "bombos", "ether", "quake", "gloves", "wave", "bomb", "hijump", "speed" ],
          [ "lamp", "hammer", "duck", "digspot", "book", "flippers", "icebeam", "spring", "space", "screw" ]
        ]
      },
      {
        "type": "array",
        "orientation": "horizontal",
        "margin": "0,0",
        "content": [
          {
            "type": "itemgrid",
            "item_margin": "1,1",
            "h_alignment": "left",
            "rows": [
              [ "sickkid", "somaria", "byrna", "cape", "mirror", "pearl", "spazer", "grapple" ],
              [ "sword", "ep", "dp", "toh", "agahnims", "pod", "cwispybeams", "xray" ]
            ]
          },
          {
            "type": "array",
            "orientation": "vertical",
            "margin": "0,0",
            "content": [
              {
                "type": "canvas",
                "width": 67,
                "height": 67,
                "margin": "3,1,1,1",
                "content": [
                  {
                    "type": "image",
                    "image": "images/g4_background.png",
                    "margin": "0",
                    "canvas_depth": 0,
                    "width": 67,
                    "height": 67
                  },
                  {
                    "type": "item",
                    "item": "goldridley",
                    "margin": "0",
                    "canvas_depth": 1,
                    "width": 67,
                    "height": 67
                  },
                  {
                    "type": "item",
                    "item": "goldkraid",
                    "margin": "0",
                    "canvas_depth": 1,
                    "width": 67,
                    "height": 67
                  },
                  {
                    "type": "item",
                    "item": "golddraygon",
                    "margin": "0",
                    "canvas_depth": 1,
                    "canvas_left": 31,
                    "canvas_top": 24,
                    "width": 32,
                    "height": 43
                  },
                  {
                    "type": "item",
                    "item": "goldphantoon",
                    "margin": "0",
                    "canvas_depth": 1,
                    "width": 67,
                    "height": 67
                  }
                ]
              }
            ]
          }
        ]
      },
      {
        "type": "itemgrid",
        "item_margin": "1,1",
        "h_alignment": "left",
        "rows": [
          [ "sp", "sw", "tt", "ip", "mm", "tr", "z1ganon", "m1brain", "ganon", "brain" ]
        ]
      }
    ]
  }
}