﻿{
  "shared_item_grid": {
    "type": "array",
    "orientation": "horizontal",
    "margin": "7,0,0,0",
    "content": [
      {
        "type": "array",
        "orientation": "vertical",
        "margin": "3,0,0,0",
        "content": [
          {
            "type":"array",
            "orientation": "horizontal",
            "margin": "0",
            "content": [
              {
                "type": "itemgrid",
                "margin": "0,4",
                "item_margin": "1,1",
                "h_alignment": "left",
                "rows": [
                  [ "z1sword", "z1boom", "z1candle", "z1arrows", "z1bow" ],
                  [ "z1rod", "z1book", "z1bracelet", "z1ladder", "z1raft" ]
                ]
              },
              {
                "type": "array",
                "orientation": "vertical",
                "margin": "0,4,0,0",
                "content": [
                  {
                    "type": "itemgrid",
                    "item_margin": "1,1",
                    "h_alignment": "left",
                    "rows": [
                      [ "z1recorder" ]
                    ]
                  },
                  {
                    "type": "itemgrid",
                    "margin": "0,0",
                    "item_margin": "1,1",
                    "h_alignment": "left",
                    "width": 32,
                    "height": 16,
                    "rows": [
                      [ "z1anyhead" ]
                    ]
                  },
                  {
                    "type": "itemgrid",
                    "width": 32,
                    "height": 16,
                    "item_margin": "1,-15,1,17",
                    "h_alignment": "left",
                    "rows": [
                      [ "anykeycounter" ]
                    ]
                  }
                ]
              }
            ]
          },
          {
            "type": "itemgrid",
            "margin": "0,4",
            "item_margin": "1,1",
            "h_alignment": "left",
            "rows": [
              [ "m1morph", "m1bombs", "m1long", "m1ice", "m1wave", "m1varia" ]
            ]
          },
          {
            "type": "itemgrid",
            "margin": "0,5,0,0",
            "item_margin": "1,1",
            "h_alignment": "left",
            "rows": [
              [ "bowandsilvers", "bothbooms", "hookshot", "witch", "bat", "boots" ],
              [ "firerod", "icerod", "bombos", "ether", "quake", "gloves" ],
              [ "lamp", "hammer", "duck", "digspot", "book", "flippers" ],
              [ "sickkid", "somaria", "byrna", "cape", "mirror", "pearl" ],
              [ "sword", "ep", "dp", "toh", "agahnims", "pod" ]
            ]
          },
          {
            "type": "itemgrid",
            "margin": "0,5,0,0",
            "item_margin": "1,1",
            "h_alignment": "left",
            "rows": [
              [ "sp", "sw", "tt", "ip", "mm", "tr" ]
            ]
          }
        ]
      },
      {
        "type": "array",
        "orientation": "vertical",
        "margin": "10,0,0,0",
        "content": [
          {
            "type": "itemgrid",
            "margin": "0,4",
            "item_margin": "1,1",
            "h_alignment": "left",
            "rows": [
              [ "z1tri1", "z1tri2", "z1tri3", "z1tri4" ],
              [ "z1tri5", "z1tri6", "z1tri7", "z1tri8" ]
            ]
          },
          {
            "type": "itemgrid",
            "margin": "0,4",
            "item_margin": "1,1",
            "h_alignment": "left",
            "rows": [
              [ "m1jump", "m1screw", "m1kraid", "m1ridley" ]
            ]
          },
          {
            "type": "itemgrid",
            "margin": "0,5,0,0",
            "item_margin": "1,1",
            "h_alignment": "left",
            "rows": [
              [ "charge", "morph", "varia", "gravity" ],
              [ "wave", "bomb", "hijump", "speed" ],
              [ "icebeam", "spring", "space", "screw" ]
            ]
          },
          {
            "type": "array",
            "orientation": "horizontal",
            "margin": "0,0",
            "content": [
              {
                "type": "itemgrid",
                "item_margin": "1,1",
                "h_alignment": "left",
                "rows": [
                  [ "spazer", "grapple" ],
                  [ "cwispybeams", "xray" ]
                ]
              },
              {
                "type": "array",
                "orientation": "vertical",
                "margin": "0,0",
                "content": [
                  {
                    "type": "canvas",
                    "width": 67,
                    "height": 67,
                    "margin": "3,1,1,1",
                    "content": [
                      {
                        "type": "image",
                        "image": "images/g4_background.png",
                        "margin": "0",
                        "canvas_depth": 0,
                        "width": 67,
                        "height": 67
                      },
                      {
                        "type": "item",
                        "item": "goldridley",
                        "margin": "0",
                        "canvas_depth": 1,
                        "width": 67,
                        "height": 67
                      },
                      {
                        "type": "item",
                        "item": "goldkraid",
                        "margin": "0",
                        "canvas_depth": 1,
                        "width": 67,
                        "height": 67
                      },
                      {
                        "type": "item",
                        "item": "golddraygon",
                        "margin": "0",
                        "canvas_depth": 1,
                        "canvas_left": 31,
                        "canvas_top": 24,
                        "width": 32,
                        "height": 43
                      },
                      {
                        "type": "item",
                        "item": "goldphantoon",
                        "margin": "0",
                        "canvas_depth": 1,
                        "width": 67,
                        "height": 67
                      }
                    ]
                  }
                ]
              }
            ]
          },
          {
            "type": "itemgrid",
            "margin": "0,5,0,0",
            "item_margin": "1,1",
            "h_alignment": "left",
            "rows": [
              [ "z1ganon", "m1brain", "ganon", "brain" ]
            ]
          }
        ]
      }
    ]
  },
  "tracker_default":
  {
    "type": "container",
    "background": "#000000",
    "width": 372,
    "height": 337,
    "content": [
      {
        "type": "image",
        "image": "images/FullBack.png"
      },
      {
        "type": "layout",
        "dropshadow": false,
        "margin": 1,
        "image": "images/FullBack.png",
        "key": "shared_item_grid"
      }
    ]
  },
  "tracker_broadcast":
  {
    "type": "container",
    "background": "#000000",
    "width": 372,
    "height": 337,
    "content": [
      {
        "type": "image",
        "image": "images/FullBack.png"
      },
      {
        "type": "layout",
        "dropshadow": false,
        "margin": 1,
        "key": "shared_item_grid"
      }
    ]
  }
}