﻿[
  // Bow
  {
    "name": "Bow",
    "type": "progressive_toggle",
    "stages": [
      {
        "img": "images/0048.png",
        "codes": "bow"
      },
      {
        "img": "images/0049.png",
        "codes": "silvers",
        "disabled_img": "images/silver_arrow.png",
        "disabled_img_mods": ""
      }
    ]
  },
  // Silver Arrows
  {
    "name": "Silver Arrows",
    "type": "toggle",
    "loop": "true",
    "img": "images/silver_arrow.png",
    "codes": "silverarrows,silvers"
  },
  // Boomerangs
  {
    "name": "Boomerang",
    "type": "progressive_toggle",
    "stages": [
      {
        "img": "images/0001.png",
        "codes": "blueboomerang, boomerang",
        "disabled_img": "images/doubleboomoff.png",
        "disabled_img_mods": ""
      },
      {
        "img": "images/doubleboom.png",
        "codes": "redboomerang",
        "disabled_img": "images/0037.png",
        "disabled_img_mods": ""
      }
    ]
  },
  // Boomerang
  {
    "name": "Boomerang",
    "type": "progressive",
    "stages": [
      {
        "img": "images/0001.png",
        "codes": "blueboomerang,boomerang"
      },
      {
        "img": "images/0037.png",
        "codes": "redboomerang"
      },
      {
        "img": "images/doubleboom.png",
        "codes": "redboomerang"
      }
    ]
  },
  // Hookshot
  {
    "name": "Hookshot",
    "type": "toggle",
    "loop": "true",
    "img": "images/0002.png",
    "codes": "hookshot,hs"
  },
  // Powder
  {
    "name": "Magic Powder",
    "type": "toggle",
    "loop": "true",
    "img": "images/0046.png",
    "codes": "powder"
  },
  // Mushroom
  {
    "name": "Mushroom",
    "type": "progressive",
    "stages": [
      {
        "img": "images/0004.png",
        "codes": "mushroom"
      },
      {
        "inherit_codes": false,
        "img": "images/0056.png"
      }
    ]
  },

  // Fire Rod
  {
    "name": "Fire Rod",
    "type": "toggle",
    "loop": "true",
    "img": "images/0005.png",
    "codes": "firerod,firesource"
  },
  // Ice Rod
  {
    "name": "Ice Rod",
    "type": "toggle",
    "loop": "true",
    "img": "images/0006.png",
    "codes": "icerod"
  },

  // Bombos
  {
    "name": "Bombos",
    "type": "progressive_toggle",
    "stages": [
      {
        "img": "images/0007.png",
        "codes": "bombos"
      },
      {
        "img": "images/0117.png",
        "codes": "bombos,mm_medallion"
      },
      {
        "img": "images/0120.png",
        "codes": "bombos,tr_medallion"
      },
      {
        "img": "images/0123.png",
        "codes": "bombos,mm_medallion,tr_medallion"
      }
    ]
  },
  // Ether
  {
    "name": "Ether",
    "type": "progressive_toggle",
    "stages": [
      {
        "img": "images/0008.png",
        "codes": "ether"
      },
      {
        "img": "images/0118.png",
        "codes": "ether,mm_medallion"
      },
      {
        "img": "images/0121.png",
        "codes": "ether,tr_medallion"
      },
      {
        "img": "images/0124.png",
        "codes": "ether,mm_medallion,tr_medallion"
      }
    ]
  },
  // Quake
  {
    "name": "Quake",
    "type": "progressive_toggle",
    "stages": [
      {
        "img": "images/0009.png",
        "codes": "quake"
      },
      {
        "img": "images/0119.png",
        "codes": "quake,mm_medallion"
      },
      {
        "img": "images/0122.png",
        "codes": "quake,tr_medallion"
      },
      {
        "img": "images/0125.png",
        "codes": "quake,mm_medallion,tr_medallion"
      }
    ]
  },

  // Shovel
  {
    "name": "Shovel",
    "type": "progressive",
    "stages": [
      {
        "img": "images/0012.png",
        "codes": "shovel"
      },
      {
        "img": "images/0057.png",
        "inherit_codes": false
      }
    ]
  },

  // Lamp
  {
    "name": "Lamp",
    "type": "toggle",
    "loop": "true",
    "img": "images/0010.png",
    "codes": "lamp,firesource"
  },
  // Hammer
  {
    "name": "Hammer",
    "type": "toggle",
    "loop": "true",
    "img": "images/0011.png",
    "codes": "hammer"
  },
  // Ocarina
  {
    "name": "Ocarina",
    "type": "toggle",
    "loop": "true",
    "img": "images/0047.png",
    "codes": "flute,ocarina"
  },
  // Bug Catching Net
  {
    "name": "Bug Catching Net",
    "type": "toggle",
    "loop": "true",
    "img": "images/0013.png",
    "codes": "net"
  },
  // Book of Mudora
  {
    "name": "Book of Mudora",
    "type": "toggle",
    "loop": "true",
    "img": "images/0014.png",
    "codes": "book"
  },
  // Moon Pearl
  {
    "name": "Moon Pearl",
    "type": "toggle",
    "loop": "true",
    "img": "images/0022.png",
    "codes": "pearl,moonpearl"
  },

  // Bottles
  {
    "name": "Bottles",
    "type": "progressive_toggle",
    "swap_actions": true,
    "allow_disabled": "false",
    "stages": [
      {
        "img": "images/0026c.png",
        "img_mods": "@disabled",
        "codes": "bottle",
        "disabled_img": "images/0026.png"
      },
      {
        "img": "images/0070c.png",
        "disabled_img": "images/0070.png",
        "disabled_img_mods": ""
      },
      {
        "img": "images/0071c.png",
        "disabled_img": "images/0071.png",
        "disabled_img_mods": ""
      },
      {
        "img": "images/0072c.png",
        "disabled_img": "images/0072.png",
        "disabled_img_mods": ""
      },
      {
        "img": "images/0073c.png",
        "disabled_img": "images/0073.png",
        "disabled_img_mods": ""
      }
    ]
  },

  // Somaria
  {
    "name": "Cane of Somaria",
    "type": "toggle",
    "loop": "true",
    "img": "images/0015.png",
    "codes": "somaria,redcane"
  },
  // Cane of Byrna
  {
    "name": "Cane of Byrna",
    "type": "toggle",
    "loop": "true",
    "img": "images/0016.png",
    "codes": "byrna,bluecane"
  },
  // Magic Cape
  {
    "name": "Magic Cape",
    "type": "toggle",
    "loop": "true",
    "img": "images/0017.png",
    "codes": "cape"
  },
  // Mirror
  {
    "name": "Mirror",
    "type": "toggle",
    "loop": "true",
    "img": "images/0018.png",
    "codes": "mirror"
  },

  // Go-Mode
  {
    "name": "Go Mode!",
    "capturable": false,
    "type": "toggle",
    "loop": "true",
    "img": "images/0062.png",
    "codes": "gomode"
  },

  // Agahnim
  {
    "name": "Agahnim",
    "type": "progressive_toggle",
    "stages": [
      {
        "img": "images/aga1.png",
        "codes": "aga1, aga",
        "disabled_img": "images/0055.png"
      },
      {
        "img": "images/0055.png",
        "codes": "aga2",
        "disabled_img": "images/aga2.png",
        "disabled_img_mods": ""
      }
    ]
  },

  // Progressive Gloves
  {
    "name": "Gloves",
    "type": "progressive",
    "stages": [
      {
        "img": "images/0019.png",
        "codes": "gloves,lift1"
      },
      {
        "img": "images/0043.png",
        "codes": "mitts,lift2"
      }
    ]
  },
  // Boots
  {
    "name": "Boots",
    "type": "toggle",
    "loop": "true",
    "img": "images/0020.png",
    "codes": "boots"
  },
  // Flippers
  {
    "name": "Flippers",
    "type": "toggle",
    "loop": "true",
    "img": "images/0021.png",
    "codes": "flippers"
  },
  // Half-Magic
  {
    "name": "Half-Magic",
    "type": "toggle",
    "loop": "true",
    "img": "images/0064.png",
    "codes": "halfmagic"
  },
  // Progressive Swords
  {
    "name": "Sword",
    "type": "progressive",
    "stages": [
      {
        "img": "images/0023.png",
        "codes": "sword"
      },
      {
        "img": "images/0038.png",
        "codes": "sword2,mst"
      },
      {
        "img": "images/0039.png",
        "codes": "sword3,tempered"
      },
      {
        "img": "images/0040.png",
        "codes": "sword4,butter"
      }
    ]
  },
  // HeartPieceCounter
  {
    "name": "Pieces",
    "type": "progressive",
    "loop": "true",
    "allow_disabled": "false",
    "stages": [
      {
        "img": "images/0066.png",
        "codes": "heart",
        "img_mods": "@disabled"
      },
      {
        "img": "images/0067.png"
      },
      {
        "img": "images/0068.png"
      },
      {
        "img": "images/0069.png"
      }
    ]
  },
  // Progressive Shields
  {
    "name": "Shield",
    "type": "progressive",
    "stages": [
      {
        "img": "images/0024.png",
        "codes": "shield"
      },
      {
        "img": "images/0044.png",
        "codes": "shield2,redshield"
      },
      {
        "img": "images/0045.png",
        "codes": "shield3,mirrorshield"
      }
    ]
  },
  // Progressive Mail
  {
    "name": "Mail",
    "type": "progressive",
    "allow_disabled": false,
    "stages": [
      {
        "img": "images/0025.png",
        "codes": "armor, armor1, greenmail"
      },
      {
        "img": "images/0041.png",
        "codes": "armor2,bluemail"
      },
      {
        "img": "images/0042.png",
        "codes": "armor3,redmail"
      }
    ]
  },

  // Eastern Palace
  {
    "name": "Eastern Palace",
    "type": "progressive_toggle",
    "capturable": false,
    "stages": [
      {
        "img": "images/0105.png",
        "codes": "easternpalace,crystal"
      },
      {
        "img": "images/0106.png",
        "codes": "easternpalace,crystal56"
      },
      {
        "img": "images/0107.png",
        "codes": "easternpalace,pendant"
      },
      {
        "img": "images/0108.png",
        "codes": "easternpalace,greenpendant"
      }
    ]
  },

  // Desert Palace
  {
    "name": "Desert Palace",
    "capturable": false,
    "type": "progressive_toggle",
    "stages": [
      {
        "img": "images/0109.png",
        "codes": "desertpalace,crystal"
      },
      {
        "img": "images/0110.png",
        "codes": "desertpalace,crystal56"
      },
      {
        "img": "images/0111.png",
        "codes": "desertpalace,pendant"
      },
      {
        "img": "images/0112.png",
        "codes": "desertpalace,greenpendant"
      }
    ]
  },

  // Tower of Hera
  {
    "name": "Tower of Hera",
    "capturable": false,
    "type": "progressive_toggle",
    "stages": [
      {
        "img": "images/0113.png",
        "codes": "towerofhera,crystal"
      },
      {
        "img": "images/0114.png",
        "codes": "towerofhera,crystal56"
      },
      {
        "img": "images/0115.png",
        "codes": "towerofhera,pendant"
      },
      {
        "img": "images/0116.png",
        "codes": "towerofhera,greenpendant"
      }
    ]
  },

  // Palace of Darkness
  {
    "name": "Palace of Darkness",
    "capturable": false,
    "type": "progressive_toggle",
    "stages": [
      {
        "img": "images/0077.png",
        "codes": "palaceofdarkness,crystal"
      },
      {
        "img": "images/0078.png",
        "codes": "palaceofdarkness,crystal56"
      },
      {
        "img": "images/0079.png",
        "codes": "palaceofdarkness,pendant"
      },
      {
        "img": "images/0080.png",
        "codes": "palaceofdarkness,greenpendant"
      }
    ]
  },

  // Swamp Palace
  {
    "name": "Swamp Palace",
    "capturable": false,
    "type": "progressive_toggle",
    "stages": [
      {
        "img": "images/0081.png",
        "codes": "swamppalace,crystal"
      },
      {
        "img": "images/0082.png",
        "codes": "swamppalace,crystal56"
      },
      {
        "img": "images/0083.png",
        "codes": "swamppalace,pendant"
      },
      {
        "img": "images/0084.png",
        "codes": "swamppalace,greenpendant"
      }
    ]
  },

  // Skull Woods
  {
    "name": "Skull Woods",
    "capturable": false,
    "type": "progressive_toggle",
    "stages": [
      {
        "img": "images/0085.png",
        "codes": "skullwoods,crystal"
      },
      {
        "img": "images/0086.png",
        "codes": "skullwoods,crystal56"
      },
      {
        "img": "images/0087.png",
        "codes": "skullwoods,pendant"
      },
      {
        "img": "images/0088.png",
        "codes": "skullwoods,greenpendant"
      }
    ]
  },

  // Thieve's Town
  {
    "name": "Thieves Town",
    "capturable": false,
    "type": "progressive_toggle",
    "stages": [
      {
        "img": "images/0089.png",
        "codes": "thievestown,crystal"
      },
      {
        "img": "images/0090.png",
        "codes": "thievestown,crystal56"
      },
      {
        "img": "images/0091.png",
        "codes": "thievestown,pendant"
      },
      {
        "img": "images/0092.png",
        "codes": "thievestown,greenpendant"
      }
    ]
  },

  // Ice Palace
  {
    "name": "Ice Palace",
    "capturable": false,
    "type": "progressive_toggle",
    "stages": [
      {
        "img": "images/0093.png",
        "codes": "icepalace,crystal"
      },
      {
        "img": "images/0094.png",
        "codes": "icepalace,crystal56"
      },
      {
        "img": "images/0095.png",
        "codes": "icepalace,pendant"
      },
      {
        "img": "images/0096.png",
        "codes": "icepalace,greenpendant"
      }
    ]
  },

  // Misery Mire
  {
    "name": "Misery Mire",
    "capturable": false,
    "type": "progressive_toggle",
    "stages": [
      {
        "img": "images/0097.png",
        "codes": "miserymire,crystal"
      },
      {
        "img": "images/0098.png",
        "codes": "miserymire,crystal56"
      },
      {
        "img": "images/0099.png",
        "codes": "miserymire,pendant"
      },
      {
        "img": "images/0100.png",
        "codes": "miserymire,greenpendant"
      }
    ]
  },

  // Turtle Rock
  {
    "name": "Turtle Rock",
    "capturable": false,
    "type": "progressive_toggle",
    "stages": [
      {
        "img": "images/0101.png",
        "codes": "turtlerock,crystal"
      },
      {
        "img": "images/0102.png",
        "codes": "turtlerock,crystal56"
      },
      {
        "img": "images/0103.png",
        "codes": "turtlerock,pendant"
      },
      {
        "img": "images/0104.png",
        "codes": "turtlerock,greenpendant"
      }
    ]
  }
]