﻿{
  "shared_item_grid": {
    "type": "itemgrid",
    "margin": "15,15",
    "item_margin": "2,2",
    "h_alignment": "left",
    "rows": [
      [ "m1morph", "m1bombs", "z1tri1", "z1tri2", "z1sword", "z1candle" ],
      [ "m1long", "m1ice", "z1tri3", "z1tri4", "z1arrows", "z1bow" ],
      [ "m1wave", "m1varia", "z1tri5", "z1tri6", "z1recorder", "z1rod" ],
      [ "m1jump", "m1screw", "z1tri7", "z1tri8", "z1bracelet", "z1ladder"],
      [ "m1kraid", "m1ridley", "m1brain", "z1ganon", "z1raft", "z1magickey"]
    ]
  },
  "tracker_default":
  {
    "type": "container",
    "background": "#000000",
    "width": 247,
    "height": 211,
    "content": {
      "type": "layout",
      "dropshadow": false,
      "margin": 1,
      "image": "images/FullBack.png",
      "key": "shared_item_grid"
    }
  },
  "tracker_broadcast":
  {
    "type": "container",
    "background": "#000000",
    "width": 247,
    "height": 211,
    "content": {
      "type": "layout",
      "dropshadow": false,
      "margin": 1,
      "image": "images/FullBack.png",
      "key": "shared_item_grid"
    }
  }
}