﻿{
  "shared_item_grid": {
    "type": "array",
    "orientation": "horizontal",
    "margin": "0,0",
    "content": [
      {
        "type": "itemgrid",
        "item_margin": "1,1",
        "h_alignment": "left",
        "item_height": 50,
        "item_width": 50,
        "rows": [
          [ "", "happening", "vs", "coin" ],
          [ "p1", "p1h", "p1vs", "p1c" ],
          [ "p2", "p2h", "p2vs", "p2c" ],
          [ "p3", "p3h", "p3vs", "p3c" ],
          [ "p4", "p4h", "p4vs", "p4c" ]
        ]
      },
      {
        "type": "itemgrid",
        "item_margin": "1,1,1,1",
        "h_alignment": "left",
        "item_height": 24,
        "item_width": 50,
        "rows": [
          [ "", "", "" ],
          [ "", "", "" ],
          [ "p1p10", "p1p3", "p1p2" ],
          [ "p1m10", "p1m3", "p1m2" ],
          [ "p2p10", "p2p3", "p2p2" ],
          [ "p2m10", "p2m3", "p2m2" ],
          [ "p3p10", "p3p3", "p3p2" ],
          [ "p3m10", "p3m3", "p3m2" ],
          [ "p4p10", "p4p3", "p4p2" ],
          [ "p4m10", "p4m3", "p4m2" ]
        ]
      }
    ]
  },
  "tracker_default": {
    "type": "container",
    "background": "#000000",
    "width": "365",
    "content": {
      "type": "layout",
      "dropshadow": false,
      "margin": 1,
      "key": "shared_item_grid"
    }
  }
}
