﻿{
  "tracker_broadcast": {
    "background": "#000000",
    "type": "itemgrid",
    "h_alignment": "center",
    "item_margin": "1,1",
    "rows": [
      [ "slingshot", "bombs", "bow", "bombchu", "kokirisword", "magic", "dinsfire", "youngquest" ],
      [ "firearrows", "lightarrows", "hammer", "gloves", "bgs", "redmail", "faroreswind", "adultquest" ],
      [ "ocarina", "boom", "hookshot", "lens", "scales", "dekushield", "mirrorshield", "skulltula" ],
      [ "ironboots", "hoverboots", "zeldacheck", "eponacheck", "sariacheck", "suncheck", "timecheck", "stormcheck" ],
      [ "freemed", "rupo", "lightcheck", "forestcheck", "firecheck", "watercheck", "spiritcheck", "shadowcheck" ],
      [ "dekutree", "dodongo", "jabujabu", "foresttemple", "firetemple", "watertemple", "spirittemple", "shadowtemple" ],
      [ "dekuchest", "dodongochest", "jabuchest", "forestchest", "firechest", "waterchest", "spiritchest", "shadowchest" ]
    ]
  }
}