﻿{
      "type": "array",
      "orientation": "horizontal",
      "margin": "0,0",
      "content": [
        {
          "type": "array",
          "orientation": "vertical",
          "margin": "0,0",
          "content": [
            {
              "type": "itemgrid",
              "item_margin": "1,1",
              "h_alignment": "left",
              "rows": [
                [ "bow", "boomerang", "hookshot", "mushroom", "powder", "boots" ],
                [ "firerod", "icerod", "bombos", "ether", "quake", "lift1" ],
                [ "lamp", "hammer", "ocarina", "shovel", "book", "flippers" ],
                [ "bottle", "somaria", "byrna", "cape", "mirror", "pearl" ]
              ]
            },
            {
              "type": "array",
              "orientation": "horizontal",
              "margin": "0,0",
              "content": [
                {
                  "type": "item",
                  "item_width": 20,
                  "item_height": 16,
                  "item": "pod_label"
                },
                {
                  "type": "item",
                  "item_width": 14,
                  "item_height": 16,
                  "item": "pod"
                },
                {
                  "type": "item",
                  "item_width": 20,
                  "item_height": 16,
                  "item": "sp_label"
                },
                {
                  "type": "item",
                  "item_width": 14,
                  "item_height": 16,
                  "item": "swamp"
                },
                {
                  "type": "item",
                  "item_width": 20,
                  "item_height": 16,
                  "item": "sw_label"
                },
                {
                  "type": "item",
                  "item_width": 14,
                  "item_height": 16,
                  "item": "skull"
                },
                {
                  "type": "item",
                  "item_width": 20,
                  "item_height": 16,
                  "item": "tt_label"
                },
                {
                  "type": "item",
                  "item_width": 14,
                  "item_height": 16,
                  "item": "thieves"
                },
                {
                  "type": "item",
                  "item_width": 20,
                  "item_height": 16,
                  "item": "ip_label"
                },
                {
                  "type": "item",
                  "item_width": 14,
                  "item_height": 16,
                  "item": "icepalace"
                },
                {
                  "type": "item",
                  "item_width": 20,
                  "item_height": 16,
                  "item": "mm_label"
                },
                {
                  "type": "item",
                  "item_width": 14,
                  "item_height": 16,
                  "item": "mire"
                }
              ]
            },
            {
              "type": "itemgrid",
              "item_margin": "1,1,0,0",
              "item_width": 16,
              "item_height": 16,
              "h_alignment": "left",
              "rows": [
                [ "podsk", "podbk", "spsk", "spbk", "swsk", "swbk", "ttsk", "ttbk", "ipsk", "ipbk", "mmsk", "mmbk" ]
              ]
            }
          ]
        },
        {
          "type": "array",
          "orientation": "vertical",
          "margin": "0,0",
          "content": [
            {
              "type": "array",
              "orientation": "horizontal",
              "margin": "0,0,0,0",
              "content": [
                {
                  "type": "item",
                  "item": "ep_label"
                },
                {
                  "type": "item",
                  "item": "eastern"
                }
              ]
            },
            {
              "type": "array",
              "orientation": "horizontal",
              "margin": "9,1,0,0",
              "content": [
                {
                  "type": "item",
                  "item": "epbk"
                }
              ]
            },
            {
              "type": "array",
              "orientation": "horizontal",
              "margin": "0,1,0,0",
              "content": [
                {
                  "type": "item",
                  "item": "dp_label"
                },
                {
                  "type": "item",
                  "item": "desert"
                }
              ]
            },
            {
              "type": "array",
              "orientation": "horizontal",
              "margin": "1,1,0,0",
              "content": [
                {
                  "type": "item",
                  "item": "dpsk"
                },
                {
                  "type": "item",
                  "item": "dpbk"
                }
              ]
            },
            {
              "type": "array",
              "orientation": "horizontal",
              "margin": "0,1,0,0",
              "content": [
                {
                  "type": "item",
                  "item": "toh_label"
                },
                {
                  "type": "item",
                  "item": "hera"
                }
              ]
            },
            {
              "type": "array",
              "orientation": "horizontal",
              "margin": "1,1,0,0",
              "content": [
                {
                  "type": "item",
                  "item": "tohsk"
                },
                {
                  "type": "item",
                  "item": "tohbk"
                }
              ]
            },
            {
              "type": "array",
              "orientation": "horizontal",
              "margin": "0,1,0,0",
              "content": [
                {
                  "type": "item",
                  "item": "at_label"
                },
                {
                  "type": "item",
                  "item": "atsk"
                }
              ]
            },
            {
              "type": "array",
              "orientation": "horizontal",
              "margin": "0,1,0,0",
              "content": [
                {
                  "type": "item",
                  "item": "gt_label"
                },
                {
                  "type": "item",
                  "item": "gtbk"
                }
              ]
            },
            {
              "type": "array",
              "orientation": "horizontal",
              "margin": "0,1,0,0",
              "content": [
                {
                  "type": "item",
                  "item": "tr_label"
                },
                {
                  "type": "item",
                  "item": "trock"
                }
              ]
            },
            {
              "type": "array",
              "orientation": "horizontal",
              "margin": "1,1,0,0",
              "content": [
                {
                  "type": "item",
                  "item": "trsk"
                },
                {
                  "type": "item",
                  "item": "trbk"
                }
              ]
            }
          ]
        }
      ]
    }