﻿[
  // Bow
  {
    "name": "BowBase",
    "type": "toggle",
    "loop": "true",
    "img": "images/0048.png",
    "codes": "bow"
  },
  // Silver Arrows
  {
    "name": "Silver Arrows",
    "type": "toggle",
    "loop": "true",
    "img": "images/silver_arrow.png",
    "codes": "silverarrows,silvers"
  },
  // Bow + Silvers
  {
    "name": "Bow",
    "type": "composite_toggle",
    "codes": "bowandsilvers",
    "item_left": "bow",
    "item_right": "silvers",
    "images": [
      {
        "left": false,
        "right": false,
        "img": "images/0048.png",
        "img_mods": "@disabled"
      },
      {
        "left": true,
        "right": false,
        "img": "images/0048.png"
      },
      {
        "left": false,
        "right": true,
        "img": "images/silver_arrow.png"
      },
      {
        "left": true,
        "right": true,
        "img": "images/0049.png"
      }
    ]
  },
  // BlueBoom
  {
    "name": "BlueBoom",
    "type": "toggle",
    "loop": "true",
    "img": "images/0001.png",
    "codes": "blueboomerang, boomerang, boom, bboom, blueboom"
  },
  // RedBoom
  {
    "name": "RedBoom",
    "type": "toggle",
    "loop": "true",
    "img": "images/0037.png",
    "codes": "redboomerang, rboom, redboom"
  },
  // Boomerangs
  {
    "name": "Booms",
    "type": "composite_toggle",
    "codes": "bothbooms",
    "item_left": "blueboom",
    "item_right": "redboom",
    "images": [
      {
        "left": false,
        "right": false,
        "img": "images/doubleboomoff.png"
      },
      {
        "left": true,
        "right": false,
        "img": "images/0001.png"
      },
      {
        "left": false,
        "right": true,
        "img": "images/0037.png"
      },
      {
        "left": true,
        "right": true,
        "img": "images/doubleboom.png"
      }
    ]
  },
  // Hookshot
  {
    "name": "Hookshot",
    "type": "toggle",
    "loop": "true",
    "img": "images/0002.png",
    "codes": "hookshot,hs"
  },
  // Powder
  {
    "name": "Magic Powder",
    "type": "toggle",
    "loop": "true",
    "img": "images/0046.png",
    "codes": "powder, dust"
  },
  //Bat
  {
    "name": "Bat",
    "type": "toggle_badged",
    "base_item": "powder",
    "img": "images/checkmark.png",
    "codes": "bat"
  },
  // Mushroom
  {
    "name": "Mushroom",
    "type": "toggle",
    "loop": "true",
    "img": "images/0004.png",
    "codes": "mushroom, mush, shroom, drugs"
  },
  //Witch
  {
    "name": "Witch",
    "type": "toggle_badged",
    "base_item": "mush",
    "img": "images/checkmark.png",
    "codes": "witch"
  },
  // Fire Rod
  {
    "name": "Fire Rod",
    "type": "toggle",
    "loop": "true",
    "img": "images/0005.png",
    "codes": "firerod, frod"
  },
  // Ice Rod
  {
    "name": "Ice Rod",
    "type": "toggle",
    "loop": "true",
    "img": "images/0006.png",
    "codes": "icerod, irod"
  },

  // Bombos
  {
    "name": "Bombos",
    "type": "progressive_toggle",
    "stages": [
      {
        "img": "images/0007.png",
        "codes": "bombos",
        "secondary_codes": "0, nomed"
      },
      {
        "img": "images/0117.png",
        "codes": "bombos",
        "secondary_codes": "mm"
      },
      {
        "img": "images/0120.png",
        "codes": "bombos",
        "secondary_codes": "tr"
      },
      {
        "img": "images/0123.png",
        "codes": "bombos",
        "secondary_codes": "2, both"
      }
    ]
  },
  // Ether
  {
    "name": "Ether",
    "type": "progressive_toggle",
    "stages": [
      {
        "img": "images/0008.png",
        "codes": "ether",
        "secondary_codes": "0, nomed"
      },
      {
        "img": "images/0118.png",
        "codes": "ether",
        "secondary_codes": "mm"
      },
      {
        "img": "images/0121.png",
        "codes": "ether",
        "secondary_codes": "tr"
      },
      {
        "img": "images/0124.png",
        "codes": "ether",
        "secondary_codes": "2, both"
      }
    ]
  },
  // Quake
  {
    "name": "Quake",
    "type": "progressive_toggle",
    "stages": [
      {
        "img": "images/0009.png",
        "codes": "quake",
        "secondary_codes": "0, nomed"
      },
      {
        "img": "images/0119.png",
        "codes": "quake",
        "secondary_codes": "mm"
      },
      {
        "img": "images/0122.png",
        "codes": "quake",
        "secondary_codes": "tr"
      },
      {
        "img": "images/0125.png",
        "codes": "quake",
        "secondary_codes": "2, both"
      }
    ]
  },

  // Shovel
  {
    "name": "Shovel",
    "type": "toggle",
    "loop": "true",
    "img": "images/0012.png",
    "codes": "shovel"
  },

  //Digspot
  {
    "name": "Sick Kid",
    "type": "toggle_badged",
    "base_item": "shovel",
    "img": "images/checkmark.png",
    "codes": "digspot"
  },

  // Lamp
  {
    "name": "Lamp",
    "type": "toggle",
    "loop": "true",
    "img": "images/0010.png",
    "codes": "lamp, lantern"
  },
  // Hammer
  {
    "name": "Hammer",
    "type": "toggle",
    "loop": "true",
    "img": "images/0011.png",
    "codes": "hammer"
  },
  // Ocarina
  {
    "name": "Ocarina",
    "type": "toggle",
    "loop": "true",
    "img": "images/0047.png",
    "codes": "flute,ocarina"
  },
  // Bug Catching Net
  {
    "name": "Bug Catching Net",
    "type": "toggle",
    "loop": "true",
    "img": "images/0013.png",
    "codes": "net, bugnet"
  },
  // Book of Mudora
  {
    "name": "Book of Mudora",
    "type": "toggle",
    "loop": "true",
    "img": "images/0014.png",
    "codes": "book"
  },
  // Moon Pearl
  {
    "name": "Moon Pearl",
    "type": "toggle",
    "loop": "true",
    "img": "images/0022.png",
    "codes": "pearl,moonpearl"
  },

  // Bottles
  {
    "name": "Bottles",
    "type": "progressive",
    "loop": true,
    "allow_disabled": "false",
    "stages": [
      {
        "img": "images/0026.png",
        "img_mods": "@disabled"
      },
      {
        "img": "images/0070.png",
        "codes": "bottle"
      },
      {
        "img": "images/0071.png"
      },
      {
        "img": "images/0072.png"
      },
      {
        "img": "images/0073.png"
      }
    ]
  },

  // Sick Kid
  {
    "name": "Sick Kid",
    "type": "toggle_badged",
    "base_item": "bottle",
    "img": "images/checkmark.png",
    "codes": "sickkid"
  },

  // Somaria
  {
    "name": "Cane of Somaria",
    "type": "toggle",
    "loop": "true",
    "img": "images/0015.png",
    "codes": "somaria,redcane"
  },
  // Cane of Byrna
  {
    "name": "Cane of Byrna",
    "type": "toggle",
    "loop": "true",
    "img": "images/0016.png",
    "codes": "byrna,bluecane"
  },
  // Magic Cape
  {
    "name": "Magic Cape",
    "type": "toggle",
    "loop": "true",
    "img": "images/0017.png",
    "codes": "cape"
  },
  // Mirror
  {
    "name": "Mirror",
    "type": "toggle",
    "loop": "true",
    "img": "images/0018.png",
    "codes": "mirror"
  },

  // Go-Mode
  {
    "name": "Go Mode!",
    "capturable": false,
    "type": "toggle",
    "loop": "true",
    "img": "images/0062.png",
    "codes": "gomode"
  },
  // Agahnim
  {
    "name": "Agahnim",
    "type": "toggle",
    "loop": "true",
    "img": "images/aga1.png",
    "codes": "aga, aga1"
  },
  // Agahnim 2
  {
    "name": "Agahnim2",
    "type": "toggle",
    "loop": "true",
    "img": "images/aga2.png",
    "codes": "aga2"
  },
  // Agahnims
  {
    "name": "Agahnims",
    "type": "composite_toggle",
    "codes": "agahnims",
    "item_left": "aga1",
    "item_right": "aga2",
    "images": [
      {
        "left": false,
        "right": false,
        "img": "images/0055.png",
        "img_mods": "@disabled"
      },
      {
        "left": true,
        "right": false,
        "img": "images/aga1.png"
      },
      {
        "left": false,
        "right": true,
        "img": "images/aga2.png"
      },
      {
        "left": true,
        "right": true,
        "img": "images/0055.png"
      }
    ]
  },

  // Progressive Gloves
  {
    "name": "Gloves",
    "type": "progressive",
    "stages": [
      {
        "img": "images/0019.png",
        "codes": "gloves,lift1"
      },
      {
        "img": "images/0043.png",
        "codes": "mitts,lift2"
      }
    ]
  },
  // Boots
  {
    "name": "Boots",
    "type": "toggle",
    "loop": "true",
    "img": "images/0020.png",
    "codes": "boots, pegasus"
  },
  // Flippers
  {
    "name": "Flippers",
    "type": "toggle",
    "loop": "true",
    "img": "images/0021.png",
    "codes": "flippers"
  },
  // Half-Magic
  {
    "name": "Half-Magic",
    "type": "toggle",
    "loop": "true",
    "img": "images/0064.png",
    "codes": "halfmagic"
  },
  // Progressive Swords
  {
    "name": "Sword",
    "type": "progressive",
    "stages": [
      {
        "img": "images/0023.png",
        "codes": "sword, sword1, fs"
      },
      {
        "img": "images/0038.png",
        "codes": "sword, sword2, ms"
      },
      {
        "img": "images/0039.png",
        "codes": "sword, sword3, tempered"
      },
      {
        "img": "images/0040.png",
        "codes": "sword, sword4, butter"
      }
    ]
  },
  // HeartPieceCounter
  {
    "name": "Pieces",
    "type": "progressive",
    "loop": "true",
    "allow_disabled": "false",
    "stages": [
      {
        "img": "images/0066.png",
        "codes": "heart, heartpiece, hp, hp0",
        "img_mods": "@disabled"
      },
      {
        "img": "images/0067.png",
        "codes": "heart, heartpiece, hp, hp1"
      },
      {
        "img": "images/0068.png",
        "codes": "heart, heartpiece, hp, hp2"
      },
      {
        "img": "images/0069.png",
        "codes": "heart, heartpiece, hp, hp3"
      }
    ]
  },
  // Progressive Shields
  {
    "name": "Shield",
    "type": "progressive",
    "stages": [
      {
        "img": "images/0024.png",
        "codes": "shield1, shield"
      },
      {
        "img": "images/0044.png",
        "codes": "shield2, redshield"
      },
      {
        "img": "images/0045.png",
        "codes": "shield3, mirrorshield"
      }
    ]
  },
  // Progressive Mail
  {
    "name": "Mail",
    "type": "progressive",
    "allow_disabled": false,
    "stages": [
      {
        "img": "images/0025.png",
        "codes": "armor, armor1, greenmail"
      },
      {
        "img": "images/0041.png",
        "codes": "armor2, bluemail"
      },
      {
        "img": "images/0042.png",
        "codes": "armor3, redmail"
      }
    ]
  },

  // Eastern Palace
  {
    "name": "Eastern Palace",
    "type": "progressive_toggle",
    "stages": [
      {
        "img": "images/EPu.png",
        "codes": "eastern, armos, ep, easternpalace, ?, unknown"
      },
      {
        "img": "images/EPc.png",
        "codes": "eastern, armos, ep, easternpalace, crystal, c"
      },
      {
        "img": "images/EPfc.png",
        "disabled_img": "images/EPnfc.png",
        "disabled_img_mods": "",
        "codes": "eastern, armos, ep, easternpalace, crystal56, redcrystal, c+"
      },
      {
        "img": "images/EPp.png",
        "codes": "eastern, armos, ep, easternpalace, pendant, p"
      },
      {
        "img": "images/EPgp.png",
        "disabled_img": "images/EPngp.png",
        "disabled_img_mods": "",
        "codes": "eastern, armos, ep, easternpalace, greenpendant, gp, p+"
      }
    ]
  },

  // Desert Palace
  {
    "name": "Desert Palace",
    "type": "progressive_toggle",
    "stages": [
      {
        "img": "images/DPu.png",
        "codes": "desert, dp, molas, lanmolas, ?, unknown"
      },
      {
        "img": "images/DPc.png",
        "codes": "desertpalace, lanmolas, molas, desert, dp, crystal, c"
      },
      {
        "img": "images/DPfc.png",
        "disabled_img": "images/DPnfc.png",
        "disabled_img_mods": "",
        "codes": "desertpalace, lanmolas, molas, desert, dp, crystal56, redcrystal, c+"
      },
      {
        "img": "images/DPp.png",
        "codes": "desertpalace, lanmolas, molas, desert, dp, pendant, p"
      },
      {
        "img": "images/DPgp.png",
        "disabled_img": "images/DPngp.png",
        "disabled_img_mods": "",
        "codes": "desertpalace, lanmolas, molas, desert, dp, greenpendant, gp, p+"
      }
    ]
  },

  // Tower of Hera
  {
    "name": "Tower of Hera",
    "type": "progressive_toggle",
    "stages": [
      {
        "img": "images/THu.png",
        "codes": "hera, toh, towerofhera, moldorm, moldy, ?, unknown"
      },
      {
        "img": "images/THc.png",
        "codes": "towerofhera, moldorm, moldy, toh, hera, crystal, c"
      },
      {
        "img": "images/THfc.png",
        "disabled_img": "images/THnfc.png",
        "disabled_img_mods": "",
        "codes": "towerofhera, moldorm, moldy, toh, hera, crystal56, redcrystal, c+"
      },
      {
        "img": "images/THp.png",
        "codes": "towerofhera, moldorm, moldy, toh, hera, pendant, p"
      },
      {
        "img": "images/THgp.png",
        "disabled_img": "images/THngp.png",
        "disabled_img_mods": "",
        "codes": "towerofhera, moldorm, moldy, toh, hera, greenpendant, gp, p+"
      }
    ]
  },

  // Palace of Darkness
  {
    "name": "Palace of Darkness",
    "type": "progressive_toggle",
    "stages": [
      {
        "img": "images/PDu.png",
        "codes": "pod, helma, helmasaur, darkness, palaceofdarkness, ?, unknown"
      },
      {
        "img": "images/PDc.png",
        "codes": "palaceofdarkness, helma, helmasaur, pod, darkness, crystal, c"
      },
      {
        "img": "images/PDfc.png",
        "disabled_img": "images/PDnfc.png",
        "disabled_img_mods": "",
        "codes": "palaceofdarkness, helma, helmasaur, pod, darkness, crystal56, redcrystal, c+"
      },
      {
        "img": "images/PDp.png",
        "codes": "palaceofdarkness, helma, helmasaur, pod, darkness, pendant, p"
      },
      {
        "img": "images/PDgp.png",
        "disabled_img": "images/PDngp.png",
        "disabled_img_mods": "",
        "codes": "palaceofdarkness, helma, helmasaur, pod, darkness, greenpendant, gp, p+"
      }
    ]
  },

  // Swamp Palace
  {
    "name": "Swamp Palace",
    "type": "progressive_toggle",
    "stages": [
      {
        "img": "images/SPu.png",
        "codes": "swamp, swamppalace, sp, arrghus, ?, unknown"
      },
      {
        "img": "images/SPc.png",
        "codes": "swamppalace, swamp, sp, arrghus, crystal, c"
      },
      {
        "img": "images/SPfc.png",
        "disabled_img": "images/SPnfc.png",
        "disabled_img_mods": "",
        "codes": "swamppalace, swamp, sp, arrghus, crystal56, redcrystal, c+"
      },
      {
        "img": "images/SPp.png",
        "codes": "swamppalace, swamp, sp, arrghus, pendant, p"
      },
      {
        "img": "images/SPgp.png",
        "disabled_img": "images/SPngp.png",
        "disabled_img_mods": "",
        "codes": "swamppalace, swamp, sp, arrghus, greenpendant, gp, p+"
      }
    ]
  },

  // Skull Woods
  {
    "name": "Skull Woods",
    "type": "progressive_toggle",
    "stages": [
      {
        "img": "images/SWu.png",
        "codes": "skull, sw, skullwoods, moth, mothula, ?, unknown"
      },
      {
        "img": "images/SWc.png",
        "codes": "skullwoods, skull, sw, moth, mothula, crystal, c"
      },
      {
        "img": "images/SWfc.png",
        "disabled_img": "images/SWnfc.png",
        "disabled_img_mods": "",
        "codes": "skullwoods, skull, sw, moth, mothula, crystal56, redcrystal, c+"
      },
      {
        "img": "images/SWp.png",
        "codes": "skullwoods, skull, sw, moth, mothula, pendant, p"
      },
      {
        "img": "images/SWgp.png",
        "disabled_img": "images/SWngp.png",
        "disabled_img_mods": "",
        "codes": "skullwoods, skull, sw, moth, mothula, greenpendant, gp, p+"
      }
    ]
  },

  // Thieve's Town
  {
    "name": "Thieves Town",
    "type": "progressive_toggle",
    "stages": [
      {
        "img": "images/TTu.png",
        "codes": "tt, thieves, thieves, blind, ?, unknown"
      },
      {
        "img": "images/TTc.png",
        "codes": "thievestown, thieves, blind, tt, crystal, c"
      },
      {
        "img": "images/TTfc.png",
        "disabled_img": "images/TTnfc.png",
        "disabled_img_mods": "",
        "codes": "thievestown, thieves, blind, tt, crystal56, redcrystal, c+"
      },
      {
        "img": "images/TTp.png",
        "codes": "thievestown, thieves, blind, tt, pendant, p"
      },
      {
        "img": "images/TTgp.png",
        "disabled_img": "images/TTngp.png",
        "disabled_img_mods": "",
        "codes": "thievestown, thieves, blind, tt, greenpendant, gp, p+"
      }
    ]
  },

  // Ice Palace
  {
    "name": "Ice Palace",
    "type": "progressive_toggle",
    "stages": [
      {
        "img": "images/IPu.png",
        "codes": "icepalace, ip, khold, ice, kholdstare, ?, unknown"
      },
      {
        "img": "images/IPc.png",
        "codes": "icepalace, ip, ice, khold, kholdstare, crystal, c"
      },
      {
        "img": "images/IPfc.png",
        "disabled_img": "images/IPnfc.png",
        "disabled_img_mods": "",
        "codes": "icepalace, ip, ice, khold, kholdstare, crystal56, redcrystal, c+"
      },
      {
        "img": "images/IPp.png",
        "codes": "icepalace, ip, ice, khold, kholdstare, pendant, p"
      },
      {
        "img": "images/IPgp.png",
        "disabled_img": "images/IPngp.png",
        "disabled_img_mods": "",
        "codes": "icepalace, ip, ice, khold, kholdstare, greenpendant, gp, p+"
      }
    ]
  },

  // Misery Mire
  {
    "name": "Misery Mire",
    "type": "progressive_toggle",
    "stages": [
      {
        "img": "images/MMu.png",
        "codes": "mire, miserymire, mm, vitty, vitreous, ?, unknown"
      },
      {
        "img": "images/MMc.png",
        "codes": "miserymire, mire, mm, vitty, vitreous, crystal, c"
      },
      {
        "img": "images/MMfc.png",
        "disabled_img": "images/MMnfc.png",
        "disabled_img_mods": "",
        "codes": "miserymire, mire, mm, vitty, vitreous, crystal56, redcrystal, c+"
      },
      {
        "img": "images/MMp.png",
        "codes": "miserymire, mire, mm, vitty, vitreous, pendant, p"
      },
      {
        "img": "images/MMgp.png",
        "disabled_img": "images/MMngp.png",
        "disabled_img_mods": "",
        "codes": "miserymire, mire, mm, vitty, vitreous, greenpendant, gp, p+"
      }
    ]
  },

  // Turtle Rock
  {
    "name": "Boss_Reward",
    "type": "progressive_toggle",
    "stages": [
      {
        "img": "images/TRu.png",
        "codes": "trock, turtlerock, tr, trinexx, ?, unknown"
      },
      {
        "img": "images/TRc.png",
        "codes": "turtlerock, tr, trock, trinexx, crystal, c"
      },
      {
        "img": "images/TRfc.png",
        "disabled_img": "images/TRnfc.png",
        "disabled_img_mods": "",
        "codes": "turtlerock, tr, trock, trinexx, crystal56, redcrystal, c+"
      },
      {
        "img": "images/TRp.png",
        "codes": "turtlerock, tr, trock, trinexx, pendant, p"
      },
      {
        "img": "images/TRgp.png",
        "disabled_img": "images/TRngp.png",
        "disabled_img_mods": "",
        "codes": "turtlerock, tr, trock, trinexx, greenpendant, gp, p+"
      }
    ]
  },

  // Small Keys
  {
    "name": "DP Small Key",
    "type": "progressive",
    "allow_disabled": "false",
    "stages": [
      {
        "img": "images/0.png",
        "img_mods": "@disabled"
      },
      {
        "img": "images/1G.png",
        "codes": "dpsk, dpsmall, desertsmall, desertkey, desertsk, dpkey"
      }
    ]
  },
  {
    "name": "TOH Small Key",
    "type": "progressive",
    "allow_disabled": "false",
    "stages": [
      {
        "img": "images/0.png",
        "img_mods": "@disabled"
      },
      {
        "img": "images/1G.png",
        "codes": "tohsk, tohsmall, tohkey, herasmall, herakey, herask"
      }
    ]
  },
  {
    "name": "POD Small Key",
    "type": "progressive",
    "allow_disabled": "false",
    "stages": [
      {
        "img": "images/0.png",
        "img_mods": "@disabled"
      },
      {
        "img": "images/1.png",
        "codes": "podsk, podsmall, podkey, darknesssk, darknesssmall, darknesskey"
      },
      {
        "img": "images/2.png"
      },
      {
        "img": "images/3.png"
      },
      {
        "img": "images/4.png"
      },
      {
        "img": "images/5.png"
      },
      {
        "img": "images/6G.png"
      }
    ]
  },
  {
    "name": "SP Small Key",
    "type": "progressive",
    "allow_disabled": "false",
    "stages": [
      {
        "img": "images/0.png",
        "img_mods": "@disabled"
      },
      {
        "img": "images/1G.png",
        "codes": "spsk, spkey, spsmall, swampsmall, swampkey, swampsk"
      }
    ]
  },
  {
    "name": "SW Small Key",
    "type": "progressive",
    "allow_disabled": "false",
    "stages": [
      {
        "img": "images/0.png",
        "img_mods": "@disabled"
      },
      {
        "img": "images/1.png",
        "codes": "swsk, swsmall, swkey, skullsmall, skullsk, skullkey"
      },
      {
        "img": "images/2.png"
      },
      {
        "img": "images/3G.png"
      }
    ]
  },
  {
    "name": "TT Small Key",
    "type": "progressive",
    "allow_disabled": "false",
    "stages": [
      {
        "img": "images/0.png",
        "img_mods": "@disabled"
      },
      {
        "img": "images/1G.png",
        "codes": "ttsk, ttsmall, ttkey, thieveskey, thievessk, thievessmall"
      }
    ]
  },
  {
    "name": "IP Small Key",
    "type": "progressive",
    "allow_disabled": "false",
    "stages": [
      {
        "img": "images/0.png",
        "img_mods": "@disabled"
      },
      {
        "img": "images/1.png",
        "codes": "ipsk, ipsmall, ipkey, icesmall, icekey, icesk"
      },
      {
        "img": "images/2G.png"
      }
    ]
  },
  {
    "name": "MM Small Key",
    "type": "progressive",
    "allow_disabled": "false",
    "stages": [
      {
        "img": "images/0.png",
        "img_mods": "@disabled"
      },
      {
        "img": "images/1.png",
        "codes": "mmsk, mmkey, mmsmall, mirekey, miresmall, miresk"
      },
      {
        "img": "images/2.png"
      },
      {
        "img": "images/3G.png"
      }
    ]
  },
  {
    "name": "TR Small Key",
    "type": "progressive",
    "allow_disabled": "false",
    "stages": [
      {
        "img": "images/0.png",
        "img_mods": "@disabled"
      },
      {
        "img": "images/1.png",
        "codes": "trsk, trkey, trsmall, trocksmall, trockkey, trocksk"
      },
      {
        "img": "images/2.png"
      },
      {
        "img": "images/3.png"
      },
      {
        "img": "images/4G.png"
      }
    ]
  },
  {
    "name": "HC Small Key",
    "type": "progressive",
    "allow_disabled": "false",
    "stages": [
      {
        "img": "images/0.png",
        "img_mods": "@disabled"
      },
      {
        "img": "images/1G.png",
        "codes": "hcsk, hckey, hcsmall, castlesmall, castlekey, castlesk"
      }
    ]
  },
  {
    "name": "AT Small Key",
    "type": "progressive",
    "allow_disabled": "false",
    "stages": [
      {
        "img": "images/0.png",
        "img_mods": "@disabled"
      },
      {
        "img": "images/1.png",
        "codes": "atsk, atkey, atsmall, towersmall, towerkey, towersk"
      },
      {
        "img": "images/2G.png"
      }
    ]
  },
  {
    "name": "GT Small Key",
    "type": "progressive",
    "allow_disabled": "false",
    "stages": [
      {
        "img": "images/0.png",
        "img_mods": "@disabled"
      },
      {
        "img": "images/1.png",
        "codes": "gtsk, gtkey, gtsmall, ganonsmall, ganonkey, ganonsk"
      },
      {
        "img": "images/2.png"
      },
      {
        "img": "images/3.png"
      },
      {
        "img": "images/4G.png"
      }
    ]
  },

  // Big Keys
  {
    "name": "EP Big Key",
    "type": "toggle",
    "loop": "true",
    "img": "images/BigKey.png",
    "codes": "epbk, epbig, epbigkey, easternbig, easternbk, easternbigkey"
  },
  {
    "name": "DP Big Key",
    "type": "toggle",
    "loop": "true",
    "img": "images/BigKey.png",
    "codes": "dpbk, dpbig, dpbigkey, desertbig, desertbigkey, desertbk"
  },
  {
    "name": "TOH Big Key",
    "type": "toggle",
    "loop": "true",
    "img": "images/BigKey.png",
    "codes": "tohbk, tohbig, tohbigkey, herabig, herabigkey, herabk"
  },
  {
    "name": "POD Big Key",
    "type": "toggle",
    "loop": "true",
    "img": "images/BigKey.png",
    "codes": "podbk, podbig, podbigkey, darknessbk, darknessbig, darknessbigkey"
  },
  {
    "name": "SP Big Key",
    "type": "toggle",
    "loop": "true",
    "img": "images/BigKey.png",
    "codes": "spbk, spbig, spbigkey, swampbig, swampbigkey, swampbk"
  },
  {
    "name": "SW Big Key",
    "type": "toggle",
    "loop": "true",
    "img": "images/BigKey.png",
    "codes": "swbk, swbig, swbigkey, skullbig, skullbigkey, skullbk"
  },
  {
    "name": "TT Big Key",
    "type": "toggle",
    "img": "images/BigKey.png",
    "codes": "ttbk, ttbig, ttbigkey, thievesbig, thievesbigkey, thievesbk"
  },
  {
    "name": "IP Big Key",
    "type": "toggle",
    "loop": "true",
    "img": "images/BigKey.png",
    "codes": "ipbk, ipbig, ipbigkey, icebig, icebigkey, icebk"
  },
  {
    "name": "MM Big Key",
    "type": "toggle",
    "loop": "true",
    "img": "images/BigKey.png",
    "codes": "mmbk, mirebig, mirebigkey, mmbig, mmbigkey, mirebk"
  },
  {
    "name": "TR Big Key",
    "type": "toggle",
    "loop": "true",
    "img": "images/BigKey.png",
    "codes": "trbk, trbig, trbigkey, trockbig, trockbigkey, trockbk"
  },
  {
    "name": "GT Big Key",
    "type": "toggle",
    "loop": "true",
    "img": "images/BigKey.png",
    "codes": "gtbk, gtbig, gtbigkey, ganonbig, ganonbigkey, ganonbk"
  },

  // HC Label
  {
    "name": "Hyrule Castle",
    "type": "toggle",
    "loop": "true",
    "img": "images/HC.png",
    "codes": "hc, castle, hyrulecastle"
  },

  // AT Label
  {
    "name": "Aganhim's Tower",
    "type": "toggle",
    "loop": "true",
    "img": "images/AT.png",
    "codes": "at, agatower, agahnimstower"
  },

  // GT Label
  {
    "name": "Ganon's Tower",
    "type": "toggle",
    "img": "images/GT.png",
    "codes": "gt, ganonstower, ganontower"
  }
]