﻿{
  "tracker_broadcast": {
    "background": "#000000",
    "type": "itemgrid",
    "h_alignment": "center",
    "item_height": 50,
    "item_width": 50,
    "item_margin": "3,0",
    "rows": [
      [ "difficulty", "", "", "" ],
      [ "p1", "Happening", "VS", "Coin" ],
      [ "", "p1h", "p1vs", "p1c" ],
      [ "p2", "Happening", "VS", "Coin" ],
      [ "", "p2h", "p2vs", "p2c" ],
      [ "p3", "Happening", "VS", "Coin" ],
      [ "", "p3h", "p3vs", "p3c" ],
      [ "p4", "Happening", "VS", "Coin" ],
      [ "", "p4h", "p4vs", "p4c" ]
    ]
  }
}