﻿{
  "tracker_broadcast": {
    "background": "#000000",
    "type": "array",
    "orientation": "vertical",
    "margin": "0,0",
    "content": [
      {
        "type": "itemgrid",
        "item_margin": "1,1",
        "h_alignment": "left",
        "rows": [
          [ "bowandsilvers", "bothbooms", "hookshot", "mushder", "book", "easternpalace", "desertpalace", "towerofhera" ],
          [ "lamp", "ficerods", "bombos", "ether", "quake", "palaceofdarkness", "swamppalace", "skullwoods" ],
          [ "sickkid", "hammer", "shovlute", "capeofbyrna", "mirror", "thievestown", "icepalace", "miserymire" ],
          [ "somaria", "boots", "gloves", "flippers", "pearl", "sword", "turtlerock", "ganon" ]
        ]
      },
      {
        "type": "array",
        "orientation": "horizontal",
        "margin": "0,0",
        "content": [
          {
            "type": "array",
            "orientation": "vertical",
            "margin": "0,0",
            "content": [
              {
                "type": "array",
                "orientation": "horizontal",
                "margin": "0,0",
                "content": [
                  {
                    "type": "item",
                    "item": "charge",
                    "margin": "1,1"
                  },
                  {
                    "type": "item",
                    "item": "ibeam",
                    "margin": "1,1"
                  }
                ]
              },
              {
                "type": "array",
                "orientation": "horizontal",
                "margin": "0,0",
                "content": [
                  {
                    "type": "item",
                    "item": "missile",
                    "margin": "2,2,1,2"
                  },
                  {
                    "type": "item",
                    "item": "supermissile",
                    "margin": "2,2"
                  },
                  {
                    "type": "item",
                    "item": "powerbomb",
                    "margin": "1,2,2,2"
                  }
                ]
              }
            ]
          },
          {
            "type": "itemgrid",
            "item_margin": "1,1",
            "h_alignment": "left",
            "rows": [
              [ "wave", "spazer", "plasma", "hijump" ],
              [ "varia", "morph", "bomb", "space" ],
              [ "gravity", "spring", "screw", "speed" ]
            ]
          },
          {
            "type": "array",
            "orientation": "vertical",
            "margin": "0,0",
            "content": [
              {
                "type": "array",
                "orientation": "horizontal",
                "margin": "0,0",
                "content": [
                  {
                    "type": "item",
                    "item": "grapple",
                    "margin": "1,1"
                  },
                  {
                    "type": "item",
                    "item": "brain",
                    "margin": "1,1",
                    "width": 32,
                    "height": 32
                  }
                ]
              },
              {
                "type": "canvas",
                "width": 67,
                "height": 67,
                "margin": "3,1,1,1",
                "content": [
                  {
                    "type": "image",
                    "image": "images/g4_background.png",
                    "margin": "0",
                    "canvas_depth": 0,
                    "width": 67,
                    "height": 67
                  },
                  {
                    "type": "item",
                    "item": "ridley",
                    "margin": "0",
                    "canvas_depth": 1,
                    "width": 67,
                    "height": 67
                  },
                  {
                    "type": "item",
                    "item": "kraid",
                    "margin": "0",
                    "canvas_depth": 1,
                    "width": 67,
                    "height": 67
                  },
                  {
                    "type": "item",
                    "item": "draygon",
                    "margin": "0",
                    "canvas_depth": 1,
                    "canvas_left": 31,
                    "canvas_top": 24,
                    "width": 32,
                    "height": 43
                  },
                  {
                    "type": "item",
                    "item": "phantoon",
                    "margin": "0",
                    "canvas_depth": 1,
                    "width": 67,
                    "height": 67
                  }
                ]
              }
            ]
          }
        ]
      }
    ]
  }
}