﻿{
  "shared_item_grid": {
    "type": "array",
    "orientation": "vertical",
    "margin": "0,0",
    "content": [
      {
        "type": "itemgrid",
        "item_margin": "1,1",
        "h_alignment": "left",
        "rows": [
          [ "bowandsilvers", "bothbooms", "hookshot", "mushroom", "powder", "varia", "gravity", "charge" ],
          [ "firerod", "icerod", "bombos", "ether", "quake", "morph", "bomb", "ibeam" ],
          [ "lamp", "hammer", "flute", "shovel", "book", "spring", "screw", "wave" ],
          [ "sickkid", "somaria", "halfmagic", "capeofbyrna", "mirror", "hijump", "space", "spazer" ],
          [ "boots", "gloves", "flippers", "pearl", "sword", "speed", "grapple", "plasma" ]
        ]
      },
      {
        "type": "array",
        "orientation": "horizontal",
        "margin": "0,0",
        "content": [
          {
            "type": "itemgrid",
            "item_margin": "1,1",
            "h_alignment": "left",
            "rows": [
              [ "easternpalace", "desertpalace", "towerofhera", "palaceofdarkness", "swamppalace", "brain" ],
              [ "skullwoods", "thievestown", "icepalace", "miserymire", "turtlerock", "ganon" ]
            ]
          },
          {
            "type": "array",
            "orientation": "vertical",
            "margin": "0,0",
            "content": [
              {
                "type": "canvas",
                "width": 67,
                "height": 67,
                "margin": "3,1,1,1",
                "content": [
                  {
                    "type": "image",
                    "image": "images/g4_background.png",
                    "margin": "0",
                    "canvas_depth": 0,
                    "width": 67,
                    "height": 67
                  },
                  {
                    "type": "item",
                    "item": "ridley",
                    "margin": "0",
                    "canvas_depth": 1,
                    "width": 67,
                    "height": 67
                  },
                  {
                    "type": "item",
                    "item": "kraid",
                    "margin": "0",
                    "canvas_depth": 1,
                    "width": 67,
                    "height": 67
                  },
                  {
                    "type": "item",
                    "item": "draygon",
                    "margin": "0",
                    "canvas_depth": 1,
                    "canvas_left": 31,
                    "canvas_top": 24,
                    "width": 32,
                    "height": 43,
                  },
                  {
                    "type": "item",
                    "item": "phantoon",
                    "margin": "0",
                    "canvas_depth": 1,
                    "width": 67,
                    "height": 67
                  }
                ]
              }
            ]
          }
        ]
      }
    ]
  },
  "tracker_default": {
    "type": "container",
    "background": "#000000",
    "width": 272,
    "height": 242,
    "content": {
      "type": "layout",
      "dropshadow": false,
      "margin": 1,
      "key": "shared_item_grid"
    }
  }
}