﻿{
  "tracker_broadcast": {
    "background": "#000000",
    "type": "itemgrid",
    "h_alignment": "center",
    "item_height": 50,
    "item_width": 50,
    "item_margin": "1,0",
    "rows": [
      [ "item1icon", "item5icon", "item9icon", "item13icon", "item17icon", "item21icon", "item25icon", "item29icon", "item33icon", "item37icon" ],
      [ "item1counter", "item5counter", "item9counter", "item13counter", "item17counter", "item21counter", "item25counter", "item29counter", "item33counter", "item37counter" ],
      [ "item2icon", "item6icon", "item10icon", "item14icon", "item18icon", "item22icon", "item26icon", "item30icon", "item34icon", "item38icon" ],
      [ "item2counter", "item6counter", "item10counter", "item14counter", "item18counter", "item22counter", "item26counter", "item30counter", "item34counter", "item38counter" ],
      [ "item3icon", "item7icon", "item11icon", "item15icon", "item19icon", "item23icon", "item27icon", "item31icon", "item35icon", "item39icon" ],
      [ "item3counter", "item7counter", "item11counter", "item15counter", "item19counter", "item23counter", "item27counter", "item31counter", "item35counter", "item39counter" ],
      [ "item4icon", "item8icon", "item12icon", "item16icon", "item20icon", "item24icon", "item28icon", "item32icon", "item36icon", "item40icon" ],
      [ "item4counter", "item8counter", "item12counter", "item16counter", "item20counter", "item24counter", "item28counter", "item32counter", "item36counter", "item40counter" ]
    ]
  }
}
