﻿{
  "shared_item_grid": {
    "type": "itemgrid",
    "item_margin": "1,1",
    "h_alignment": "left",
    "rows": [
      [ "z1sword", "z1candle", "z1recorder", "bowandsilvers", "bothbooms", "hookshot", "witch", "bat" ],
      [ "z1arrows", "z1bow", "z1rod", "firerod", "icerod", "bombos", "ether", "quake" ],
      [ "z1book", "z1bracelet", "z1ladder", "lamp", "hammer", "duck", "digspot", "book" ],
      [ "z1tri1", "z1tri2", "z1raft", "sickkid", "somaria", "byrna", "cape", "mirror" ],
      [ "z1tri3", "z1tri4", "z1magickey", "boots", "gloves", "flippers", "pearl", "agahnims" ],
      [ "z1tri5", "z1tri6", "z1ganon", "ep","dp", "toh", "pod", "sp" ],
      [ "z1tri7", "z1tri8", "ganon", "sw","tt", "ip", "mm", "tr" ]
    ]
  },
  "tracker_default":
  {
    "type": "container",
    "background": "#000000",
    "width": 274,
    "height": 241,
    "content": {
      "type": "layout",
      "dropshadow": false,
      "margin": 1,
      "image": "images/FullBack.png",
      "key": "shared_item_grid"
    }
  },
  "tracker_broadcast":
  {
    "type": "container",
    "background": "#000000",
    "width": 274,
    "height": 241,
    "content": {
      "type": "layout",
      "dropshadow": false,
      "margin": 1,
      "image": "images/FullBack.png",
      "key": "shared_item_grid"
    }
  }
}