﻿{
  "map_enabled": false,
  "auto_pin_capturing_locations": false,
  "auto_unpin_on_clear": false,
  "allow_resize": false,
  "layout_swap_left_right": false,
  "disabled_image_filter": "grayscale, dim",
  "layouts": {
    "shared_item_grid": {
      "type": "array",
      "orientation": "horizontal",
      "margin": "0,0",
      "content": [
        {
          "type": "itemgrid",
          "item_margin": "1,1",
          "h_alignment": "left",
          "rows": [
            [ "bow", "boomerang", "hookshot", "mushroom", "powder" ],
            [ "firerod", "icerod", "bombos", "ether", "quake" ],
            [ "lamp", "hammer", "ocarina", "shovel", "book" ],
            [ "bottle", "somaria", "byrna", "cape", "mirror" ],
            [ "boots", "gloves", "flippers", "pearl", "net" ],
            [ "sword", "shield", "armor", "halfmagic", "aga" ]
          ]
        },
        {
          "type": "array",
          "orientation": "vertical",
          "margin": "0,0",
          "content": [
            {
              "type": "array",
              "orientation": "horizontal",
              "margin": "0,1,0,0",
              "content": [
                {
                  "type": "item",
                  "item": "eastern"
                },
                {
                  "type": "item",
                  "margin": "17,0",
                  "item": "epbk"
                }
              ]
            },
            {
              "type": "array",
              "orientation": "horizontal",
              "margin": "0,1,0,0",
              "content": [
                {
                  "type": "item",
                  "item": "desert"
                },
                {
                  "type": "item",
                  "item": "dpsk"
                },
                {
                  "type": "item",
                  "item": "dpbk"
                }
              ]
            },
            {
              "type": "array",
              "orientation": "horizontal",
              "margin": "0,1,0,0",
              "content": [
                {
                  "type": "item",
                  "item": "hera"
                },
                {
                  "type": "item",
                  "item": "tohsk"
                },
                {
                  "type": "item",
                  "item": "tohbk"
                }
              ]
            },
            {
              "type": "array",
              "orientation": "horizontal",
              "margin": "0,1,0,0",
              "content": [
                {
                  "type": "item",
                  "item": "hc_label"
                },
                {
                  "type": "item",
                  "item": "hcsk"
                },
                {
                  "type": "item",
                  "item": "at_label"
                },
                {
                  "type": "item",
                  "item": "atsk"
                }
              ]
            },
            {
              "type": "array",
              "orientation": "horizontal",
              "margin": "0,1,0,0",
              "content": [
                {
                  "type": "item",
                  "item": "pod"
                },
                {
                  "type": "item",
                  "item": "podsk"
                },
                {
                  "type": "item",
                  "item": "podbk"
                }
              ]
            },
            {
              "type": "array",
              "orientation": "horizontal",
              "margin": "0,1,0,0",
              "content": [
                {
                  "type": "item",
                  "item": "swamp"
                },
                {
                  "type": "item",
                  "item": "spsk"
                },
                {
                  "type": "item",
                  "item": "spbk"
                }
              ]
            },
            {
              "type": "array",
              "orientation": "horizontal",
              "margin": "0,1,0,0",
              "content": [
                {
                  "type": "item",
                  "item": "skull"
                },
                {
                  "type": "item",
                  "item": "swsk"
                },
                {
                  "type": "item",
                  "item": "swbk"
                }
              ]
            },
            {
              "type": "array",
              "orientation": "horizontal",
              "margin": "0,1,0,0",
              "content": [
                {
                  "type": "item",
                  "item": "thieves"
                },
                {
                  "type": "item",
                  "item": "ttsk"
                },
                {
                  "type": "item",
                  "item": "ttbk"
                }
              ]
            },
            {
              "type": "array",
              "orientation": "horizontal",
              "margin": "0,1,0,0",
              "content": [
                {
                  "type": "item",
                  "item": "icepalace"
                },
                {
                  "type": "item",
                  "item": "ipsk"
                },
                {
                  "type": "item",
                  "item": "ipbk"
                }
              ]
            },
            {
              "type": "array",
              "orientation": "horizontal",
              "margin": "0,1,0,0",
              "content": [
                {
                  "type": "item",
                  "item": "mire"
                },
                {
                  "type": "item",
                  "item": "mmsk"
                },
                {
                  "type": "item",
                  "item": "mmbk"
                }
              ]
            },
            {
              "type": "array",
              "orientation": "horizontal",
              "margin": "0,1,0,0",
              "content": [
                {
                  "type": "item",
                  "item": "trock"
                },
                {
                  "type": "item",
                  "item": "trsk"
                },
                {
                  "type": "item",
                  "item": "trbk"
                }
              ]
            },
            {
              "type": "array",
              "orientation": "horizontal",
              "margin": "0,1,0,0",
              "content": [
                {
                  "type": "item",
                  "margin":  "8,0",
                  "item": "gt_label"
                },
                {
                  "type": "item",
                  "item": "gtsk"
                },
                {
                  "type": "item",
                  "item": "gtbk"
                }
              ]
            }
          ]
        }
      ]
    },
    "tracker_default": {
      "type": "container",
      "width": 242,
      //"height": 210,
      "background": "#000000",
      "content": {
        "type": "layout",
        "dropshadow": false,
        "margin": 1,
        "key": "shared_item_grid"
      }
    }
  }
}