﻿{
  "tracker_broadcast": {
    "background": "#000000",
    "type": "itemgrid",
    "h_alignment": "center",
    "item_height": 50,
    "item_width": 50,
    "item_margin": "3,0",
    "rows": [
      [ "p1", "p2", "p3", "p4" ],
      [ "Happening", "Happening", "Happening", "Happening" ],
      [ "p1h", "p2h", "p3h", "p4h" ],
      [ "VS", "VS", "VS", "VS" ],
      [ "p1vs", "p2vs", "p3vs", "p4vs" ],
      [ "Coin", "Coin", "Coin", "Coin" ],
      [ "p1c", "p2c", "p3c", "p4c" ]
    ]
  }
}
