﻿{
  "shared_item_grid": {
    "type": "array",
    "orientation": "vertical",
    "margin": "0,0",
    "content": [
      {
        "type": "itemgrid",
        "item_margin": "1,1",
        "h_alignment": "left",
        "item_height": 50,
        "item_width": 50,
        "rows": [
          [ "difficulty", "p1", "p2", "p3", "p4" ],
          [ "happening", "p1h", "p2h", "p3h", "p4h" ],
          [ "vs", "p1vs", "p2vs", "p3vs", "p4vs" ],
          [ "coin", "p1c", "p2c", "p3c", "p4c" ]
        ]
      },
      {
        "type": "itemgrid",
        "item_margin": "1,0,1,1",
        "h_alignment": "left",
        "item_height": 24,
        "item_width": 50,
        "rows": [
          [ "", "p1p10", "p2p10", "p3p10", "p4p10" ],
          [ "", "p1p3", "p2p3", "p3p3", "p4p3" ],
          [ "", "p1p2", "p2p2", "p3p2", "p4p2" ],
          [ "", "p1m2", "p2m2", "p3m2", "p4m2" ],
          [ "", "p1m3", "p2m3", "p3m3", "p4m3" ],
          [ "", "p1m10", "p2m10", "p3m10", "p4m10" ]
        ]
      }
    ]
  },
  "tracker_default": {
    "type": "container",
    "background": "#000000",
    "width": 262,
    "content": {
      "type": "layout",
      "dropshadow": false,
      "margin": 1,
      "key": "shared_item_grid"
    }
  }
}
