﻿{
  "map_enabled": false,
  "auto_pin_capturing_locations": false,
  "auto_unpin_on_clear": false,
  "allow_resize": false,
  "layout_swap_left_right": false,
  "disabled_image_filter": "grayscale, dim",
  "layouts": {
    "shared_item_grid": {
      "type": "itemgrid",
      "h_alignment": "center",
      "item_margin": "1,1",
      "rows": [
        [ "bowandsilvers",  "bothbooms", "hookshot", "witch", "bat",  "boots", "easternpalace" ],
        [ "firerod", "icerod", "bombos", "ether", "quake", "lift1", "desertpalace" ],
        [ "lamp", "hammer", "ocarina", "digspot", "book", "flippers", "towerofhera" ],
        [ "sickkid", "somaria", "byrna", "cape", "mirror", "pearl", "sword" ],
        [ "palaceofdarkness", "swamppalace", "skullwoods", "thievestown", "icepalace", "miserymire", "turtlerock" ]  
      ]
    },
    "tracker_capture_item": {
      "type": "container",
      "content": {
        "type": "layout",
        "key": "shared_item_grid"
      }
    },
    "tracker_default": {
      "type": "container",
      "background": "#000000",
      "width": 242,
      //"height": 250,
      "content": {
        "type": "layout",
        "dropshadow": false,
        "margin": 1,
        "key": "shared_item_grid"
      }
    }
  }
}
