﻿[
  // Bow
  {
    "name": "Bow",
    "type": "progressive_toggle",
    "stages": [
      {
        "img": "images/0048.png",
        "codes": "bow"
      },
      {
        "img": "images/0049.png",
        "codes": "silvers",
        "disabled_img": "images/silver_arrow.png",
        "disabled_img_mods": ""
      }
    ]
  },
  // Silver Arrows
  {
    "name": "Silver Arrows",
    "type": "toggle",
    "loop": "true",
    "img": "images/silver_arrow.png",
    "codes": "silverarrows,silvers"
  },
  // Boomerangs
  {
    "name": "Boomerang",
    "type": "progressive_toggle",
    "stages": [
      {
        "img": "images/0001.png",
        "codes": "blueboomerang, boomerang",
        "disabled_img": "images/doubleboomoff.png",
        "disabled_img_mods": ""
      },
      {
        "img": "images/doubleboom.png",
        "codes": "redboomerang",
        "disabled_img": "images/0037.png",
        "disabled_img_mods": ""
      }
    ]
  },
  // Hookshot
  {
    "name": "Hookshot",
    "type": "toggle",
    "loop": "true",
    "img": "images/0002.png",
    "codes": "hookshot,hs"
  },
  // Mushder
  {
    "name": "Mushder",
    "type": "progressive_toggle",
    "stages": [
      {
        "img": "images/MushderYN.png",
        "codes": "mushroom",
        "disabled_img": "images/MushderYY.png",
        "disabled_img_mods": "@disabled"
      },
      {
        "img": "images/MushderYY.png",
        "codes": "powder",
        "disabled_img": "images/MushderNY.png",
        "disabled_img_mods": ""
      }
    ]
  },
  // Shovlute
  {
    "name": "Shovlute",
    "type": "progressive_toggle",
    "stages": [
      {
        "img": "images/shovluteYN.png",
        "codes": "shovel",
        "disabled_img": "images/shovluteYY.png",
        "disabled_img_mods": "@disabled"
      },
      {
        "img": "images/shovluteYY.png",
        "codes": "flute",
        "disabled_img": "images/shovluteNY.png",
        "disabled_img_mods": ""
      }
    ]
  },
  // CapeofByrna
  {
    "name": "CapeofByrna",
    "type": "progressive_toggle",
    "stages": [
      {
        "img": "images/CapeofbyrnaYN.png",
        "codes": "byrna",
        "disabled_img": "images/CapeofbyrnaYY.png",
        "disabled_img_mods": "@disabled"
      },
      {
        "img": "images/CapeofbyrnaYY.png",
        "codes": "cape",
        "disabled_img": "images/CapeofbyrnaNY.png",
        "disabled_img_mods": ""
      }
    ]
  },

  // Fire Rod
  {
    "name": "Fire Rod",
    "type": "toggle",
    "loop": "true",
    "img": "images/0005.png",
    "codes": "firerod,firesource"
  },
  // Ice Rod
  {
    "name": "Ice Rod",
    "type": "toggle",
    "loop": "true",
    "img": "images/0006.png",
    "codes": "icerod"
  },

  // Bombos
  {
    "name": "Bombos",
    "type": "progressive_toggle",
    "stages": [
      {
        "img": "images/0007.png",
        "codes": "bombos"
      },
      {
        "img": "images/0117.png",
        "codes": "bombos,mm_medallion"
      },
      {
        "img": "images/0120.png",
        "codes": "bombos,tr_medallion"
      },
      {
        "img": "images/0123.png",
        "codes": "bombos,mm_medallion,tr_medallion"
      }
    ]
  },
  // Ether
  {
    "name": "Ether",
    "type": "progressive_toggle",
    "stages": [
      {
        "img": "images/0008.png",
        "codes": "ether"
      },
      {
        "img": "images/0118.png",
        "codes": "ether,mm_medallion"
      },
      {
        "img": "images/0121.png",
        "codes": "ether,tr_medallion"
      },
      {
        "img": "images/0124.png",
        "codes": "ether,mm_medallion,tr_medallion"
      }
    ]
  },
  // Quake
  {
    "name": "Quake",
    "type": "progressive_toggle",
    "stages": [
      {
        "img": "images/0009.png",
        "codes": "quake"
      },
      {
        "img": "images/0119.png",
        "codes": "quake,mm_medallion"
      },
      {
        "img": "images/0122.png",
        "codes": "quake,tr_medallion"
      },
      {
        "img": "images/0125.png",
        "codes": "quake,mm_medallion,tr_medallion"
      }
    ]
  },

  // Lamp
  {
    "name": "Lamp",
    "type": "toggle",
    "loop": "true",
    "img": "images/0010.png",
    "codes": "lamp,firesource"
  },
  // Hammer
  {
    "name": "Hammer",
    "type": "toggle",
    "loop": "true",
    "img": "images/0011.png",
    "codes": "hammer"
  },
  // Book of Mudora
  {
    "name": "Book of Mudora",
    "type": "toggle",
    "loop": "true",
    "img": "images/0014.png",
    "codes": "book"
  },
  // Moon Pearl
  {
    "name": "Moon Pearl",
    "type": "toggle",
    "loop": "true",
    "img": "images/0022.png",
    "codes": "pearl,moonpearl"
  },

  // Bottles
  {
    "name": "Bottles",
    "type": "progressive",
    "allow_disabled": "false",
    "stages": [
      {
        "img": "images/0026.png",
        "img_mods": "@disabled"
      },
      {
        "img": "images/0070.png",
        "codes": "bottle"
      },
      {
        "img": "images/0071.png"
      },
      {
        "img": "images/0072.png"
      },
      {
        "img": "images/0073.png"
      }
    ]
  },

  // Somaria
  {
    "name": "Cane of Somaria",
    "type": "toggle",
    "loop": "true",
    "img": "images/0015.png",
    "codes": "somaria,redcane"
  },
  // Mirror
  {
    "name": "Mirror",
    "type": "toggle",
    "loop": "true",
    "img": "images/0018.png",
    "codes": "mirror"
  },

  // Progressive Gloves
  {
    "name": "Gloves",
    "type": "progressive",
    "stages": [
      {
        "img": "images/0019.png",
        "codes": "gloves,lift1"
      },
      {
        "img": "images/0043.png",
        "codes": "mitts,lift2"
      }
    ]
  },
  // Boots
  {
    "name": "Boots",
    "type": "toggle",
    "loop": "true",
    "img": "images/0020.png",
    "codes": "boots"
  },
  // Flippers
  {
    "name": "Flippers",
    "type": "toggle",
    "loop": "true",
    "img": "images/0021.png",
    "codes": "flippers"
  },
  // Progressive Swords
  {
    "name": "Sword",
    "type": "progressive",
    "stages": [
      {
        "img": "images/0023.png",
        "codes": "sword"
      },
      {
        "img": "images/0038.png",
        "codes": "sword2,mst"
      },
      {
        "img": "images/0039.png",
        "codes": "sword3,tempered"
      },
      {
        "img": "images/0040.png",
        "codes": "sword4,butter"
      }
    ]
  },

  // Eastern Palace
  {
    "name": "Eastern Palace",
    "type": "progressive_toggle",
    "stages": [
      {
        "img": "images/EPu.png",
        "codes": "eastern"
      },
      {
        "img": "images/EPc.png",
        "codes": "eastern,crystal"
      },
      {
        "img": "images/EPfc.png",
        "disabled_img": "images/EPnfc.png",
        "disabled_img_mods": "",
        "codes": "eastern,crystal56"
      },
      {
        "img": "images/EPp.png",
        "codes": "eastern,pendant"
      },
      {
        "img": "images/EPgp.png",
        "disabled_img": "images/EPngp.png",
        "disabled_img_mods": "",
        "codes": "eastern,greenpendant"
      }
    ]
  },

  // Desert Palace
  {
    "name": "Desert Palace",
    "type": "progressive_toggle",
    "stages": [
      {
        "img": "images/DPu.png",
        "codes": "desert"
      },
      {
        "img": "images/DPc.png",
        "codes": "desert,crystal"
      },
      {
        "img": "images/DPfc.png",
        "disabled_img": "images/DPnfc.png",
        "disabled_img_mods": "",
        "codes": "desert,crystal56"
      },
      {
        "img": "images/DPp.png",
        "codes": "desert,pendant"
      },
      {
        "img": "images/DPgp.png",
        "disabled_img": "images/DPngp.png",
        "disabled_img_mods": "",
        "codes": "desert,greenpendant"
      }
    ]
  },

  // Tower of Hera
  {
    "name": "Tower of Hera",
    "type": "progressive_toggle",
    "stages": [
      {
        "img": "images/THu.png",
        "codes": "hera"
      },
      {
        "img": "images/THc.png",
        "codes": "hera,crystal"
      },
      {
        "img": "images/THfc.png",
        "disabled_img": "images/THnfc.png",
        "disabled_img_mods": "",
        "codes": "hera,crystal56"
      },
      {
        "img": "images/THp.png",
        "codes": "hera,pendant"
      },
      {
        "img": "images/THgp.png",
        "disabled_img": "images/THngp.png",
        "disabled_img_mods": "",
        "codes": "hera,greenpendant"
      }
    ]
  },

  // Palace of Darkness
  {
    "name": "Palace of Darkness",
    "type": "progressive_toggle",
    "stages": [
      {
        "img": "images/PDu.png",
        "codes": "pod"
      },
      {
        "img": "images/PDc.png",
        "codes": "pod,crystal"
      },
      {
        "img": "images/PDfc.png",
        "disabled_img": "images/PDnfc.png",
        "disabled_img_mods": "",
        "codes": "pod,crystal56"
      },
      {
        "img": "images/PDp.png",
        "codes": "pod,pendant"
      },
      {
        "img": "images/PDgp.png",
        "disabled_img": "images/PDngp.png",
        "disabled_img_mods": "",
        "codes": "pod,greenpendant"
      }
    ]
  },

  // Swamp Palace
  {
    "name": "Swamp Palace",
    "type": "progressive_toggle",
    "stages": [
      {
        "img": "images/SPu.png",
        "codes": "swamp"
      },
      {
        "img": "images/SPc.png",
        "codes": "swamp,crystal"
      },
      {
        "img": "images/SPfc.png",
        "disabled_img": "images/SPnfc.png",
        "disabled_img_mods": "",
        "codes": "swamp,crystal56"
      },
      {
        "img": "images/SPp.png",
        "codes": "swamp,pendant"
      },
      {
        "img": "images/SPgp.png",
        "disabled_img": "images/SPngp.png",
        "disabled_img_mods": "",
        "codes": "swamp,greenpendant"
      }
    ]
  },

  // Skull Woods
  {
    "name": "Skull Woods",
    "type": "progressive_toggle",
    "stages": [
      {
        "img": "images/SWu.png",
        "codes": "skull"
      },
      {
        "img": "images/SWc.png",
        "codes": "skull,crystal"
      },
      {
        "img": "images/SWfc.png",
        "disabled_img": "images/SWnfc.png",
        "disabled_img_mods": "",
        "codes": "skull,crystal56"
      },
      {
        "img": "images/SWp.png",
        "codes": "skull,pendant"
      },
      {
        "img": "images/SWgp.png",
        "disabled_img": "images/SWngp.png",
        "disabled_img_mods": "",
        "codes": "skull,greenpendant"
      }
    ]
  },

  // Thieve's Town
  {
    "name": "Thieves Town",
    "type": "progressive_toggle",
    "stages": [
      {
        "img": "images/TTu.png",
        "codes": "thieves"
      },
      {
        "img": "images/TTc.png",
        "codes": "thieves,crystal"
      },
      {
        "img": "images/TTfc.png",
        "disabled_img": "images/TTnfc.png",
        "disabled_img_mods": "",
        "codes": "thieves,crystal56"
      },
      {
        "img": "images/TTp.png",
        "codes": "thieves,pendant"
      },
      {
        "img": "images/TTgp.png",
        "disabled_img": "images/TTngp.png",
        "disabled_img_mods": "",
        "codes": "thieves,greenpendant"
      }
    ]
  },

  // Ice Palace
  {
    "name": "Ice Palace",
    "type": "progressive_toggle",
    "stages": [
      {
        "img": "images/IPu.png",
        "codes": "icepalace"
      },
      {
        "img": "images/IPc.png",
        "codes": "icepalace,crystal"
      },
      {
        "img": "images/IPfc.png",
        "disabled_img": "images/IPnfc.png",
        "disabled_img_mods": "",
        "codes": "icepalace,crystal56"
      },
      {
        "img": "images/IPp.png",
        "codes": "icepalace,pendant"
      },
      {
        "img": "images/IPgp.png",
        "disabled_img": "images/IPngp.png",
        "disabled_img_mods": "",
        "codes": "icepalace,greenpendant"
      }
    ]
  },

  // Misery Mire
  {
    "name": "Misery Mire",
    "type": "progressive_toggle",
    "stages": [
      {
        "img": "images/MMu.png",
        "codes": "mire"
      },
      {
        "img": "images/MMc.png",
        "codes": "mire,crystal"
      },
      {
        "img": "images/MMfc.png",
        "disabled_img": "images/MMnfc.png",
        "disabled_img_mods": "",
        "codes": "mire,crystal56"
      },
      {
        "img": "images/MMp.png",
        "codes": "mire,pendant"
      },
      {
        "img": "images/MMgp.png",
        "disabled_img": "images/MMngp.png",
        "disabled_img_mods": "",
        "codes": "mire,greenpendant"
      }
    ]
  },

  // Turtle Rock
  {
    "name": "Boss_Reward",
    "type": "progressive_toggle",
    "stages": [
      {
        "img": "images/TRu.png",
        "codes": "trock"
      },
      {
        "img": "images/TRc.png",
        "codes": "trock,crystal"
      },
      {
        "img": "images/TRfc.png",
        "disabled_img": "images/TRnfc.png",
        "disabled_img_mods": "",
        "codes": "trock,crystal56"
      },
      {
        "img": "images/TRp.png",
        "codes": "trock,pendant"
      },
      {
        "img": "images/TRgp.png",
        "disabled_img": "images/TRngp.png",
        "disabled_img_mods": "",
        "codes": "trock,greenpendant"
      }
    ]
  },

  // Small Keys
  {
    "name": "DP Small Key",
    "type": "progressive",
    "allow_disabled": "false",
    "stages": [
      {
        "img": "images/0.png",
        "img_mods": "@disabled"
      },
      {
        "img": "images/1G.png",
        "codes": "dpsk"
      }
    ]
  },
  {
    "name": "TOH Small Key",
    "type": "progressive",
    "allow_disabled": "false",
    "stages": [
      {
        "img": "images/0.png",
        "img_mods": "@disabled"
      },
      {
        "img": "images/1G.png",
        "codes": "tohsk"
      }
    ]
  },
  {
    "name": "POD Small Key",
    "type": "progressive",
    "allow_disabled": "false",
    "stages": [
      {
        "img": "images/0.png",
        "img_mods": "@disabled"
      },
      {
        "img": "images/1.png",
        "codes": "podsk"
      },
      {
        "img": "images/2.png"
      },
      {
        "img": "images/3.png"
      },
      {
        "img": "images/4.png"
      },
      {
        "img": "images/5.png"
      },
      {
        "img": "images/6G.png"
      }
    ]
  },
  {
    "name": "SP Small Key",
    "type": "progressive",
    "allow_disabled": "false",
    "stages": [
      {
        "img": "images/0.png",
        "img_mods": "@disabled"
      },
      {
        "img": "images/1G.png",
        "codes": "spsk"
      }
    ]
  },
  {
    "name": "SW Small Key",
    "type": "progressive",
    "allow_disabled": "false",
    "stages": [
      {
        "img": "images/0.png",
        "img_mods": "@disabled"
      },
      {
        "img": "images/1.png",
        "codes": "swsk"
      },
      {
        "img": "images/2.png"
      },
      {
        "img": "images/3G.png"
      }
    ]
  },
  {
    "name": "TT Small Key",
    "type": "progressive",
    "allow_disabled": "false",
    "stages": [
      {
        "img": "images/0.png",
        "img_mods": "@disabled"
      },
      {
        "img": "images/1G.png",
        "codes": "ttsk"
      }
    ]
  },
  {
    "name": "IP Small Key",
    "type": "progressive",
    "allow_disabled": "false",
    "stages": [
      {
        "img": "images/0.png",
        "img_mods": "@disabled"
      },
      {
        "img": "images/1.png",
        "codes": "ipsk"
      },
      {
        "img": "images/2G.png"
      }
    ]
  },
  {
    "name": "MM Small Key",
    "type": "progressive",
    "allow_disabled": "false",
    "stages": [
      {
        "img": "images/0.png",
        "img_mods": "@disabled"
      },
      {
        "img": "images/1.png",
        "codes": "mmsk"
      },
      {
        "img": "images/2.png"
      },
      {
        "img": "images/3G.png"
      }
    ]
  },
  {
    "name": "TR Small Key",
    "type": "progressive",
    "allow_disabled": "false",
    "stages": [
      {
        "img": "images/0.png",
        "img_mods": "@disabled"
      },
      {
        "img": "images/1.png",
        "codes": "trsk"
      },
      {
        "img": "images/2.png"
      },
      {
        "img": "images/3.png"
      },
      {
        "img": "images/4G.png"
      }
    ]
  },
  {
    "name": "HC Small Key",
    "type": "progressive",
    "allow_disabled": "false",
    "stages": [
      {
        "img": "images/0.png",
        "img_mods": "@disabled"
      },
      {
        "img": "images/1G.png",
        "codes": "hcsk"
      }
    ]
  },
  {
    "name": "AT Small Key",
    "type": "progressive",
    "allow_disabled": "false",
    "stages": [
      {
        "img": "images/0.png",
        "img_mods": "@disabled"
      },
      {
        "img": "images/1.png",
        "codes": "atsk"
      },
      {
        "img": "images/2G.png"
      }
    ]
  },
  {
    "name": "GT Small Key",
    "type": "progressive",
    "allow_disabled": "false",
    "stages": [
      {
        "img": "images/0.png",
        "img_mods": "@disabled"
      },
      {
        "img": "images/1.png",
        "codes": "gtsk"
      },
      {
        "img": "images/2.png"
      },
      {
        "img": "images/3.png"
      },
      {
        "img": "images/4G.png"
      }
    ]
  },

  // Big Keys
  {
    "name": "EP Big Key",
    "type": "toggle",
    "loop": "true",
    "img": "images/BigKey.png",
    "codes": "epbk"
  },
  {
    "name": "DP Big Key",
    "type": "toggle",
    "loop": "true",
    "img": "images/BigKey.png",
    "codes": "dpbk"
  },
  {
    "name": "TOH Big Key",
    "type": "toggle",
    "loop": "true",
    "img": "images/BigKey.png",
    "codes": "tohbk"
  },
  {
    "name": "POD Big Key",
    "type": "toggle",
    "loop": "true",
    "img": "images/BigKey.png",
    "codes": "podbk"
  },
  {
    "name": "SP Big Key",
    "type": "toggle",
    "loop": "true",
    "img": "images/BigKey.png",
    "codes": "spbk"
  },
  {
    "name": "SW Big Key",
    "type": "toggle",
    "loop": "true",
    "img": "images/BigKey.png",
    "codes": "swbk"
  },
  {
    "name": "TT Big Key",
    "type": "toggle",
    "img": "images/BigKey.png",
    "codes": "ttbk"
  },
  {
    "name": "IP Big Key",
    "type": "toggle",
    "loop": "true",
    "img": "images/BigKey.png",
    "codes": "ipbk"
  },
  {
    "name": "MM Big Key",
    "type": "toggle",
    "loop": "true",
    "img": "images/BigKey.png",
    "codes": "mmbk"
  },
  {
    "name": "TR Big Key",
    "type": "toggle",
    "loop": "true",
    "img": "images/BigKey.png",
    "codes": "trbk"
  },
  {
    "name": "GT Big Key",
    "type": "toggle",
    "loop": "true",
    "img": "images/BigKey.png",
    "codes": "gtbk"
  },

  // HC Label
  {
    "name": "Hyrule Castle",
    "type": "toggle",
    "loop": "true",
    "img": "images/HC.png",
    "codes": "hc_label"
  },

  // AT Label
  {
    "name": "Aganhim's Tower",
    "type": "toggle",
    "loop": "true",
    "img": "images/AT.png",
    "codes": "at_label"
  },

  // GT Label
  {
    "name": "Ganon's Tower",
    "type": "toggle",
    "img": "images/GT.png",
    "codes": "gt_label"
  },

  ////////SM STUFF/////////
  //Charge Beam
  {
    "name": "Charge Beam",
    "type": "toggle",
    "loop": "true",
    "img": "images/charge.png",
    "codes": "charge"
  },

  //Ice Beam
  {
    "name": "Ice Beam",
    "type": "toggle",
    "loop": "true",
    "img": "images/ice.png",
    "codes": "ice"
  },

  //Wave Beam
  {
    "name": "Wave Beam",
    "type": "toggle",
    "loop": "true",
    "img": "images/wave.png",
    "codes": "wave"
  },

  //Spazer Beam
  {
    "name": "Spazer Beam",
    "type": "toggle",
    "loop": "true",
    "img": "images/spazer.png",
    "codes": "spazer"
  },

  //Plasma Beam
  {
    "name": "Plasma Beam",
    "type": "toggle",
    "loop": "true",
    "img": "images/plasma.png",
    "codes": "plasma"
  },

  //Varia Suit
  {
    "name": "Varia Suit",
    "type": "toggle",
    "loop": "true",
    "img": "images/varia.png",
    "codes": "varia"
  },

  //Gravity Suit
  {
    "name": "Gravity Suit",
    "type": "toggle",
    "loop": "true",
    "img": "images/gravity.png",
    "codes": "gravity"
  },

  //Morph Ball
  {
    "name": "Morph Ball",
    "type": "toggle",
    "loop": "true",
    "img": "images/morph.png",
    "codes": "morph"
  },

  //Bomb
  {
    "name": "Bomb",
    "type": "toggle",
    "loop": "true",
    "img": "images/bomb.png",
    "codes": "bomb"
  },

  //Spring Ball
  {
    "name": "Spring Ball",
    "type": "toggle",
    "loop": "true",
    "img": "images/springball.png",
    "codes": "spring"
  },

  //Screw Attack
  {
    "name": "Screw Attack",
    "type": "toggle",
    "loop": "true",
    "img": "images/screw.png",
    "codes": "screw"
  },

  //High Jump
  {
    "name": "High Jump",
    "type": "toggle",
    "loop": "true",
    "img": "images/hijump.png",
    "codes": "hijump"
  },

  //Space Jump
  {
    "name": "Space Jump",
    "type": "toggle",
    "loop": "true",
    "img": "images/space.png",
    "codes": "space"
  },

  //Speed Booster
  {
    "name": "Speed Booster",
    "type": "toggle",
    "loop": "true",
    "img": "images/speed.png",
    "codes": "speed"
  },

  //Grapple
  {
    "name": "Grapple",
    "type": "toggle",
    "loop": "true",
    "img": "images/grapple.png",
    "codes": "grapple"
  },

  //Xray
  {
    "name": "Xray",
    "type": "toggle",
    "loop": "true",
    "img": "images/xray.png",
    "codes": "xray"
  },

  //Ridley
  {
    "name": "Ridley",
    "type": "toggle",
    "loop": "true",
    "img": "images/Boss1.png",
    "codes": "ridley"
  },
  //RidleyDoor
  {
    "name": "RidleyDoor",
    "type": "toggle",
    "loop": "true",
    "img": "images/eyedoor.png",
    "codes": "ridleyDoor"
  },

  //Kraid
  {
    "name": "Kraid",
    "type": "toggle",
    "loop": "true",
    "img": "images/Boss2.png",
    "codes": "kraid"
  },
  //KraidDoor
  {
    "name": "KraidDoor",
    "type": "toggle",
    "loop": "true",
    "img": "images/eyedoor.png",
    "codes": "kraidDoor"
  },

  //Phantoon
  {
    "name": "Phantoon",
    "type": "toggle",
    "loop": "true",
    "img": "images/Boss3.png",
    "codes": "phantoon"
  },
  //PhantoonDoor
  {
    "name": "PhantoonDoor",
    "type": "toggle",
    "loop": "true",
    "img": "images/eyedoor.png",
    "codes": "phantoonDoor"
  },

  //Draygon
  {
    "name": "Draygon",
    "type": "toggle",
    "loop": "true",
    "img": "images/Boss4.png",
    "codes": "draygon"
  },
  //DraygonDoor
  {
    "name": "DraygonDoor",
    "type": "toggle",
    "loop": "true",
    "img": "images/eyedoor.png",
    "codes": "draygonDoor"
  },

  //MotherBrainDoor
  {
    "name": "MotherBrainDoor",
    "type": "toggle",
    "loop": "true",
    "img": "images/eyedoor.png",
    "codes": "mbDoor"
  },

  //Missile Capacity
  {
    "name": "Missile Capacity",
    "type": "progressive",
    "allow_disabled": "false",
    "stages": [
      {
        "img": "images/vertMiss00.png",
        "img_mods": "@disabled"
      },
      {
        "img": "images/vertMiss05.png",
        "codes": "missile"
      },
      {
        "img": "images/vertMiss10.png"
      },
      {
        "img": "images/vertMiss15.png"
      },
      {
        "img": "images/vertMiss20.png"
      },
      {
        "img": "images/vertMiss25.png"
      },
      {
        "img": "images/vertMiss30.png"
      },
      {
        "img": "images/vertMiss35.png"
      },
      {
        "img": "images/vertMiss40.png"
      },
      {
        "img": "images/vertMiss45.png"
      },
      {
        "img": "images/vertMiss50.png"
      },
      {
        "img": "images/vertMiss55.png"
      },
      {
        "img": "images/vertMiss60.png"
      },
      {
        "img": "images/vertMiss65.png"
      },
      {
        "img": "images/vertMiss70.png"
      },
      {
        "img": "images/vertMiss75.png"
      },
      {
        "img": "images/vertMiss80.png"
      },
      {
        "img": "images/vertMiss85.png"
      },
      {
        "img": "images/vertMiss90.png"
      },
      {
        "img": "images/vertMiss95.png"
      }
    ]
  },

  //Super Missile Capacity
  {
    "name": "Super Missile Capacity",
    "type": "progressive",
    "allow_disabled": "false",
    "stages": [
      {
        "img": "images/vertSuMi00.png",
        "img_mods": "@disabled"
      },
      {
        "img": "images/vertSuMi05.png",
        "codes": "supermissile"
      },
      {
        "img": "images/vertSuMi10.png"
      },
      {
        "img": "images/vertSuMi15.png"
      },
      {
        "img": "images/vertSuMi20.png"
      },
      {
        "img": "images/vertSuMi25.png"
      },
      {
        "img": "images/vertSuMi30.png"
      },
      {
        "img": "images/vertSuMi35.png"
      },
      {
        "img": "images/vertSuMi40.png"
      },
      {
        "img": "images/vertSuMi45.png"
      },
      {
        "img": "images/vertSuMi50.png"
      },
      {
        "img": "images/vertSuMi55.png"
      },
      {
        "img": "images/vertSuMi60.png"
      },
      {
        "img": "images/vertSuMi65.png"
      },
      {
        "img": "images/vertSuMi70.png"
      },
      {
        "img": "images/vertSuMi75.png"
      },
      {
        "img": "images/vertSuMi80.png"
      },
      {
        "img": "images/vertSuMi85.png"
      },
      {
        "img": "images/vertSuMi90.png"
      },
      {
        "img": "images/vertSuMi95.png"
      }
    ]
  },

  //Super Bomb Capacity
  {
    "name": "Super Bomb Capacity",
    "type": "progressive",
    "allow_disabled": "false",
    "stages": [
      {
        "img": "images/vertBomb00.png",
        "img_mods": "@disabled"
      },
      {
        "img": "images/vertBomb05.png",
        "codes": "powerbomb"
      },
      {
        "img": "images/vertBomb10.png"
      },
      {
        "img": "images/vertBomb15.png"
      },
      {
        "img": "images/vertBomb20.png"
      },
      {
        "img": "images/vertBomb25.png"
      },
      {
        "img": "images/vertBomb30.png"
      },
      {
        "img": "images/vertBomb35.png"
      },
      {
        "img": "images/vertBomb40.png"
      },
      {
        "img": "images/vertBomb45.png"
      },
      {
        "img": "images/vertBomb50.png"
      },
      {
        "img": "images/vertBomb55.png"
      },
      {
        "img": "images/vertBomb60.png"
      },
      {
        "img": "images/vertBomb65.png"
      },
      {
        "img": "images/vertBomb70.png"
      },
      {
        "img": "images/vertBomb75.png"
      },
      {
        "img": "images/vertBomb80.png"
      },
      {
        "img": "images/vertBomb85.png"
      },
      {
        "img": "images/vertBomb90.png"
      },
      {
        "img": "images/vertBomb95.png"
      }
    ]
  }

]