﻿{
  "tracker_broadcast": {
    "background": "#000000",
    "type": "itemgrid",
    "h_alignment": "center",
    "item_margin": "1,1",
    "rows": [
      [ "EldKeys", "MamKeys", "SkoKeys", "MuskCake", "MissRaven", "KleSeeds", "KalKey", "ultrastone" ],
      [ "goombario", "kooper", "bombette", "parakarry", "bow", "watt", "sushi", "lakilester" ],
      [ "pulse", "pyramid", "diamond", "moon", "portrait", "toy", "soil", "bean" ],
      [ "watering", "warehouse", "bucket", "scarf", "star", "redkey", "boots", "hammer" ],
      [ "calc", "duokeys", "ripcheato", "fryingpan", "Mailbag", "cookbook", "dictionary", "lyricsandmelody" ],
      [ "dolly", "shell", "letters", "artifact", "cd", "weight", "anti", "vase" ],
      [ "flowergem", "waterstone", "red2blueberries", "yellowandpurpleberries", "bluekey", "prisonkey", "bowserkey", "dojofight" ]
    ]
  }
}
