﻿{
  "shared_item_grid": {
    "type": "array",
    "orientation": "vertical",
    "margin": "0,0,0,0",
    "content": [
      {
        "type": "itemgrid",
        "h_alignment": "center",
        "item_margin": "4,4",
        "item_size": 48,
        "rows": [
          [ "jump", "triplejump", "longjump"],
          [ "groundpound", "sideflip", "backflip"],
          [ "kick", "wallkick", "dive"],
          [ "climb", "ledgegrab", "grab"],
          [ "wingcap", "metalcap", "inviscap"]
        ]
      },
      {
        "type": "itemgrid",
        "h_alignment": "center",
        "item_margin": "4,4",
        "item_size": 48,
        "rows": [
          [ "basementkey", "upperkey"]
        ]
      }
    ]
  },
  "tracker_default": {
    "type": "container",
    "background": "#000000",
    "width": 242,
    "content": {
      "type": "layout",
      "dropshadow": false,
      "margin": 1,
      "key": "shared_item_grid"
    }
  }
}
