﻿[
  // Player 1
  {
    "name": "Player 1",
    "type": "progressive",
    "loop": true,
    "allow_disabled": "false",
    "stages": [
      {
        "img": "images/Mario.png",
        "codes": "p1"
      },
      {
        "img": "images/Luigi.png"
      },
      {
        "img": "images/Peach.png"
      },
      {
        "img": "images/Daisy.png"
      },
      {
        "img": "images/Wario.png"
      },
      {
        "img": "images/Waluigi.png"
      },
      {
        "img": "images/Yoshi.png"
      },
      {
        "img": "images/Rosalina.png"
      },
      {
        "img": "images/DK.png"
      },
      {
        "img": "images/Birdo.png"
      }
    ]
  },

  // Player 2
  {
    "name": "Player 2",
    "type": "progressive",
    "loop": true,
    "allow_disabled": "false",
    "stages": [
      {
        "img": "images/Luigi.png",
        "codes": "p2"
      },
      {
        "img": "images/Peach.png"
      },
      {
        "img": "images/Daisy.png"
      },
      {
        "img": "images/Wario.png"
      },
      {
        "img": "images/Waluigi.png"
      },
      {
        "img": "images/Yoshi.png"
      },
      {
        "img": "images/Rosalina.png"
      },
      {
        "img": "images/DK.png"
      },
      {
        "img": "images/Birdo.png"
      },
      {
        "img": "images/Mario.png"
      }
    ]
  },

  // Player 3
  {
    "name": "Player 3",
    "type": "progressive",
    "loop": true,
    "allow_disabled": "false",
    "stages": [
      {
        "img": "images/Peach.png",
        "codes": "p3"
      },
      {
        "img": "images/Daisy.png"
      },
      {
        "img": "images/Wario.png"
      },
      {
        "img": "images/Waluigi.png"
      },
      {
        "img": "images/Yoshi.png"
      },
      {
        "img": "images/Rosalina.png"
      },
      {
        "img": "images/DK.png"
      },
      {
        "img": "images/Birdo.png"
      },
      {
        "img": "images/Mario.png"
      },
      {
        "img": "images/Luigi.png"
      }
    ]
  },

  // Player 4
  {
    "name": "Player 4",
    "type": "progressive",
    "loop": true,
    "allow_disabled": "false",
    "stages": [
      {
        "img": "images/Daisy.png",
        "codes": "p4"
      },
      {
        "img": "images/Wario.png"
      },
      {
        "img": "images/Waluigi.png"
      },
      {
        "img": "images/Yoshi.png"
      },
      {
        "img": "images/Rosalina.png"
      },
      {
        "img": "images/DK.png"
      },
      {
        "img": "images/Birdo.png"
      },
      {
        "img": "images/Mario.png"
      },
      {
        "img": "images/Luigi.png"
      },
      {
        "img": "images/Peach.png"
      }
    ]
  },

  // Happening Image
  {
    "name": "Happening",
    "type": "toggle",
    "loop": "true",
    "allow_disabled": "false",
    "img": "images/Happening.png",
    "codes": "happening",
    "disabled_img_mods": ""
  },
  // VS Image
  {
    "name": "VS",
    "type": "toggle",
    "loop": "true",
    "allow_disabled": "false",
    "img": "images/Minigame.png",
    "codes": "vs",
    "disabled_img_mods": ""
  },
  // Coin Image
  {
    "name": "Coin",
    "type": "toggle",
    "loop": "true",
    "allow_disabled": "false",
    "img": "images/Coin.png",
    "codes": "coin",
    "disabled_img_mods": ""
  },
  // Difficulty
  {
    "name": "Difficulty",
    "type": "progressive",
    "loop": true,
    "allow_disabled": "false",
    "stages": [
      {
        "img": "images/Easy.png",
        "codes": "difficulty"
      },
      {
        "img": "images/Normal.png"
      },
      {
        "img": "images/Hard.png"
      },
      {
        "img": "images/Master.png"
      }
    ]
  }
]