﻿[
  // Bow
  {
    "name": "Bow",
    "type": "toggle",
    "loop": "true",
    "img": "images/0048.png",
    "codes": "bow"
  },
  // Silver Arrows
  {
    "name": "Silvers",
    "type": "toggle",
    "loop": "true",
    "img": "images/silver_arrow.png",
    "codes": "silverarrows,silvers"
  },
  // Bow + Silvers
  {
    "name": "Bow and Silvers",
    "type": "composite_toggle",
    "codes": "bowandsilvers",
    "item_left": "bow",
    "item_right": "silvers",
    "images": [
      {
        "left": false,
        "right": false,
        "img": "images/0048.png",
        "img_mods": "@disabled"
      },
      {
        "left": true,
        "right": false,
        "img": "images/0048.png"
      },
      {
        "left": false,
        "right": true,
        "img": "images/silver_arrow.png"
      },
      {
        "left": true,
        "right": true,
        "img": "images/0049.png"
      }
    ]
  },
  // BlueBoom
  {
    "name": "Blue Boomerang",
    "type": "toggle",
    "loop": "true",
    "img": "images/0001.png",
    "codes": "blueboomerang, boomerang, boom, bboom, blueboom"
  },
  // RedBoom
  {
    "name": "Red Boomerang",
    "type": "toggle",
    "loop": "true",
    "img": "images/0037.png",
    "codes": "redboomerang, rboom, redboom"
  },
  // Boomerangs
  {
    "name": "Booms",
    "type": "composite_toggle",
    "codes": "bothbooms",
    "item_left": "blueboom",
    "item_right": "redboom",
    "images": [
      {
        "left": false,
        "right": false,
        "img": "images/doubleboomoff.png"
      },
      {
        "left": true,
        "right": false,
        "img": "images/0001.png"
      },
      {
        "left": false,
        "right": true,
        "img": "images/0037.png"
      },
      {
        "left": true,
        "right": true,
        "img": "images/doubleboom.png"
      }
    ]
  },
  // Hookshot
  {
    "name": "Hookshot",
    "type": "toggle",
    "loop": "true",
    "img": "images/0002.png",
    "codes": "hookshot,hs"
  },
  // Powder
  {
    "name": "Powder",
    "type": "toggle",
    "loop": "true",
    "img": "images/0046.png",
    "codes": "powder, dust"
  },
  //Bat
  {
    "name": "Magic Bat",
    "type": "toggle_badged",
    "base_item": "powder",
    "img": "images/checkmark.png",
    "codes": "bat"
  },
  // Mushroom
  {
    "name": "Mushroom",
    "type": "toggle",
    "loop": "true",
    "img": "images/0004.png",
    "codes": "mushroom, mush, shroom, drugs"
  },
  //Witch
  {
    "name": "Witch",
    "type": "toggle_badged",
    "base_item": "mush",
    "img": "images/checkmark.png",
    "codes": "witch"
  },
  // Fire Rod
  {
    "name": "Fire Rod",
    "type": "toggle",
    "loop": "true",
    "img": "images/0005.png",
    "codes": "firerod, frod"
  },
  // Ice Rod
  {
    "name": "Ice Rod",
    "type": "toggle",
    "loop": "true",
    "img": "images/0006.png",
    "codes": "icerod, irod"
  },

  // Bombos
  {
    "name": "Bombos",
    "type": "progressive_toggle",
    "stages": [
      {
        "img": "images/0007.png",
        "codes": "bombos",
        "secondary_codes": "blank, 0, nomed"
      },
      {
        "img": "images/0007.png",
        "img_mods": "overlay|images/MMO.png",
        "codes": "bombos",
        "secondary_codes": "mm, mire"
      },
      {
        "img": "images/0007.png",
        "img_mods": "overlay|images/TRO.png",
        "codes": "bombos",
        "secondary_codes": "tr, T rock, trock"
      },
      {
        "img": "images/0007.png",
        "img_mods": "overlay|images/BO.png",
        "codes": "bombos",
        "secondary_codes": "2, both"
      }
    ]
  },
  // Ether
  {
    "name": "Ether",
    "type": "progressive_toggle",
    "stages": [
      {
        "img": "images/0008.png",
        "codes": "ether",
        "secondary_codes": "blank, 0, nomed"
      },
      {
        "img": "images/0008.png",
        "img_mods": "overlay|images/MMO.png",
        "codes": "ether",
        "secondary_codes": "mm, mire"
      },
      {
        "img": "images/0008.png",
        "img_mods": "overlay|images/TRO.png",
        "codes": "ether",
        "secondary_codes": "tr, T rock, trock"
      },
      {
        "img": "images/0008.png",
        "img_mods": "overlay|images/BO.png",
        "codes": "ether",
        "secondary_codes": "2, both"
      }
    ]
  },
  // Quake
  {
    "name": "Quake",
    "type": "progressive_toggle",
    "stages": [
      {
        "img": "images/0009.png",
        "codes": "quake",
        "secondary_codes": "blank, 0, nomed"
      },
      {
        "img": "images/0009.png",
        "img_mods": "overlay|images/MMO.png",
        "codes": "quake",
        "secondary_codes": "mm, mire"
      },
      {
        "img": "images/0009.png",
        "img_mods": "overlay|images/TRO.png",
        "codes": "quake",
        "secondary_codes": "tr, T rock, trock"
      },
      {
        "img": "images/0009.png",
        "img_mods": "overlay|images/BO.png",
        "codes": "quake",
        "secondary_codes": "2, both"
      }
    ]
  },

  // Shovel
  {
    "name": "Shovel",
    "type": "toggle",
    "loop": "true",
    "img": "images/0012.png",
    "codes": "shovel"
  },

  //Digspot
  {
    "name": "Sick Kid",
    "type": "toggle_badged",
    "base_item": "shovel",
    "img": "images/checkmark.png",
    "codes": "digspot"
  },

  // Lamp
  {
    "name": "Lamp",
    "type": "toggle",
    "loop": "true",
    "img": "images/0010.png",
    "codes": "lamp, lantern"
  },
  // Hammer
  {
    "name": "Hammer",
    "type": "toggle",
    "loop": "true",
    "img": "images/0011.png",
    "codes": "hammer"
  },
  // Ocarina
  {
    "name": "Flute",
    "type": "toggle",
    "loop": "true",
    "img": "images/0047.png",
    "codes": "flute,ocarina"
  },
  //Duck
  {
    "name": "Duck",
    "type": "toggle_badged",
    "base_item": "flute",
    "img": "images/checkmark.png",
    "codes": "duck"
  },
  // Bug Catching Net
  {
    "name": "Bug Net",
    "type": "toggle",
    "loop": "true",
    "img": "images/0013.png",
    "codes": "net, bugnet"
  },
  // Book of Mudora
  {
    "name": "Book",
    "type": "toggle",
    "loop": "true",
    "img": "images/0014.png",
    "codes": "book"
  },
  // Moon Pearl
  {
    "name": "Moon Pearl",
    "type": "toggle",
    "loop": "true",
    "img": "images/0022.png",
    "codes": "pearl,moonpearl"
  },

  // Bottles
  {
    "name": "Bottle",
    "type": "progressive",
    "loop": true,
    "allow_disabled": "false",
    "stages": [
      {
        "img": "images/0026.png",
        "img_mods": "@disabled"
      },
      {
        "img": "images/0070.png",
        "codes": "bottle"
      },
      {
        "img": "images/0071.png"
      },
      {
        "img": "images/0072.png"
      },
      {
        "img": "images/0073.png"
      }
    ]
  },
  // Sick Kid
  {
    "name": "Sick Kid",
    "type": "toggle_badged",
    "base_item": "bottle",
    "img": "images/checkmark.png",
    "codes": "sickkid"
  },
  // Somaria
  {
    "name": "Cane of Somaria",
    "type": "toggle",
    "loop": "true",
    "img": "images/0015.png",
    "codes": "somaria,redcane"
  },
  // Cane of Byrna
  {
    "name": "Cane of Byrna",
    "type": "toggle",
    "loop": "true",
    "img": "images/0016.png",
    "codes": "byrna,bluecane"
  },
  // Magic Cape
  {
    "name": "Cape",
    "type": "toggle",
    "loop": "true",
    "img": "images/0017.png",
    "codes": "cape"
  },
  // Mirror
  {
    "name": "Mirror",
    "type": "toggle",
    "loop": "true",
    "img": "images/0018.png",
    "codes": "mirror"
  },
  // Agahnim
  {
    "name": "Agahnim",
    "type": "toggle",
    "loop": "true",
    "img": "images/aga1.png",
    "codes": "aga, aga1"
  },
  // Agahnim 2
  {
    "name": "Agahnim 2",
    "type": "toggle",
    "loop": "true",
    "img": "images/aga2.png",
    "codes": "aga2"
  },
  // Agahnims
  {
    "name": "Agahnims",
    "type": "composite_toggle",
    "codes": "agahnims",
    "item_left": "aga1",
    "item_right": "aga2",
    "images": [
      {
        "left": false,
        "right": false,
        "img": "images/0055.png",
        "img_mods": "@disabled"
      },
      {
        "left": true,
        "right": false,
        "img": "images/aga1.png"
      },
      {
        "left": false,
        "right": true,
        "img": "images/aga2.png"
      },
      {
        "left": true,
        "right": true,
        "img": "images/0055.png"
      }
    ]
  },

  // Progressive Gloves
  {
    "name": "Gloves",
    "type": "progressive",
    "stages": [
      {
        "img": "images/0019.png",
        "codes": "gloves,lift1",
        "secondary codes": "gloves"
      },
      {
        "img": "images/0043.png",
        "codes": "mitts,lift2",
        "secondary codes": "mitts"
      }
    ]
  },
  // Pseudo Boots
  {
    "name": "Boots",
    "type": "progressive",
    "loop": "true",
    "stages": [
      {
        "img": "images/0020.png",
        "codes": "boots"
      },
      {
        "img": "images/pseudoboot.png",
        "secondary codes": "pseudoboots"
      }
    ]
  },
  // Flippers
  {
    "name": "Flippers",
    "type": "toggle",
    "loop": "true",
    "img": "images/0021.png",
    "codes": "flippers"
  },
  // Half-Magic
  {
    "name": "Half Magic",
    "type": "toggle",
    "loop": "true",
    "img": "images/0064.png",
    "codes": "halfmagic"
  },
  // Progressive Swords
  {
    "name": "Sword",
    "type": "progressive",
    "loop": "true",
    "stages": [
      {
        "img": "images/0023.png",
        "codes": "sword, sword1, fs",
        "secondary_codes": "fighter, fighter sword, level 1"
      },
      {
        "img": "images/0038.png",
        "codes": "sword, sword2, ms",
        "secondary_codes": "master, master sword, level 2"
      },
      {
        "img": "images/0039.png",
        "codes": "sword, sword3, tempered",
        "secondary_codes": "tempered, tempered sword, level 3"
      },
      {
        "img": "images/0040.png",
        "codes": "sword, sword4, butter",
        "secondary_codes": "gold, gold sword, level 4, butter, butter sword"
      },
      {
        "img": "images/0023.png",
        "img_mods": "@disabled, overlay|images/no.png",
        "codes": "sword, swordless",
        "secondary_codes": "swordless"
      }
    ]
  },
  // HeartPieceCounter
  {
    "name": "Heart Piece",
    "type": "progressive",
    "loop": "true",
    "allow_disabled": "false",
    "stages": [
      {
        "img": "images/0066.png",
        "codes": "heart, heartpiece, hp, hp0",
        "img_mods": "@disabled",
        "secondary_codes": "empty, 0, none"
      },
      {
        "img": "images/0067.png",
        "codes": "heart, heartpiece, hp, hp1",
        "secondary_codes": "1, quarter"
      },
      {
        "img": "images/0068.png",
        "codes": "heart, heartpiece, hp, hp2",
        "secondary_codes": "2, half"
      },
      {
        "img": "images/0069.png",
        "codes": "heart, heartpiece, hp, hp3",
        "secondary_codes": "3, three quarters"
      }
    ]
  },
  // Progressive Shields
  {
    "name": "Shield",
    "type": "progressive",
    "stages": [
      {
        "img": "images/0024.png",
        "codes": "shield1, shield",
        "secondary_codes": "fighter shield, fighter, level 1"
      },
      {
        "img": "images/0044.png",
        "codes": "shield2, redshield",
        "secondary_codes": "red shield, red, level 2"
      },
      {
        "img": "images/0045.png",
        "codes": "shield3, mirrorshield",
        "secondary_codes": "mirror shield, mirror, level 3"
      }
    ]
  },
  // Progressive Mail
  {
    "name": "Mail",
    "type": "progressive",
    "allow_disabled": false,
    "stages": [
      {
        "img": "images/0025.png",
        "codes": "armor, armor1, greenmail",
        "secondary_codes": "green mail, green"
      },
      {
        "img": "images/0041.png",
        "codes": "armor2, bluemail",
        "secondary_codes": "blue mail, blue"
      },
      {
        "img": "images/0042.png",
        "codes": "armor3, redmail",
        "secondary_codes": "red mail, red"
      }
    ]
  },

  // Prize 1
  {
    "name": "Prize 1",
    "type": "progressive_toggle",
    "capturable": false,
    "stages": [
      {
        "img": "images/gpshrunk.png",
        "disabled_img": "images/nogpshrunk.png",
        "disabled_img_mods": "",
        "codes": "prize1",
        "secondary_codes": "green pendant, gp"
      },
      {
        "img": "images/smallNA.png",
        "secondary_codes": "unknown, blank"
      },
      {
        "img": "images/cshrunk.png",
        "secondary_codes": "crystal, c"
      },
      {
        "img": "images/rcshrunk.png",
        "disabled_img": "images/norcshrunk.png",
        "disabled_img_mods": "",
        "secondary_codes": "crystal five six, red crystal, fairy crystal, rc"
      },
      {
        "img": "images/bpshrunk.png",
        "disabled_img": "images/nobpshrunk.png",
        "disabled_img_mods": "",
        "secondary_codes": "pendant, red pendant, blue pendant, p"
      },
      {
        "img": "images/rpshrunk.png",
        "disabled_img": "images/norpshrunk.png",
        "disabled_img_mods": "",
        "secondary_codes": "pendant, red pendant, blue pendant, p"
      }
    ]
  },
  
  // Prize 2
  {
    "name": "Prize 2",
    "type": "progressive_toggle",
    "capturable": false,
    "stages": [
      {
        "img": "images/bpshrunk.png",
        "disabled_img": "images/nobpshrunk.png",
        "disabled_img_mods": "",
        "codes": "prize2",
        "secondary_codes": "pendant, red pendant, blue pendant, p"
      },
      {
        "img": "images/rpshrunk.png",
        "disabled_img": "images/norpshrunk.png",
        "disabled_img_mods": "",
        "secondary_codes": "pendant, red pendant, blue pendant, p"
      },
      {
        "img": "images/gpshrunk.png",
        "disabled_img": "images/nogpshrunk.png",
        "disabled_img_mods": "",
        "secondary_codes": "green pendant, gp"
      },
      {
        "img": "images/smallNA.png",
        "secondary_codes": "unknown, blank"
      },
      {
        "img": "images/cshrunk.png",
        "secondary_codes": "crystal, c"
      },
      {
        "img": "images/rcshrunk.png",
        "disabled_img": "images/norcshrunk.png",
        "disabled_img_mods": "",
        "secondary_codes": "crystal five six, red crystal, fairy crystal, rc"
      }
    ]
  },
  
  // Prize 3
  {
    "name": "Prize 3",
    "type": "progressive_toggle",
    "capturable": false,
    "stages": [
      {
        "img": "images/rpshrunk.png",
        "disabled_img": "images/norpshrunk.png",
        "disabled_img_mods": "",
        "codes": "prize3",
        "secondary_codes": "pendant, red pendant, blue pendant, p"
      },
      {
        "img": "images/gpshrunk.png",
        "disabled_img": "images/nogpshrunk.png",
        "disabled_img_mods": "",
        "secondary_codes": "green pendant, gp"
      },
      {
        "img": "images/smallNA.png",
        "secondary_codes": "unknown, blank"
      },
      {
        "img": "images/cshrunk.png",
        "secondary_codes": "crystal, c"
      },
      {
        "img": "images/rcshrunk.png",
        "disabled_img": "images/norcshrunk.png",
        "disabled_img_mods": "",
        "secondary_codes": "crystal five six, red crystal, fairy crystal, rc"
      },
      {
        "img": "images/bpshrunk.png",
        "disabled_img": "images/nobpshrunk.png",
        "disabled_img_mods": "",
        "secondary_codes": "pendant, red pendant, blue pendant, p"
      }
    ]
  },
  
  // Prize 4
  {
    "name": "Prize 4",
    "type": "progressive_toggle",
    "capturable": false,
    "stages": [
      {
        "img": "images/cshrunk.png",
        "codes": "prize4",
        "secondary_codes": "crystal, c"
      },
      {
        "img": "images/rcshrunk.png",
        "disabled_img": "images/norcshrunk.png",
        "disabled_img_mods": "",
        "secondary_codes": "crystal five six, red crystal, fairy crystal, rc"
      },
      {
        "img": "images/bpshrunk.png",
        "disabled_img": "images/nobpshrunk.png",
        "disabled_img_mods": "",
        "secondary_codes": "pendant, red pendant, blue pendant, p"
      },
      {
        "img": "images/rpshrunk.png",
        "disabled_img": "images/norpshrunk.png",
        "disabled_img_mods": "",
        "secondary_codes": "pendant, red pendant, blue pendant, p"
      },
      {
        "img": "images/gpshrunk.png",
        "disabled_img": "images/nogpshrunk.png",
        "disabled_img_mods": "",
        "secondary_codes": "green pendant, gp"
      },
      {
        "img": "images/smallNA.png",
        "secondary_codes": "unknown, blank"
      }
    ]
  },
  
  // Prize 5
  {
    "name": "Prize 5",
    "type": "progressive_toggle",
    "capturable": false,
    "stages": [
      {
        "img": "images/cshrunk.png",
        "codes": "prize5",
        "secondary_codes": "crystal, c"
      },
      {
        "img": "images/rcshrunk.png",
        "disabled_img": "images/norcshrunk.png",
        "disabled_img_mods": "",
        "secondary_codes": "crystal five six, red crystal, fairy crystal, rc"
      },
      {
        "img": "images/bpshrunk.png",
        "disabled_img": "images/nobpshrunk.png",
        "disabled_img_mods": "",
        "secondary_codes": "pendant, red pendant, blue pendant, p"
      },
      {
        "img": "images/rpshrunk.png",
        "disabled_img": "images/norpshrunk.png",
        "disabled_img_mods": "",
        "secondary_codes": "pendant, red pendant, blue pendant, p"
      },
      {
        "img": "images/gpshrunk.png",
        "disabled_img": "images/nogpshrunk.png",
        "disabled_img_mods": "",
        "secondary_codes": "green pendant, gp"
      },
      {
        "img": "images/smallNA.png",
        "secondary_codes": "unknown, blank"
      }
    ]
  },
  
  // Prize 6
  {
    "name": "Prize 6",
    "type": "progressive_toggle",
    "capturable": false,
    "stages": [
      {
        "img": "images/cshrunk.png",
        "codes": "prize6",
        "secondary_codes": "crystal, c"
      },
      {
        "img": "images/rcshrunk.png",
        "disabled_img": "images/norcshrunk.png",
        "disabled_img_mods": "",
        "secondary_codes": "crystal five six, red crystal, fairy crystal, rc"
      },
      {
        "img": "images/bpshrunk.png",
        "disabled_img": "images/nobpshrunk.png",
        "disabled_img_mods": "",
        "secondary_codes": "pendant, red pendant, blue pendant, p"
      },
      {
        "img": "images/rpshrunk.png",
        "disabled_img": "images/norpshrunk.png",
        "disabled_img_mods": "",
        "secondary_codes": "pendant, red pendant, blue pendant, p"
      },
      {
        "img": "images/gpshrunk.png",
        "disabled_img": "images/nogpshrunk.png",
        "disabled_img_mods": "",
        "secondary_codes": "green pendant, gp"
      },
      {
        "img": "images/smallNA.png",
        "secondary_codes": "unknown, blank"
      }
    ]
  },
  
  // Prize 7
  {
    "name": "Prize 7",
    "type": "progressive_toggle",
    "capturable": false,
    "stages": [
      {
        "img": "images/cshrunk.png",
        "codes": "prize7",
        "secondary_codes": "crystal, c"
      },
      {
        "img": "images/rcshrunk.png",
        "disabled_img": "images/norcshrunk.png",
        "disabled_img_mods": "",
        "secondary_codes": "crystal five six, red crystal, fairy crystal, rc"
      },
      {
        "img": "images/bpshrunk.png",
        "disabled_img": "images/nobpshrunk.png",
        "disabled_img_mods": "",
        "secondary_codes": "pendant, red pendant, blue pendant, p"
      },
      {
        "img": "images/rpshrunk.png",
        "disabled_img": "images/norpshrunk.png",
        "disabled_img_mods": "",
        "secondary_codes": "pendant, red pendant, blue pendant, p"
      },
      {
        "img": "images/gpshrunk.png",
        "disabled_img": "images/nogpshrunk.png",
        "disabled_img_mods": "",
        "secondary_codes": "green pendant, gp"
      },
      {
        "img": "images/smallNA.png",
        "secondary_codes": "unknown, blank"
      }
    ]
  },
  
  // Prize 8
  {
    "name": "Prize 8",
    "type": "progressive_toggle",
    "capturable": false,
    "stages": [
      {
        "img": "images/rcshrunk.png",
        "disabled_img": "images/norcshrunk.png",
        "disabled_img_mods": "",
        "codes": "prize8",
        "secondary_codes": "crystal five six, red crystal, fairy crystal, rc"
      },
      {
        "img": "images/bpshrunk.png",
        "disabled_img": "images/nobpshrunk.png",
        "disabled_img_mods": "",
        "secondary_codes": "pendant, red pendant, blue pendant, p"
      },
      {
        "img": "images/rpshrunk.png",
        "disabled_img": "images/norpshrunk.png",
        "disabled_img_mods": "",
        "secondary_codes": "pendant, red pendant, blue pendant, p"
      },
      {
        "img": "images/gpshrunk.png",
        "disabled_img": "images/nogpshrunk.png",
        "disabled_img_mods": "",
        "secondary_codes": "green pendant, gp"
      },
      {
        "img": "images/smallNA.png",
        "secondary_codes": "unknown, blank"
      },
      {
        "img": "images/cshrunk.png",
        "secondary_codes": "crystal, c"
      }
    ]
  },
  
  // Prize 9
  {
    "name": "Prize 9",
    "type": "progressive_toggle",
    "capturable": false,
    "stages": [
      {
        "img": "images/rcshrunk.png",
        "disabled_img": "images/norcshrunk.png",
        "disabled_img_mods": "",
        "codes": "prize9",
        "secondary_codes": "crystal five six, red crystal, fairy crystal, rc"
      },
      {
        "img": "images/bpshrunk.png",
        "disabled_img": "images/nobpshrunk.png",
        "disabled_img_mods": "",
        "secondary_codes": "pendant, red pendant, blue pendant, p"
      },
      {
        "img": "images/rpshrunk.png",
        "disabled_img": "images/norpshrunk.png",
        "disabled_img_mods": "",
        "secondary_codes": "pendant, red pendant, blue pendant, p"
      },
      {
        "img": "images/gpshrunk.png",
        "disabled_img": "images/nogpshrunk.png",
        "disabled_img_mods": "",
        "secondary_codes": "green pendant, gp"
      },
      {
        "img": "images/smallNA.png",
        "secondary_codes": "unknown, blank"
      },
      {
        "img": "images/cshrunk.png",
        "secondary_codes": "crystal, c"
      }
    ]
  },
  
  // Prize 10
  {
    "name": "Prize 10",
    "type": "progressive_toggle",
    "capturable": false,
    "stages": [
      {
        "img": "images/cshrunk.png",
        "codes": "prize10",
        "secondary_codes": "crystal, c"
      },
      {
        "img": "images/rcshrunk.png",
        "disabled_img": "images/norcshrunk.png",
        "disabled_img_mods": "",
        "secondary_codes": "crystal five six, red crystal, fairy crystal, rc"
      },
      {
        "img": "images/bpshrunk.png",
        "disabled_img": "images/nobpshrunk.png",
        "disabled_img_mods": "",
        "secondary_codes": "pendant, red pendant, blue pendant, p"
      },
      {
        "img": "images/rpshrunk.png",
        "disabled_img": "images/norpshrunk.png",
        "disabled_img_mods": "",
        "secondary_codes": "pendant, red pendant, blue pendant, p"
      },
      {
        "img": "images/gpshrunk.png",
        "disabled_img": "images/nogpshrunk.png",
        "disabled_img_mods": "",
        "secondary_codes": "green pendant, gp"
      },
      {
        "img": "images/smallNA.png",
        "secondary_codes": "unknown, blank"
      }
    ]
  },
  
  // EP Label
  {
    "name": "Eastern Palace",
    "type": "toggle",
    "loop": "true",
    "img": "images/EPshrunk.png",
    "codes": "eastern, armos, ep, easternpalace"
  },
  // DP Label
  {
    "name": "Desert Palace",
    "type": "toggle",
    "loop": "true",
    "img": "images/DPshrunk.png",
    "codes": "desertpalace, lanmolas, molas, desert, dp"
  },
  // TOH Label
  {
    "name": "Tower of Hera",
    "type": "toggle",
    "loop": "true",
    "img": "images/THshrunk.png",
    "codes": "towerofhera, moldorm, moldy, toh, hera"
  },
  // POD Label
  {
    "name": "Palace of Darkness",
    "type": "toggle",
    "loop": "true",
    "img": "images/PDshrunk.png",
    "codes": "palaceofdarkness, helma, helmasaur, pod, darkness"
  },
  // SP Label
  {
    "name": "Swamp Palace",
    "type": "toggle",
    "loop": "true",
    "img": "images/SPshrunk.png",
    "codes": "swamppalace, swamp, sp, arrghus"
  },
  // SW Label
  {
    "name": "Skull Woods",
    "type": "toggle",
    "loop": "true",
    "img": "images/SWshrunk.png",
    "codes": "skullwoods, skull, sw, moth, mothula"
  },
  // TT Label
  {
    "name": "Thieves Town",
    "type": "toggle",
    "loop": "true",
    "img": "images/TTshrunk.png",
    "codes": "thievestown, thieves, blind, tt"
  },
  // IP Label
  {
    "name": "Ice Palace",
    "type": "toggle",
    "loop": "true",
    "img": "images/IPshrunk.png",
    "codes": "icepalace, ip, ice, khold, kholdstare"
  },
  // MM Label
  {
    "name": "Misery Mire",
    "type": "toggle",
    "loop": "true",
    "img": "images/MMshrunk.png",
    "codes": "miserymire, mire, mm, vitty, vitreous"
  },
  // TR Label
  {
    "name": "Turtle Rock",
    "type": "toggle",
    "loop": "true",
    "img": "images/TRshrunk.png",
    "codes": "turtlerock, tr, trock, trinexx"
  },

  // Small Keys
  {
    "name": "Eastern Small Key",
    "type": "progressive",
    "loop": "true",
    "allow_disabled": "false",
    "stages": [
      {
        "img": "images/0.png",
        "img_mods": "@disabled"
      },
      {
        "img": "images/1.png",
        "codes": "epsk, epsmall, easternsmall, easternkey, easternsk, epkey",
        "secondary_codes": "1"
      },
      {
        "img": "images/2.png",
        "secondary_codes": "2"
      },
      {
        "img": "images/3.png",
        "secondary_codes": "3"
      },
      {
        "img": "images/4.png",
        "secondary_codes": "4"
      },
      {
        "img": "images/5.png",
        "secondary_codes": "5"
      },
      {
        "img": "images/6.png",
        "secondary_codes": "6"
      },
      {
        "img": "images/7.png",
        "secondary_codes": "7"
      },
      {
        "img": "images/8.png",
        "secondary_codes": "8"
      },
      {
        "img": "images/9.png",
        "secondary_codes": "9"
      },
      {
        "img": "images/A.png",
        "secondary_codes": "A"
      },
      {
        "img": "images/B.png",
        "secondary_codes": "B"
      },
      {
        "img": "images/C.png",
        "secondary_codes": "C"
      },
      {
        "img": "images/D.png",
        "secondary_codes": "D"
      },
      {
        "img": "images/E.png",
        "secondary_codes": "E"
      },
      {
        "img": "images/F.png",
        "secondary_codes": "F"
      }
    ]
  },
  {
    "name": "Desert Small Key",
    "type": "progressive",
    "loop": "true",
    "allow_disabled": "false",
    "stages": [
      {
        "img": "images/0.png",
        "img_mods": "@disabled"
      },
      {
        "img": "images/1.png",
        "codes": "dpsk, dpsmall, desertsmall, desertkey, desertsk, dpkey",
        "secondary_codes": "1"
      },
      {
        "img": "images/2.png",
        "secondary_codes": "2"
      },
      {
        "img": "images/3.png",
        "secondary_codes": "3"
      },
      {
        "img": "images/4.png",
        "secondary_codes": "4"
      },
      {
        "img": "images/5.png",
        "secondary_codes": "5"
      },
      {
        "img": "images/6.png",
        "secondary_codes": "6"
      },
      {
        "img": "images/7.png",
        "secondary_codes": "7"
      },
      {
        "img": "images/8.png",
        "secondary_codes": "8"
      },
      {
        "img": "images/9.png",
        "secondary_codes": "9"
      },
      {
        "img": "images/A.png",
        "secondary_codes": "A"
      },
      {
        "img": "images/B.png",
        "secondary_codes": "B"
      },
      {
        "img": "images/C.png",
        "secondary_codes": "C"
      },
      {
        "img": "images/D.png",
        "secondary_codes": "D"
      },
      {
        "img": "images/E.png",
        "secondary_codes": "E"
      },
      {
        "img": "images/F.png",
        "secondary_codes": "F"
      }
    ]
  },
  {
    "name": "Hera Small Key",
    "type": "progressive",
    "loop": "true",
    "allow_disabled": "false",
    "stages": [
      {
        "img": "images/0.png",
        "img_mods": "@disabled"
      },
      {
        "img": "images/1.png",
        "codes": "tohsk, tohsmall, tohkey, herasmall, herakey, herask",
        "secondary_codes": "1"
      },
      {
        "img": "images/2.png",
        "secondary_codes": "2"
      },
      {
        "img": "images/3.png",
        "secondary_codes": "3"
      },
      {
        "img": "images/4.png",
        "secondary_codes": "4"
      },
      {
        "img": "images/5.png",
        "secondary_codes": "5"
      },
      {
        "img": "images/6.png",
        "secondary_codes": "6"
      },
      {
        "img": "images/7.png",
        "secondary_codes": "7"
      },
      {
        "img": "images/8.png",
        "secondary_codes": "8"
      },
      {
        "img": "images/9.png",
        "secondary_codes": "9"
      },
      {
        "img": "images/A.png",
        "secondary_codes": "A"
      },
      {
        "img": "images/B.png",
        "secondary_codes": "B"
      },
      {
        "img": "images/C.png",
        "secondary_codes": "C"
      },
      {
        "img": "images/D.png",
        "secondary_codes": "D"
      },
      {
        "img": "images/E.png",
        "secondary_codes": "E"
      },
      {
        "img": "images/F.png",
        "secondary_codes": "F"
      }
    ]
  },
  {
    "name": "Pod Small Key",
    "type": "progressive",
    "loop": "true",
    "allow_disabled": "false",
    "stages": [
      {
        "img": "images/0.png",
        "img_mods": "@disabled"
      },
      {
        "img": "images/1.png",
        "codes": "podsk, podsmall, podkey, darknesssk, darknesssmall, darknesskey",
        "secondary_codes": "1"
      },
      {
        "img": "images/2.png",
        "secondary_codes": "2"
      },
      {
        "img": "images/3.png",
        "secondary_codes": "3"
      },
      {
        "img": "images/4.png",
        "secondary_codes": "4"
      },
      {
        "img": "images/5.png",
        "secondary_codes": "5"
      },
      {
        "img": "images/6.png",
        "secondary_codes": "6"
      },
      {
        "img": "images/7.png",
        "secondary_codes": "7"
      },
      {
        "img": "images/8.png",
        "secondary_codes": "8"
      },
      {
        "img": "images/9.png",
        "secondary_codes": "9"
      },
      {
        "img": "images/A.png",
        "secondary_codes": "A"
      },
      {
        "img": "images/B.png",
        "secondary_codes": "B"
      },
      {
        "img": "images/C.png",
        "secondary_codes": "C"
      },
      {
        "img": "images/D.png",
        "secondary_codes": "D"
      },
      {
        "img": "images/E.png",
        "secondary_codes": "E"
      },
      {
        "img": "images/F.png",
        "secondary_codes": "F"
      }
    ]
  },
  {
    "name": "Swamp Small Key",
    "type": "progressive",
    "loop": "true",
    "allow_disabled": "false",
    "stages": [
      {
        "img": "images/0.png",
        "img_mods": "@disabled"
      },
      {
        "img": "images/1.png",
        "codes": "spsk, spkey, spsmall, swampsmall, swampkey, swampsk",
        "secondary_codes": "1"
      },
      {
        "img": "images/2.png",
        "secondary_codes": "2"
      },
      {
        "img": "images/3.png",
        "secondary_codes": "3"
      },
      {
        "img": "images/4.png",
        "secondary_codes": "4"
      },
      {
        "img": "images/5.png",
        "secondary_codes": "5"
      },
      {
        "img": "images/6.png",
        "secondary_codes": "6"
      },
      {
        "img": "images/7.png",
        "secondary_codes": "7"
      },
      {
        "img": "images/8.png",
        "secondary_codes": "8"
      },
      {
        "img": "images/9.png",
        "secondary_codes": "9"
      },
      {
        "img": "images/A.png",
        "secondary_codes": "A"
      },
      {
        "img": "images/B.png",
        "secondary_codes": "B"
      },
      {
        "img": "images/C.png",
        "secondary_codes": "C"
      },
      {
        "img": "images/D.png",
        "secondary_codes": "D"
      },
      {
        "img": "images/E.png",
        "secondary_codes": "E"
      },
      {
        "img": "images/F.png",
        "secondary_codes": "F"
      }
    ]
  },
  {
    "name": "Skull Small Key",
    "type": "progressive",
    "loop": "true",
    "allow_disabled": "false",
    "stages": [
      {
        "img": "images/0.png",
        "img_mods": "@disabled"
      },
      {
        "img": "images/1.png",
        "codes": "swsk, swsmall, swkey, skullsmall, skullsk, skullkey",
        "secondary_codes": "1"
      },
      {
        "img": "images/2.png",
        "secondary_codes": "2"
      },
      {
        "img": "images/3.png",
        "secondary_codes": "3"
      },
      {
        "img": "images/4.png",
        "secondary_codes": "4"
      },
      {
        "img": "images/5.png",
        "secondary_codes": "5"
      },
      {
        "img": "images/6.png",
        "secondary_codes": "6"
      },
      {
        "img": "images/7.png",
        "secondary_codes": "7"
      },
      {
        "img": "images/8.png",
        "secondary_codes": "8"
      },
      {
        "img": "images/9.png",
        "secondary_codes": "9"
      },
      {
        "img": "images/A.png",
        "secondary_codes": "A"
      },
      {
        "img": "images/B.png",
        "secondary_codes": "B"
      },
      {
        "img": "images/C.png",
        "secondary_codes": "C"
      },
      {
        "img": "images/D.png",
        "secondary_codes": "D"
      },
      {
        "img": "images/E.png",
        "secondary_codes": "E"
      },
      {
        "img": "images/F.png",
        "secondary_codes": "F"
      }
    ]
  },
  {
    "name": "Thieves Small Key",
    "type": "progressive",
    "loop": "true",
    "allow_disabled": "false",
    "stages": [
      {
        "img": "images/0.png",
        "img_mods": "@disabled"
      },
      {
        "img": "images/1.png",
        "codes": "ttsk, ttsmall, ttkey, thieveskey, thievessk, thievessmall",
        "secondary_codes": "1"
      },
      {
        "img": "images/2.png",
        "secondary_codes": "2"
      },
      {
        "img": "images/3.png",
        "secondary_codes": "3"
      },
      {
        "img": "images/4.png",
        "secondary_codes": "4"
      },
      {
        "img": "images/5.png",
        "secondary_codes": "5"
      },
      {
        "img": "images/6.png",
        "secondary_codes": "6"
      },
      {
        "img": "images/7.png",
        "secondary_codes": "7"
      },
      {
        "img": "images/8.png",
        "secondary_codes": "8"
      },
      {
        "img": "images/9.png",
        "secondary_codes": "9"
      },
      {
        "img": "images/A.png",
        "secondary_codes": "A"
      },
      {
        "img": "images/B.png",
        "secondary_codes": "B"
      },
      {
        "img": "images/C.png",
        "secondary_codes": "C"
      },
      {
        "img": "images/D.png",
        "secondary_codes": "D"
      },
      {
        "img": "images/E.png",
        "secondary_codes": "E"
      },
      {
        "img": "images/F.png",
        "secondary_codes": "F"
      }
    ]
  },
  {
    "name": "Ice Palace Small Key",
    "type": "progressive",
    "loop": "true",
    "allow_disabled": "false",
    "stages": [
      {
        "img": "images/0.png",
        "img_mods": "@disabled"
      },
      {
        "img": "images/1.png",
        "codes": "ipsk, ipsmall, ipkey, icesmall, icekey, icesk",
        "secondary_codes": "1"
      },
      {
        "img": "images/2.png",
        "secondary_codes": "2"
      },
      {
        "img": "images/3.png",
        "secondary_codes": "3"
      },
      {
        "img": "images/4.png",
        "secondary_codes": "4"
      },
      {
        "img": "images/5.png",
        "secondary_codes": "5"
      },
      {
        "img": "images/6.png",
        "secondary_codes": "6"
      },
      {
        "img": "images/7.png",
        "secondary_codes": "7"
      },
      {
        "img": "images/8.png",
        "secondary_codes": "8"
      },
      {
        "img": "images/9.png",
        "secondary_codes": "9"
      },
      {
        "img": "images/A.png",
        "secondary_codes": "A"
      },
      {
        "img": "images/B.png",
        "secondary_codes": "B"
      },
      {
        "img": "images/C.png",
        "secondary_codes": "C"
      },
      {
        "img": "images/D.png",
        "secondary_codes": "D"
      },
      {
        "img": "images/E.png",
        "secondary_codes": "E"
      },
      {
        "img": "images/F.png",
        "secondary_codes": "F"
      }
    ]
  },
  {
    "name": "Mire Small Key",
    "type": "progressive",
    "loop": "true",
    "allow_disabled": "false",
    "stages": [
      {
        "img": "images/0.png",
        "img_mods": "@disabled"
      },
      {
        "img": "images/1.png",
        "codes": "mmsk, mmkey, mmsmall, mirekey, miresmall, miresk",
        "secondary_codes": "1"
      },
      {
        "img": "images/2.png",
        "secondary_codes": "2"
      },
      {
        "img": "images/3.png",
        "secondary_codes": "3"
      },
      {
        "img": "images/4.png",
        "secondary_codes": "4"
      },
      {
        "img": "images/5.png",
        "secondary_codes": "5"
      },
      {
        "img": "images/6.png",
        "secondary_codes": "6"
      },
      {
        "img": "images/7.png",
        "secondary_codes": "7"
      },
      {
        "img": "images/8.png",
        "secondary_codes": "8"
      },
      {
        "img": "images/9.png",
        "secondary_codes": "9"
      },
      {
        "img": "images/A.png",
        "secondary_codes": "A"
      },
      {
        "img": "images/B.png",
        "secondary_codes": "B"
      },
      {
        "img": "images/C.png",
        "secondary_codes": "C"
      },
      {
        "img": "images/D.png",
        "secondary_codes": "D"
      },
      {
        "img": "images/E.png",
        "secondary_codes": "E"
      },
      {
        "img": "images/F.png",
        "secondary_codes": "F"
      }
    ]
  },
  {
    "name": "T Rock Small Key",
    "type": "progressive",
    "loop": "true",
    "allow_disabled": "false",
    "stages": [
      {
        "img": "images/0.png",
        "img_mods": "@disabled"
      },
      {
        "img": "images/1.png",
        "codes": "trsk, trkey, trsmall, trocksmall, trockkey, trocksk",
        "secondary_codes": "1"
      },
      {
        "img": "images/2.png",
        "secondary_codes": "2"
      },
      {
        "img": "images/3.png",
        "secondary_codes": "3"
      },
      {
        "img": "images/4.png",
        "secondary_codes": "4"
      },
      {
        "img": "images/5.png",
        "secondary_codes": "5"
      },
      {
        "img": "images/6.png",
        "secondary_codes": "6"
      },
      {
        "img": "images/7.png",
        "secondary_codes": "7"
      },
      {
        "img": "images/8.png",
        "secondary_codes": "8"
      },
      {
        "img": "images/9.png",
        "secondary_codes": "9"
      },
      {
        "img": "images/A.png",
        "secondary_codes": "A"
      },
      {
        "img": "images/B.png",
        "secondary_codes": "B"
      },
      {
        "img": "images/C.png",
        "secondary_codes": "C"
      },
      {
        "img": "images/D.png",
        "secondary_codes": "D"
      },
      {
        "img": "images/E.png",
        "secondary_codes": "E"
      },
      {
        "img": "images/F.png",
        "secondary_codes": "F"
      }
    ]
  },
  {
    "name": "Hyrule Small Key",
    "type": "progressive",
    "loop": "true",
    "allow_disabled": "false",
    "stages": [
      {
        "img": "images/0.png",
        "img_mods": "@disabled"
      },
      {
        "img": "images/1.png",
        "codes": "hcsk, hckey, hcsmall, castlesmall, castlekey, castlesk",
        "secondary_codes": "1, max, all"
      },
      {
        "img": "images/2.png",
        "secondary_codes": "2"
      },
      {
        "img": "images/3.png",
        "secondary_codes": "3"
      },
      {
        "img": "images/4.png",
        "secondary_codes": "4"
      },
      {
        "img": "images/5.png",
        "secondary_codes": "5"
      },
      {
        "img": "images/6.png",
        "secondary_codes": "6"
      },
      {
        "img": "images/7.png",
        "secondary_codes": "7"
      },
      {
        "img": "images/8.png",
        "secondary_codes": "8"
      },
      {
        "img": "images/9.png",
        "secondary_codes": "9"
      },
      {
        "img": "images/A.png",
        "secondary_codes": "A"
      },
      {
        "img": "images/B.png",
        "secondary_codes": "B"
      },
      {
        "img": "images/C.png",
        "secondary_codes": "C"
      },
      {
        "img": "images/D.png",
        "secondary_codes": "D"
      },
      {
        "img": "images/E.png",
        "secondary_codes": "E"
      },
      {
        "img": "images/F.png",
        "secondary_codes": "F"
      }
    ]
  },
  {
    "name": "Aga Tower Small Key",
    "type": "progressive",
    "loop": "true",
    "allow_disabled": "false",
    "stages": [
      {
        "img": "images/0.png",
        "img_mods": "@disabled"
      },
      {
        "img": "images/1.png",
        "codes": "atsk, atkey, atsmall, towersmall, towerkey, towersk",
        "secondary_codes": "1"
      },
      {
        "img": "images/2.png",
        "secondary_codes": "2"
      },
      {
        "img": "images/3.png",
        "secondary_codes": "3"
      },
      {
        "img": "images/4.png",
        "secondary_codes": "4"
      },
      {
        "img": "images/5.png",
        "secondary_codes": "5"
      },
      {
        "img": "images/6.png",
        "secondary_codes": "6"
      },
      {
        "img": "images/7.png",
        "secondary_codes": "7"
      },
      {
        "img": "images/8.png",
        "secondary_codes": "8"
      },
      {
        "img": "images/9.png",
        "secondary_codes": "9"
      },
      {
        "img": "images/A.png",
        "secondary_codes": "A"
      },
      {
        "img": "images/B.png",
        "secondary_codes": "B"
      },
      {
        "img": "images/C.png",
        "secondary_codes": "C"
      },
      {
        "img": "images/D.png",
        "secondary_codes": "D"
      },
      {
        "img": "images/E.png",
        "secondary_codes": "E"
      },
      {
        "img": "images/F.png",
        "secondary_codes": "F"
      }
    ]
  },
  {
    "name": "G T Small Key",
    "type": "progressive",
    "loop": "true",
    "allow_disabled": "false",
    "stages": [
      {
        "img": "images/0.png",
        "img_mods": "@disabled"
      },
      {
        "img": "images/1.png",
        "codes": "gtsk, gtkey, gtsmall, ganonsmall, ganonkey, ganonsk",
        "secondary_codes": "1"
      },
      {
        "img": "images/2.png",
        "secondary_codes": "2"
      },
      {
        "img": "images/3.png",
        "secondary_codes": "3"
      },
      {
        "img": "images/4.png",
        "secondary_codes": "4"
      },
      {
        "img": "images/5.png",
        "secondary_codes": "5"
      },
      {
        "img": "images/6.png",
        "secondary_codes": "6"
      },
      {
        "img": "images/7.png",
        "secondary_codes": "7"
      },
      {
        "img": "images/8.png",
        "secondary_codes": "8"
      },
      {
        "img": "images/9.png",
        "secondary_codes": "9"
      },
      {
        "img": "images/A.png",
        "secondary_codes": "A"
      },
      {
        "img": "images/B.png",
        "secondary_codes": "B"
      },
      {
        "img": "images/C.png",
        "secondary_codes": "C"
      },
      {
        "img": "images/D.png",
        "secondary_codes": "D"
      },
      {
        "img": "images/E.png",
        "secondary_codes": "E"
      },
      {
        "img": "images/F.png",
        "secondary_codes": "F"
      }
    ]
  },

  // Big Keys
  {
    "name": "Eastern Big Key",
    "type": "toggle",
    "loop": "true",
    "img": "images/BigKey.png",
    "codes": "epbk, epbig, epbigkey, easternbig, easternbk, easternbigkey"
  },
  {
    "name": "Desert Big Key",
    "type": "toggle",
    "loop": "true",
    "img": "images/BigKey.png",
    "codes": "dpbk, dpbig, dpbigkey, desertbig, desertbigkey, desertbk"
  },
  {
    "name": "Hera Big Key",
    "type": "toggle",
    "loop": "true",
    "img": "images/BigKey.png",
    "codes": "tohbk, tohbig, tohbigkey, herabig, herabigkey, herabk"
  },
  {
    "name": "Hyrule Big Key",
    "type": "toggle",
    "loop": "true",
    "img": "images/BigKey.png",
    "codes": "hcbk, hcbig, hcbigkey, hyrulebig, hyrulebigkey, hyrulebk"
  },
  {
    "name": "Aga Big Key",
    "type": "toggle",
    "loop": "true",
    "img": "images/BigKey.png",
    "codes": "agabk, atbig, agabigkey, agabig, atbigkey, atbk"
  },
  {
    "name": "Pod Big Key",
    "type": "toggle",
    "loop": "true",
    "img": "images/BigKey.png",
    "codes": "podbk, podbig, podbigkey, darknessbk, darknessbig, darknessbigkey"
  },
  {
    "name": "Swamp Big Key",
    "type": "toggle",
    "loop": "true",
    "img": "images/BigKey.png",
    "codes": "spbk, spbig, spbigkey, swampbig, swampbigkey, swampbk"
  },
  {
    "name": "Skull Big Key",
    "type": "toggle",
    "loop": "true",
    "img": "images/BigKey.png",
    "codes": "swbk, swbig, swbigkey, skullbig, skullbigkey, skullbk"
  },
  {
    "name": "Thieves Big Key",
    "type": "toggle",
    "loop": "true",
    "img": "images/BigKey.png",
    "codes": "ttbk, ttbig, ttbigkey, thievesbig, thievesbigkey, thievesbk"
  },
  {
    "name": "Ice Palace Big Key",
    "type": "toggle",
    "loop": "true",
    "img": "images/BigKey.png",
    "codes": "ipbk, ipbig, ipbigkey, icebig, icebigkey, icebk"
  },
  {
    "name": "Mire Big Key",
    "type": "toggle",
    "loop": "true",
    "img": "images/BigKey.png",
    "codes": "mmbk, mirebig, mirebigkey, mmbig, mmbigkey, mirebk"
  },
  {
    "name": "T Rock Big Key",
    "type": "toggle",
    "loop": "true",
    "img": "images/BigKey.png",
    "codes": "trbk, trbig, trbigkey, trockbig, trockbigkey, trockbk"
  },
  {
    "name": "G T Big Key",
    "type": "toggle",
    "loop": "true",
    "img": "images/BigKey.png",
    "codes": "gtbk, gtbig, gtbigkey, ganonbig, ganonbigkey, ganonbk"
  },

  // HC Label
  {
    "name": "Hyrule Castle",
    "type": "toggle",
    "loop": "true",
    "img": "images/HC.png",
    "codes": "hc, castle, hyrulecastle"
  },
  //HCBK
  {
    "name": "HCBK",
    "type": "toggle_badged",
    "base_item": "hc",
    "img": "images/checkmarklabel.png",
    "codes": "hcdoor"
  },

  // AT Label
  {
    "name": "Aganhim's Tower",
    "type": "toggle",
    "loop": "true",
    "img": "images/AT.png",
    "codes": "at, agatower, agahnimstower"
  },
  //HCBK
  {
    "name": "ATBK",
    "type": "toggle_badged",
    "base_item": "at",
    "img": "images/checkmarklabel.png",
    "codes": "atdoor"
  },

  // GT Label
  {
    "name": "Ganon's Tower",
    "type": "toggle",
    "loop": "true",
    "img": "images/GT.png",
    "codes": "gt, ganonstower, ganontower"
  },

  // GT Req
  {
    "name": "GT Requirement",
    "capturable": false,
    "type": "progressive",
    "allow_disabled": false,
    "loop": "true",
    "stages": [
      {
        "img": "images/GTSign.png",
        "img_mods": "overlay|images/overlayNA.png, @disabled",
        "codes": "GTReq",
        "secondary_codes": "GTReq, ?"
      },
      {
        "img": "images/GTSign.png",
        "codes": "GTReq, 7",
        "img_mods": "overlay|images/overlay7.png",
        "secondary_codes": "7"
      },
      {
        "img": "images/GTSign.png",
        "codes": "GTReq, 6",
        "img_mods": "overlay|images/overlay6.png",
        "secondary_codes": "6"
      },
      {
        "img": "images/GTSign.png",
        "codes": "GTReq, 5",
        "img_mods": "overlay|images/overlay5.png",
        "secondary_codes": "5"
      },
      {
        "img": "images/GTSign.png",
        "codes": "GTReq, 4",
        "img_mods": "overlay|images/overlay4.png",
        "secondary_codes": "4"
      },
      {
        "img": "images/GTSign.png",
        "codes": "GTReq, 3",
        "img_mods": "overlay|images/overlay3.png",
        "secondary_codes": "3"
      },
      {
        "img": "images/GTSign.png",
        "codes": "GTReq, 2",
        "img_mods": "overlay|images/overlay2.png",
        "secondary_codes": "2"
      },
      {
        "img": "images/GTSign.png",
        "codes": "GTReq, 1",
        "img_mods": "overlay|images/overlay1.png",
        "secondary_codes": "1"
      },
      {
        "img": "images/GTSign.png",
        "codes": "GTReq, 0",
        "img_mods": "overlay|images/overlay0.png",
        "secondary_codes": "0"
      }
    ]
  }
]