﻿[
  // Slingshot
  {
    "name": "Slingshot",
    "type": "progressive",
    "allow_disabled": "false",
    "stages": [
      {
        "img": "images/Slingshot.png",
        "img_mods": "@disabled",
        "codes": "slingshot, bullets"
      },
      {
        "img": "images/Slingshot30.png"
      },
      {
        "img": "images/Slingshot40.png"
      },
      {
        "img": "images/Slingshot50.png"
      }
    ]
  },
  // Bombs
  {
    "name": "Bombs",
    "type": "progressive",
    "allow_disabled": "false",
    "stages": [
      {
        "img": "images/Bombs.png",
        "img_mods": "@disabled",
        "codes": "bombs"
      },
      {
        "img": "images/Bombs20.png"
      },
      {
        "img": "images/Bombs30.png"
      },
      {
        "img": "images/Bombs40.png"
      }
    ]
  },
  // Bow
  {
    "name": "Bow",
    "type": "progressive",
    "allow_disabled": "false",
    "stages": [
      {
        "img": "images/Bow.png",
        "img_mods": "@disabled",
        "codes": "bow, arrows"
      },
      {
        "img": "images/Bow30.png"
      },
      {
        "img": "images/Bow40.png"
      },
      {
        "img": "images/Bow50.png"
      }
    ]
  },
  // Flute
  {
    "name": "Bombs",
    "type": "progressive",
    "stages": [
      {
        "img": "images/FairyOcarina.png",
        "codes": "ocarina, ocarinafairy"
      },
      {
        "img": "images/TimeOcarina.png",
        "codes": "ocarinatime"
      }
    ]
  },
  // Boomerang
  {
    "name": "Boomerang",
    "type": "toggle",
    "loop": "true",
    "img": "images/Boomerang.png",
    "codes": "Boomerang,boom"
  },
  // Bombchu
  {
    "name": "Bombchu",
    "type": "toggle",
    "loop": "true",
    "img": "images/Bombchu.png",
    "codes": "bombchu,chu"
  },
  // Hookshot
  {
    "name": "Hookshot",
    "type": "progressive",
    "stages": [
      {
        "img": "images/Hookshot.png",
        "codes": "hookshot"
      },
      {
        "img": "images/Longshot.png",
        "codes": "longshot"
      }
    ]
  },
  // Fire Arrows
  {
    "name": "Fire Arrows",
    "type": "toggle",
    "loop": "true",
    "img": "images/FireArrows.png",
    "codes": "firearrows"
  },
  // Ice Arrows
  {
    "name": "Ice Arrows",
    "type": "toggle",
    "loop": "true",
    "img": "images/IceArrows.png",
    "codes": "icearrows"
  },
  // Light Arrows
  {
    "name": "Light Arrows",
    "type": "toggle",
    "loop": "true",
    "img": "images/LightArrows.png",
    "codes": "lightarrows"
  },
  // Dins Fire
  {
    "name": "Dins Fire",
    "type": "toggle",
    "loop": "true",
    "img": "images/DinsFire.png",
    "codes": "dins, dinsfire"
  },
  // Farores Wind
  {
    "name": "Farores Wind",
    "type": "toggle",
    "loop": "true",
    "img": "images/FaroresWind.png",
    "codes": "farore, faroreswind"
  },
  // Kokiri Sword
  {
    "name": "Kokiri Sword",
    "type": "toggle",
    "loop": "true",
    "img": "images/KokiriSword.png",
    "codes": "kokirisword"
  },
  // Biggoron Sword
  {
    "name": "Biggoron Sword",
    "type": "toggle",
    "loop": "true",
    "img": "images/BiggoronSword.png",
    "codes": "bgs, biggoronsword"
  },
  // Iron Boots
  {
    "name": "Iron Boots",
    "type": "toggle",
    "loop": "true",
    "img": "images/IronBoots.png",
    "codes": "iron, ironboots"
  },
  // Hover Boots
  {
    "name": "Hover Boots",
    "type": "toggle",
    "loop": "true",
    "img": "images/HoverBoots.png",
    "codes": "hover, hoverboots, andy"
  },
  // Scales
  {
    "name": "Scales",
    "type": "progressive",
    "stages": [
      {
        "img": "images/SilverScale.png",
        "codes": "silverscale, scales"
      },
      {
        "img": "images/GoldenScale.png",
        "codes": "goldenscale"
      }
    ]
  },
  // Stone of Agony
  {
    "name": "Stone of Agony",
    "type": "toggle",
    "loop": "true",
    "img": "images/RumblePack.png",
    "codes": "agony, stoneofagony, rumblepack, rumble, stone"
  },
  // Lens of Truth
  {
    "name": "Lens of Truth",
    "type": "toggle",
    "loop": "true",
    "img": "images/LensOfTruth.png",
    "codes": "lens, lensoftruth"
  },
  // Megaton Hammer
  {
    "name": "Megaton Hammer",
    "type": "toggle",
    "loop": "true",
    "img": "images/MegatonHammer.png",
    "codes": "hammer, megaton, megatonhammer"
  },
  // Gloves
  {
    "name": "Gloves",
    "type": "progressive",
    "stages": [
      {
        "img": "images/GoronBracelet.png",
        "codes": "gloves"
      },
      {
        "img": "images/SilverGauntlet.png",
        "codes": "silvergauntlets"
      },
      {
        "img": "images/GoldenGauntlet.png",
        "codes": "goldengauntlets"
      }
    ]
  },
  // Mirror Shield
  {
    "name": "Mirror Shield",
    "type": "toggle",
    "loop": "true",
    "img": "images/MirrorShield.png",
    "codes": "mirrorshield, mirror"
  },
  // Young Quest
  {
    "name": "Young Quest",
    "type": "progressive",
    "stages": [
      {
        "img": "images/Egg.png",
        "codes": "youngquest, egg1"
      },
      {
        "img": "images/Cuckoo.png",
        "codes": "cuckoo1"
      },
      {
        "img": "images/Letter.png",
        "codes": "letter, zeldasletter, note"
      },
      {
        "img": "images/KeatonMask.png",
        "codes": "keaton, keatonmask, mask1"
      },
      {
        "img": "images/SkullMask.png",
        "codes": "skull, skullmask, mask2"
      },
      {
        "img": "images/DekuMask.png",
        "codes": "deku, dekumask, mask3"
      },
      {
        "img": "images/BunnyHood.png",
        "codes": "bunny, bunnyhood, mask4"
      },
      {
        "img": "images/MaskOfTruth.png",
        "codes": "mtruth, maskoftruth, mask5"
      }
    ]
  },
  // Adult Quest
  {
    "name": "Young Quest",
    "type": "progressive",
    "stages": [
      {
        "img": "images/Egg.png",
        "codes": "adultquest, egg2"
      },
      {
        "img": "images/Cuckoo.png",
        "codes": "cuckoo2"
      },
      {
        "img": "images/Cojiro.png",
        "codes": "cojiro"
      },
      {
        "img": "images/Mushroom.png",
        "codes": "mushroom, mush"
      },
      {
        "img": "images/OddPotion.png",
        "codes": "potion, oddpotion"
      },
      {
        "img": "images/PoacherSaw.png",
        "codes": "saw, poacher, poachersaw"
      },
      {
        "img": "images/BrokenGoronSword.png",
        "codes": "broken, brokensword, brokengoronsword"
      },
      {
        "img": "images/Prescription.png",
        "codes": "prescription"
      },
      {
        "img": "images/Froggy.png",
        "codes": "frog, froggy"
      },
      {
        "img": "images/Eyedrops.png",
        "codes": "eyedrops, eyedrop, drops"
      },
      {
        "img": "images/ClaimCheck.png",
        "codes": "claim, claimcheck"
      }
    ]
  },
  // Shields
  {
    "name": "Shields",
    "type": "progressive_toggle",
    "stages": [
      {
        "img": "images/DekuHylianYN.png",
        "codes": "dekushield, deku",
        "disabled_img": "images/DekuHylianYY.png"
      },
      {
        "img": "images/DekuHylianYY.png",
        "codes": "hylianshield, hylian",
        "disabled_img": "images/DekuHylianNY.png",
        "disabled_img_mods": ""
      }
    ]
  },
  // Mails
  {
    "name": "Mails",
    "type": "progressive_toggle",
    "stages": [
      {
        "img": "images/RedBlueMailYN.png",
        "codes": "gorontunic, redtunic, redmail",
        "disabled_img": "images/RedBlueMailNN.png",
        "disabled_img_mods": ""
      },
      {
        "img": "images/RedBlueMailYY.png",
        "codes": "zoratunic, bluetunic, bluemail",
        "disabled_img": "images/RedBlueMailNY.png",
        "disabled_img_mods": ""
      }
    ]
  },
  // Bottles
  {
    "name": "Bottles",
    "type": "progressive_toggle",
    "swap_actions": true,
    "allow_disabled": "false",
    "stages": [
      {
        "img": "images/0026c.png",
        "img_mods": "@disabled",
        "codes": "bottle",
        "disabled_img": "images/0026.png"
      },
      {
        "img": "images/0070c.png",
        "disabled_img": "images/0070.png",
        "disabled_img_mods": ""
      },
      {
        "img": "images/0071c.png",
        "disabled_img": "images/0071.png",
        "disabled_img_mods": ""
      },
      {
        "img": "images/0072c.png",
        "disabled_img": "images/0072.png",
        "disabled_img_mods": ""
      },
      {
        "img": "images/0073c.png",
        "disabled_img": "images/0073.png",
        "disabled_img_mods": ""
      }
    ]
  },
  // Zelda Song
  {
    "name": "Zelda Song",
    "type": "progressive_toggle",
    "stages": [
      {
        "img": "images/ZeldaNote.png",
        "codes": "zelda, zeldaslullaby"
      },
      {
        "img": "images/ZeldaNoteY.png",
        "disabled_img": "images/ZeldaNoteN.png",
        "disabled_img_mods": ""
      }
    ]
  },
  // Epona Song
  {
    "name": "Epona Song",
    "type": "progressive_toggle",
    "stages": [
      {
        "img": "images/EponaNote2.png",
        "codes": "eponasong, epona"
      },
      {
        "img": "images/EponaNote2Y.png",
        "disabled_img": "images/EponaNote2N.png",
        "disabled_img_mods": ""
      }
    ]
  },
  // Saria Song
  {
    "name": "Saria Song",
    "type": "progressive_toggle",
    "stages": [
      {
        "img": "images/SariaNote.png",
        "codes": "sariasong, saria"
      },
      {
        "img": "images/SariaNoteY.png",
        "disabled_img": "images/SariaNoteN.png",
        "disabled_img_mods": ""
      }
    ]
  },
  // Sun Song
  {
    "name": "Sun Song",
    "type": "progressive_toggle",
    "stages": [
      {
        "img": "images/SunNote.png",
        "codes": "sunsong, sun"
      },
      {
        "img": "images/SunNoteY.png",
        "disabled_img": "images/SunNoteN.png",
        "disabled_img_mods": ""
      }
    ]
  },
  // Song of Time
  {
    "name": "Song of Time",
    "type": "progressive_toggle",
    "stages": [
      {
        "img": "images/TimeNote.png",
        "codes": "time, songoftime"
      },
      {
        "img": "images/TimeNoteY.png",
        "disabled_img": "images/TimeNoteN.png",
        "disabled_img_mods": ""
      }
    ]
  },
  // Song of Storms
  {
    "name": "Song of Storms",
    "type": "progressive_toggle",
    "stages": [
      {
        "img": "images/StormNote.png",
        "codes": "storm, songofstorms"
      },
      {
        "img": "images/StormNoteY.png",
        "disabled_img": "images/StormNoteN.png",
        "disabled_img_mods": ""
      }
    ]
  },
  // Minuet of Forest
  {
    "name": "Minuet of Forest",
    "type": "progressive_toggle",
    "stages": [
      {
        "img": "images/ForestNote.png",
        "disabled_img": "images/ForestNoteNN.png",
        "disabled_img_mods": "",
        "codes": "minuet, minuetofforest, forestsong"
      },
      {
        "img": "images/ForestNoteYY.png",
        "disabled_img": "images/ForestNoteNY.png",
        "disabled_img_mods": ""
      }
    ]
  },
  // Bolero of Fire
  {
    "name": "Bolero of Fire",
    "type": "progressive_toggle",
    "stages": [
      {
        "img": "images/FireNote.png",
        "disabled_img": "images/FireNoteNN.png",
        "disabled_img_mods": "",
        "codes": "bolero, bolerooffire, firesong"
      },
      {
        "img": "images/FireNoteYY.png",
        "disabled_img": "images/FireNoteNY.png",
        "disabled_img_mods": ""
      }
    ]
  },
  // Serenade of Water
  {
    "name": "Serenade of Water",
    "type": "progressive_toggle",
    "stages": [
      {
        "img": "images/WaterNote.png",
        "disabled_img": "images/WaterNoteNN.png",
        "disabled_img_mods": "",
        "codes": "serenade, serenadeofwater, watersong"
      },
      {
        "img": "images/WaterNoteYY.png",
        "disabled_img": "images/WaterNoteNY.png",
        "disabled_img_mods": ""
      }
    ]
  },
  // Requiem of Spirit
  {
    "name": "Requiem of Spirit",
    "type": "progressive_toggle",
    "stages": [
      {
        "img": "images/SpiritNote.png",
        "disabled_img": "images/SpiritNoteNN.png",
        "disabled_img_mods": "",
        "codes": "requiem, requiemofspirit, spiritsong"
      },
      {
        "img": "images/SpiritNoteYY.png",
        "disabled_img": "images/SpiritNoteNY.png",
        "disabled_img_mods": ""
      }
    ]
  },
  // Nocturne of Shadow
  {
    "name": "Nocturne of Shadow",
    "type": "progressive_toggle",
    "stages": [
      {
        "img": "images/ShadowNote.png",
        "disabled_img": "images/ShadowNoteNN.png",
        "disabled_img_mods": "",
        "codes": "nocturne, nocturneofshadow, shadowsong"
      },
      {
        "img": "images/ShadowNoteYY.png",
        "disabled_img": "images/ShadowNoteNY.png",
        "disabled_img_mods": ""
      }
    ]
  },
  // Prelude of Light
  {
    "name": "Prelude of Light",
    "type": "progressive_toggle",
    "stages": [
      {
        "img": "images/LightNote.png",
        "disabled_img": "images/LightNoteNN.png",
        "disabled_img_mods": "",
        "codes": "prelude, preludeoflight, lightsong"
      },
      {
        "img": "images/LightNoteYY.png",
        "disabled_img": "images/LightNoteNY.png",
        "disabled_img_mods": ""
      }
    ]
  },
  // Skulltulas
  {
    "name": "Skulltula",
    "type": "progressive",
    "allow_disabled": "false",
    "stages": [
      {
        "img": "images/Skulltula.png",
        "img_mods": "@disabled",
        "codes": "skulltula"
      },
      {
        "img": "images/Skulltula1.png"
      },
      {
        "img": "images/Skulltula2.png"
      },
      {
        "img": "images/Skulltula3.png"
      },
      {
        "img": "images/Skulltula4.png"
      },
      {
        "img": "images/Skulltula5.png"
      },
      {
        "img": "images/Skulltula6.png"
      },
      {
        "img": "images/Skulltula7.png"
      },
      {
        "img": "images/Skulltula8.png"
      },
      {
        "img": "images/Skulltula9.png"
      },
      {
        "img": "images/Skulltula10.png"
      },
      {
        "img": "images/Skulltula11.png"
      },
      {
        "img": "images/Skulltula12.png"
      },
      {
        "img": "images/Skulltula13.png"
      },
      {
        "img": "images/Skulltula14.png"
      },
      {
        "img": "images/Skulltula15.png"
      },
      {
        "img": "images/Skulltula16.png"
      },
      {
        "img": "images/Skulltula17.png"
      },
      {
        "img": "images/Skulltula18.png"
      },
      {
        "img": "images/Skulltula19.png"
      },
      {
        "img": "images/Skulltula20.png"
      },
      {
        "img": "images/Skulltula21.png"
      },
      {
        "img": "images/Skulltula22.png"
      },
      {
        "img": "images/Skulltula23.png"
      },
      {
        "img": "images/Skulltula24.png"
      },
      {
        "img": "images/Skulltula25.png"
      },
      {
        "img": "images/Skulltula26.png"
      },
      {
        "img": "images/Skulltula27.png"
      },
      {
        "img": "images/Skulltula28.png"
      },
      {
        "img": "images/Skulltula29.png"
      },
      {
        "img": "images/Skulltula30.png"
      },
      {
        "img": "images/Skulltula31.png"
      },
      {
        "img": "images/Skulltula32.png"
      },
      {
        "img": "images/Skulltula33.png"
      },
      {
        "img": "images/Skulltula34.png"
      },
      {
        "img": "images/Skulltula35.png"
      },
      {
        "img": "images/Skulltula36.png"
      },
      {
        "img": "images/Skulltula37.png"
      },
      {
        "img": "images/Skulltula38.png"
      },
      {
        "img": "images/Skulltula39.png"
      },
      {
        "img": "images/Skulltula40.png"
      },
      {
        "img": "images/Skulltula41.png"
      },
      {
        "img": "images/Skulltula42.png"
      },
      {
        "img": "images/Skulltula43.png"
      },
      {
        "img": "images/Skulltula44.png"
      },
      {
        "img": "images/Skulltula45.png"
      },
      {
        "img": "images/Skulltula46.png"
      },
      {
        "img": "images/Skulltula47.png"
      },
      {
        "img": "images/Skulltula48.png"
      },
      {
        "img": "images/Skulltula49.png"
      },
      {
        "img": "images/Skulltula50.png"
      },
      {
        "img": "images/Skulltula51.png"
      },
      {
        "img": "images/Skulltula52.png"
      },
      {
        "img": "images/Skulltula53.png"
      },
      {
        "img": "images/Skulltula54.png"
      },
      {
        "img": "images/Skulltula55.png"
      },
      {
        "img": "images/Skulltula56.png"
      },
      {
        "img": "images/Skulltula57.png"
      },
      {
        "img": "images/Skulltula58.png"
      },
      {
        "img": "images/Skulltula59.png"
      },
      {
        "img": "images/Skulltula60.png"
      },
      {
        "img": "images/Skulltula61.png"
      },
      {
        "img": "images/Skulltula62.png"
      },
      {
        "img": "images/Skulltula63.png"
      },
      {
        "img": "images/Skulltula64.png"
      },
      {
        "img": "images/Skulltula65.png"
      },
      {
        "img": "images/Skulltula66.png"
      },
      {
        "img": "images/Skulltula67.png"
      },
      {
        "img": "images/Skulltula68.png"
      },
      {
        "img": "images/Skulltula69.png"
      },
      {
        "img": "images/Skulltula70.png"
      },
      {
        "img": "images/Skulltula71.png"
      },
      {
        "img": "images/Skulltula72.png"
      },
      {
        "img": "images/Skulltula73.png"
      },
      {
        "img": "images/Skulltula74.png"
      },
      {
        "img": "images/Skulltula75.png"
      },
      {
        "img": "images/Skulltula76.png"
      },
      {
        "img": "images/Skulltula77.png"
      },
      {
        "img": "images/Skulltula78.png"
      },
      {
        "img": "images/Skulltula79.png"
      },
      {
        "img": "images/Skulltula80.png"
      },
      {
        "img": "images/Skulltula81.png"
      },
      {
        "img": "images/Skulltula82.png"
      },
      {
        "img": "images/Skulltula83.png"
      },
      {
        "img": "images/Skulltula84.png"
      },
      {
        "img": "images/Skulltula85.png"
      },
      {
        "img": "images/Skulltula86.png"
      },
      {
        "img": "images/Skulltula87.png"
      },
      {
        "img": "images/Skulltula88.png"
      },
      {
        "img": "images/Skulltula89.png"
      },
      {
        "img": "images/Skulltula90.png"
      },
      {
        "img": "images/Skulltula91.png"
      },
      {
        "img": "images/Skulltula92.png"
      },
      {
        "img": "images/Skulltula93.png"
      },
      {
        "img": "images/Skulltula94.png"
      },
      {
        "img": "images/Skulltula95.png"
      },
      {
        "img": "images/Skulltula96.png"
      },
      {
        "img": "images/Skulltula97.png"
      },
      {
        "img": "images/Skulltula98.png"
      },
      {
        "img": "images/Skulltula99.png"
      },
      {
        "img": "images/Skulltula100.png"
      }
    ]
  },
  // Free Medallion
  {
    "name": "Free Medallion",
    "capturable": false,
    "type": "progressive_toggle",
    "stages": [
      {
        "img": "images/qm.png",
        "codes": "freemed"
      },
      {
        "img": "images/KokiriEmerald.png"
      },
      {
        "img": "images/GoronRuby.png"
      },
      {
        "img": "images/ZoraSapphire.png"
      },
      {
        "img": "images/ForestMed.png"
      },
      {
        "img": "images/FireMed.png"
      },
      {
        "img": "images/WaterMed.png"
      },
      {
        "img": "images/SpiritMed.png"
      },
      {
        "img": "images/ShadowMed.png"
      },
      {
        "img": "images/LightMed.png"
      }
    ]
  },
  // Deku Tree
  {
    "name": "Deku Tree",
    "capturable": false,
    "type": "progressive_toggle",
    "stages": [
      {
        "img": "images/DTqm.png",
        "codes": "DekuTree"
      },
      {
        "img": "images/DTKokiriEmerald.png"
      },
      {
        "img": "images/DTGoronRuby.png"
      },
      {
        "img": "images/DTZoraSapphire.png"
      },
      {
        "img": "images/DTForestMed.png"
      },
      {
        "img": "images/DTFireMed.png"
      },
      {
        "img": "images/DTWaterMed.png"
      },
      {
        "img": "images/DTSpiritMed.png"
      },
      {
        "img": "images/DTShadowMed.png"
      },
      {
        "img": "images/DTLightMed.png"
      }
    ]
  },
  // Dodongos Cavern
  {
    "name": "Dodongos Cavern",
    "capturable": false,
    "type": "progressive_toggle",
    "stages": [
      {
        "img": "images/DCqm.png",
        "codes": "Dodongo"
      },
      {
        "img": "images/DCKokiriEmerald.png"
      },
      {
        "img": "images/DCGoronRuby.png"
      },
      {
        "img": "images/DCZoraSapphire.png"
      },
      {
        "img": "images/DCForestMed.png"
      },
      {
        "img": "images/DCFireMed.png"
      },
      {
        "img": "images/DCWaterMed.png"
      },
      {
        "img": "images/DCSpiritMed.png"
      },
      {
        "img": "images/DCShadowMed.png"
      },
      {
        "img": "images/DCLightMed.png"
      }
    ]
  },
  // Jabu Jabu
  {
    "name": "Jabu Jabu",
    "capturable": false,
    "type": "progressive_toggle",
    "stages": [
      {
        "img": "images/JJqm.png",
        "codes": "jabujabu"
      },
      {
        "img": "images/JJKokiriEmerald.png"
      },
      {
        "img": "images/JJGoronRuby.png"
      },
      {
        "img": "images/JJZoraSapphire.png"
      },
      {
        "img": "images/JJForestMed.png"
      },
      {
        "img": "images/JJFireMed.png"
      },
      {
        "img": "images/JJWaterMed.png"
      },
      {
        "img": "images/JJSpiritMed.png"
      },
      {
        "img": "images/JJShadowMed.png"
      },
      {
        "img": "images/JJLightMed.png"
      }
    ]
  },
  // Forest Temple
  {
    "name": "Forest Temple",
    "capturable": false,
    "type": "progressive_toggle",
    "stages": [
      {
        "img": "images/FTqm.png",
        "codes": "foresttemple"
      },
      {
        "img": "images/FTKokiriEmerald.png"
      },
      {
        "img": "images/FTGoronRuby.png"
      },
      {
        "img": "images/FTZoraSapphire.png"
      },
      {
        "img": "images/FTForestMed.png"
      },
      {
        "img": "images/FTFireMed.png"
      },
      {
        "img": "images/FTWaterMed.png"
      },
      {
        "img": "images/FTSpiritMed.png"
      },
      {
        "img": "images/FTShadowMed.png"
      },
      {
        "img": "images/FTLightMed.png"
      }
    ]
  },
  // Fire Temple
  {
    "name": "Fire Temple",
    "capturable": false,
    "type": "progressive_toggle",
    "stages": [
      {
        "img": "images/FiTqm.png",
        "codes": "firetemple"
      },
      {
        "img": "images/FiTKokiriEmerald.png"
      },
      {
        "img": "images/FiTGoronRuby.png"
      },
      {
        "img": "images/FiTZoraSapphire.png"
      },
      {
        "img": "images/FiTForestMed.png"
      },
      {
        "img": "images/FiTFireMed.png"
      },
      {
        "img": "images/FiTWaterMed.png"
      },
      {
        "img": "images/FiTSpiritMed.png"
      },
      {
        "img": "images/FiTShadowMed.png"
      },
      {
        "img": "images/FiTLightMed.png"
      }
    ]
  },
  // Water Temple
  {
    "name": "Water Temple",
    "capturable": false,
    "type": "progressive_toggle",
    "stages": [
      {
        "img": "images/WTqm.png",
        "codes": "watertemple"
      },
      {
        "img": "images/WTKokiriEmerald.png"
      },
      {
        "img": "images/WTGoronRuby.png"
      },
      {
        "img": "images/WTZoraSapphire.png"
      },
      {
        "img": "images/WTForestMed.png"
      },
      {
        "img": "images/WTFireMed.png"
      },
      {
        "img": "images/WTWaterMed.png"
      },
      {
        "img": "images/WTSpiritMed.png"
      },
      {
        "img": "images/WTShadowMed.png"
      },
      {
        "img": "images/WTLightMed.png"
      }
    ]
  },
  // Spirit Temple
  {
    "name": "Spirit Temple",
    "capturable": false,
    "type": "progressive_toggle",
    "stages": [
      {
        "img": "images/STqm.png",
        "codes": "spirittemple"
      },
      {
        "img": "images/STKokiriEmerald.png"
      },
      {
        "img": "images/STGoronRuby.png"
      },
      {
        "img": "images/STZoraSapphire.png"
      },
      {
        "img": "images/STForestMed.png"
      },
      {
        "img": "images/STFireMed.png"
      },
      {
        "img": "images/STWaterMed.png"
      },
      {
        "img": "images/STSpiritMed.png"
      },
      {
        "img": "images/STShadowMed.png"
      },
      {
        "img": "images/STLightMed.png"
      }
    ]
  },
  // Shadow Temple
  {
    "name": "Shadow Temple",
    "capturable": false,
    "type": "progressive_toggle",
    "stages": [
      {
        "img": "images/ShTqm.png",
        "codes": "shadowtemple"
      },
      {
        "img": "images/ShTKokiriEmerald.png"
      },
      {
        "img": "images/ShTGoronRuby.png"
      },
      {
        "img": "images/ShTZoraSapphire.png"
      },
      {
        "img": "images/ShTForestMed.png"
      },
      {
        "img": "images/ShTFireMed.png"
      },
      {
        "img": "images/ShTWaterMed.png"
      },
      {
        "img": "images/ShTSpiritMed.png"
      },
      {
        "img": "images/ShTShadowMed.png"
      },
      {
        "img": "images/ShTLightMed.png"
      }
    ]
  },
  // Deku Chests
  {
    "name": "Deku Chests",
    "capturable": false,
    "loop": "true",
    "allow_disabled": "false",
    "type": "progressive",
    "stages": [
      {
        "img": "images/chest6g.png",
        "codes": "dekuchest"
      },
      {
        "img": "images/chest5.png"
      },
      {
        "img": "images/chest4.png"
      },
      {
        "img": "images/chest3.png"
      },
      {
        "img": "images/chest2.png"
      },
      {
        "img": "images/chest1.png"
      },
      {
        "img": "images/chest0.png",
        "img_mods": "@disabled"
      }
    ]
  },
  // Dodongo Chests
  {
    "name": "Dodongo Chests",
    "capturable": false,
    "loop": "true",
    "allow_disabled": "false",
    "type": "progressive",
    "stages": [
      {
        "img": "images/chest6g.png",
        "codes": "dodongochest"
      },
      {
        "img": "images/chest5.png"
      },
      {
        "img": "images/chest4.png"
      },
      {
        "img": "images/chest3.png"
      },
      {
        "img": "images/chest2.png"
      },
      {
        "img": "images/chest1.png"
      },
      {
        "img": "images/chest0.png",
        "img_mods": "@disabled"
      }
    ]
  },
  // Jabu Chests
  {
    "name": "Jabu Chests",
    "capturable": false,
    "loop": "true",
    "allow_disabled": "false",
    "type": "progressive",
    "stages": [
      {
        "img": "images/chest3g.png",
        "codes": "jabuchest"
      },
      {
        "img": "images/chest2.png"
      },
      {
        "img": "images/chest1.png"
      },
      {
        "img": "images/chest0.png",
        "img_mods": "@disabled"
      }
    ]
  },
  // Forest Chests
  {
    "name": "Forest Chests",
    "capturable": false,
    "loop": "true",
    "allow_disabled": "false",
    "type": "progressive",
    "stages": [
      {
        "img": "images/chest7g.png",
        "codes": "forestchest"
      },
      {
        "img": "images/chest6.png"
      },
      {
        "img": "images/chest5.png"
      },
      {
        "img": "images/chest4.png"
      },
      {
        "img": "images/chest3.png"
      },
      {
        "img": "images/chest2.png"
      },
      {
        "img": "images/chest1.png"
      },
      {
        "img": "images/chest0.png",
        "img_mods": "@disabled"
      }
    ]
  },
  // Fire Chests
  {
    "name": "Fire Chests",
    "capturable": false,
    "loop": "true",
    "allow_disabled": "false",
    "type": "progressive",
    "stages": [
      {
        "img": "images/chest5g.png",
        "codes": "firechest"
      },
      {
        "img": "images/chest4.png"
      },
      {
        "img": "images/chest3.png"
      },
      {
        "img": "images/chest2.png"
      },
      {
        "img": "images/chest1.png"
      },
      {
        "img": "images/chest0.png",
        "img_mods": "@disabled"
      }
    ]
  },
  // Water Chests
  {
    "name": "Water Chests",
    "capturable": false,
    "loop": "true",
    "allow_disabled": "false",
    "type": "progressive",
    "stages": [
      {
        "img": "images/chest3g.png",
        "codes": "waterchest"
      },
      {
        "img": "images/chest2.png"
      },
      {
        "img": "images/chest1.png"
      },
      {
        "img": "images/chest0.png",
        "img_mods": "@disabled"
      }
    ]
  },
  // Spirit Chests
  {
    "name": "Spirit Chests",
    "capturable": false,
    "loop": "true",
    "allow_disabled": "false",
    "type": "progressive",
    "stages": [
      {
        "img": "images/chest13g.png",
        "codes": "spiritchest"
      },
      {
        "img": "images/chest12.png"
      },
      {
        "img": "images/chest11.png"
      },
      {
        "img": "images/chest10.png"
      },
      {
        "img": "images/chest9.png"
      },
      {
        "img": "images/chest8.png"
      },
      {
        "img": "images/chest7.png"
      },
      {
        "img": "images/chest6.png"
      },
      {
        "img": "images/chest5.png"
      },
      {
        "img": "images/chest4.png"
      },
      {
        "img": "images/chest3.png"
      },
      {
        "img": "images/chest2.png"
      },
      {
        "img": "images/chest1.png"
      },
      {
        "img": "images/chest0.png",
        "img_mods": "@disabled"
      }
    ]
  },
  // Shadow Chests
  {
    "name": "Shadow Chests",
    "capturable": false,
    "loop": "true",
    "allow_disabled": "false",
    "type": "progressive",
    "stages": [
      {
        "img": "images/chest11g.png",
        "codes": "shadowchest"
      },
      {
        "img": "images/chest10.png"
      },
      {
        "img": "images/chest9.png"
      },
      {
        "img": "images/chest8.png"
      },
      {
        "img": "images/chest7.png"
      },
      {
        "img": "images/chest6.png"
      },
      {
        "img": "images/chest5.png"
      },
      {
        "img": "images/chest4.png"
      },
      {
        "img": "images/chest3.png"
      },
      {
        "img": "images/chest2.png"
      },
      {
        "img": "images/chest1.png"
      },
      {
        "img": "images/chest0.png",
        "img_mods": "@disabled"
      }
    ]
  }
]