﻿{
  "map_enabled": false,
  "auto_pin_capturing_locations": false,
  "auto_unpin_on_clear": false,
  "allow_resize": false,
  "layout_swap_left_right": false,
  "disabled_image_filter": "grayscale, dim",
  "layouts": {
    "shared_item_grid": {
      "type": "itemgrid",
      "h_alignment": "center",
      "item_margin": "1,1",
      "rows": [
        [ "slingshot", "bombs", "bow", "bombchu", "kokirisword", "magic", "dinsfire", "youngquest" ],
        [ "firearrows", "lightarrows", "hammer", "gloves", "bgs", "redmail", "faroreswind", "adultquest" ],
        [ "ocarina", "boom", "hookshot", "lens", "scales", "dekushield", "mirrorshield", "skulltula" ],
        [ "ironboots", "hoverboots", "zeldacheck", "eponacheck", "sariacheck", "suncheck", "timecheck", "stormcheck" ],
        [ "freemed", "bottle",  "forestcheck", "firecheck", "watercheck", "spiritcheck", "shadowcheck", "lightcheck" ],
        [ "dekutree", "dodongo", "jabujabu", "foresttemple", "firetemple", "watertemple", "spirittemple", "shadowtemple" ],
        [ "dekuchest", "dodongochest", "jabuchest", "forestchest", "firechest", "waterchest", "spiritchest", "shadowchest" ]
      ]
    },
    "tracker_capture_item": {
      "type": "container",
      "content": {
        "type": "layout",
        "key": "shared_item_grid"
      }
    },
    "tracker_default": {
      "type": "container",
      "background": "#000000",
      "width": 274,
      //"height": 250,
      "content": {
        "type": "layout",
        "dropshadow": false,
        "margin": 1,
        "key": "shared_item_grid"
      }
    }
  }
}
