﻿[
  // Zelda - Arrows
  {
    "name": "Arrows",
    "type": "progressive",
    "allow_disabled": true,
    "stages": [
      {
        "img": "images/z-arrows1.png",
        "codes": "z1arrows,z1arrows1"
      },
      {
        "img": "images/z-arrows2.png",
        "codes": "z1arrows2"
      }
    ]
  },

  // Zelda - Bow
  {
    "name": "Bow",
    "type": "toggle",
    "loop": "true",
    "img": "images/z-bow.png",
    "codes": "z1bow"
  },

  // Zelda - Bow + Arrows
  {
    "name": "Z1 Bow and Arrows",
    "type": "progressive",
    "allow_disabled": true,
    "stages": [
      {
        "img": "images/z-bow.png",
        "codes": "z1bowarrows,z1arrows1"
      },
      {
        "img": "images/z-arrows2.png",
        "codes": "z1arrows2"
      }
    ]
  },

  // Zelda - Swords
  {
    "name": "Sword",
    "type": "progressive",
    "allow_disabled": true,
    "stages": [
      {
        "img": "images/z-sword1.png",
        "codes": "z1sword,z1sword1"
      },
      {
        "img": "images/z-sword2.png",
        "codes": "z1sword2"
      },
      {
        "img": "images/z-sword3.png",
        "codes": "z1sword3"
      }
    ]
  },

  // Zelda - Boomerangs
  {
    "name": "Boomerang",
    "type": "progressive",
    "allow_disabled": true,
    "stages": [
      {
        "img": "images/z-boom1.png",
        "codes": "z1boom,z1boom1"
      },
      {
        "img": "images/z-boom2.png",
        "codes": "z1boom2"
      }
    ]
  },

  // Zelda - Candles
  {
    "name": "Candles",
    "type": "progressive",
    "allow_disabled": true,
    "stages": [
      {
        "img": "images/z-candle1.png",
        "codes": "z1candle,z1candle1"
      },
      {
        "img": "images/z-candle2.png",
        "codes": "z1candle2"
      }
    ]
  },

  // Zelda - Rings
  {
    "name": "Rings",
    "type": "progressive",
    "allow_disabled": true,
    "stages": [
      {
        "img": "images/z-ring1.png",
        "codes": "z1ring,z1ring1"
      },
      {
        "img": "images/z-ring2.png",
        "codes": "z1ring2"
      }
    ]
  },

  // Zelda - Magical Rod
  {
    "name": "Rod",
    "type": "toggle",
    "loop": "true",
    "img": "images/z-rod.png",
    "codes": "z1rod"
  },

  // Zelda - Bracelet
  {
    "name": "Bracelet",
    "type": "toggle",
    "loop": "true",
    "img": "images/z-bracelet.png",
    "codes": "z1bracelet"
  },

  // Zelda - Ladder
  {
    "name": "Stepladder",
    "type": "toggle",
    "loop": "true",
    "img": "images/z-ladder.png",
    "codes": "z1ladder"
  },

  // Zelda - Raft
  {
    "name": "Raft",
    "type": "toggle",
    "loop": "true",
    "img": "images/z-raft.png",
    "codes": "z1raft"
  },

  // Zelda - Letter
  {
    "name": "Letter",
    "type": "toggle",
    "loop": "true",
    "img": "images/z-letter.png",
    "codes": "z1letter"
  },

  // Zelda - Magical Key
  {
    "name": "Magical Key",
    "type": "toggle",
    "loop": "true",
    "img": "images/z-magickey.png",
    "codes": "z1magickey"
  },

  // Zelda - Any Key Head
  {
    "name": "Magical Key",
    "type": "toggle",
    "loop": "true",
    "img": "images/z-anyhead.png",
    "disabled_img": "images/smallkey.png",
    "disabled_img_mods": "",
    "codes": "z1anyhead"
  },

  // Zelda - Magic Book
  {
    "name": "Magic Book",
    "type": "toggle",
    "loop": "true",
    "img": "images/z-book.png",
    "codes": "z1book"
  },

  // Zelda - Recorder
  {
    "name": "Recorder",
    "type": "toggle",
    "loop": "true",
    "img": "images/z-recorder.png",
    "codes": "z1recorder"
  },

  // Zelda - Triforce 1
  {
    "name": "Triforce 1",
    "type": "toggle",
    "loop": "true",
    "img": "images/z-tri1.png",
    "codes": "z1tri1"
  },

  // Zelda - Triforce 2
  {
    "name": "Triforce 2",
    "type": "toggle",
    "loop": "true",
    "img": "images/z-tri2.png",
    "codes": "z1tri2"
  },

  // Zelda - Triforce 3
  {
    "name": "Triforce 3",
    "type": "toggle",
    "loop": "true",
    "img": "images/z-tri3.png",
    "codes": "z1tri3"
  },

  // Zelda - Triforce 4
  {
    "name": "Triforce 4",
    "type": "toggle",
    "loop": "true",
    "img": "images/z-tri4.png",
    "codes": "z1tri4"
  },

  // Zelda - Triforce 5
  {
    "name": "Triforce 5",
    "type": "toggle",
    "loop": "true",
    "img": "images/z-tri5.png",
    "codes": "z1tri5"
  },

  // Zelda - Triforce 6
  {
    "name": "Triforce 6",
    "type": "toggle",
    "loop": "true",
    "img": "images/z-tri6.png",
    "codes": "z1tri6"
  },

  // Zelda - Triforce 7
  {
    "name": "Triforce 7",
    "type": "toggle",
    "loop": "true",
    "img": "images/z-tri7.png",
    "codes": "z1tri7"
  },

  // Zelda - Triforce 8
  {
    "name": "Triforce 8",
    "type": "toggle",
    "loop": "true",
    "img": "images/z-tri8.png",
    "codes": "z1tri8"
  },

  // Zelda - Triforce 1
  {
    "name": "Triforce 1",
    "mask_input": true,
    "type": "toggle",
    "loop": "true",
    "img": "images/triforce1.png",
    "codes": "z1trifo1"
  },

  // Zelda - Triforce 2
  {
    "name": "Triforce 2",
    "mask_input": true,
    "type": "toggle",
    "loop": "true",
    "img": "images/triforce2.png",
    "codes": "z1trifo2"
  },

  // Zelda - Triforce 3
  {
    "name": "Triforce 3",
    "mask_input": true,
    "type": "toggle",
    "loop": "true",
    "img": "images/triforce3.png",
    "codes": "z1trifo3"
  },

  // Zelda - Triforce 4
  {
    "name": "Triforce 4",
    "mask_input": true,
    "type": "toggle",
    "loop": "true",
    "img": "images/triforce4.png",
    "codes": "z1trifo4"
  },

  // Zelda - Triforce 5
  {
    "name": "Triforce 5",
    "mask_input": true,
    "type": "toggle",
    "loop": "true",
    "img": "images/triforce5.png",
    "codes": "z1trifo5"
  },

  // Zelda - Triforce 6
  {
    "name": "Triforce 6",
    "mask_input": true,
    "type": "toggle",
    "loop": "true",
    "img": "images/triforce6.png",
    "codes": "z1trifo6"
  },

  // Zelda - Triforce 7
  {
    "name": "Triforce 7",
    "mask_input": true,
    "type": "toggle",
    "loop": "true",
    "img": "images/triforce7.png",
    "codes": "z1trifo7"
  },

  // Zelda - Triforce 8
  {
    "name": "Triforce 8",
    "mask_input": true,
    "type": "toggle",
    "loop": "true",
    "img": "images/triforce8.png",
    "codes": "z1trifo8"
  },

  // Zelda - Ganon
  {
    "name": "Ganon",
    "type": "toggle",
    "loop": "true",
    "img": "images/z-ganon.png",
    "codes": "z1ganon"
  },

  //ZELDA 2
  // Water of Life
  {
    "name": "Water of Life",
    "type": "toggle",
    "loop": "true",
    "img": "images/wateroflife.png",
    "codes": "wateroflife"
  },
  // Trophy
  {
    "name": "Trophy",
    "type": "toggle",
    "loop": "true",
    "img": "images/trophy.png",
    "codes": "trophy"
  },
  // Raft
  {
    "name": "Z2 Raft",
    "type": "toggle",
    "loop": "true",
    "img": "images/raft.png",
    "codes": "z2raft"
  },
  // Magic Key
  {
    "name": "Z2 Magic Key",
    "type": "toggle",
    "loop": "true",
    "img": "images/magickey.png",
    "codes": "z2magickey"
  },
  // kid
  {
    "name": "Kid",
    "type": "toggle",
    "loop": "true",
    "img": "images/kid.png",
    "codes": "kid"
  },
  // Z2 Hammer
  {
    "name": "Z2 Hammer",
    "type": "toggle",
    "loop": "true",
    "img": "images/hammer.png",
    "codes": "z2hammer"
  },
  // Z2 Glove
  {
    "name": "Z2 Glove",
    "type": "toggle",
    "loop": "true",
    "img": "images/glove.png",
    "codes": "z2glove"
  },
  // Flute
  {
    "name": "Z2 Flute",
    "type": "toggle",
    "loop": "true",
    "img": "images/flute.png",
    "codes": "z2flute"
  },
  // Cross
  {
    "name": "Cross",
    "type": "toggle",
    "loop": "true",
    "img": "images/cross.png",
    "codes": "cross"
  },
  // Candle
  {
    "name": "Z2 Candle",
    "type": "toggle",
    "loop": "true",
    "img": "images/candle.png",
    "codes": "z2candle"
  },
  // Boots
  {
    "name": "Z2 Boots",
    "type": "toggle",
    "loop": "true",
    "img": "images/boots.png",
    "codes": "z2boots"
  },
  // Fairy
  {
    "name": "Z2 Fairy",
    "type": "toggle",
    "loop": "true",
    "img": "images/fairy2.png",
    "codes": "fairy"
  },
  // Thunder
  {
    "name": "Z2 Thunder",
    "type": "toggle",
    "loop": "true",
    "img": "images/thunder.png",
    "codes": "thunder"
  },
  // Reflect
  {
    "name": "Z2 Reflect",
    "type": "toggle",
    "loop": "true",
    "img": "images/reflect.png",
    "codes": "reflect"
  },
  // Thunderbird
  {
    "name": "Thunderbird",
    "type": "toggle",
    "loop": "true",
    "img": "images/thunderbird.png",
    "codes": "thunderbird"
  },
  // Rebonack
  {
    "name": "Rebonack",
    "type": "toggle",
    "loop": "true",
    "img": "images/rebonack.png",
    "codes": "rebonack"
  },
  // Karock
  {
    "name": "Karock",
    "type": "toggle",
    "loop": "true",
    "img": "images/karock.png",
    "codes": "karock"
  },
  // Horsehead
  {
    "name": "Horsehead",
    "type": "toggle",
    "loop": "true",
    "img": "images/horsehead.png",
    "codes": "horsehead"
  },
  // Helmethead
  {
    "name": "Helmethead",
    "type": "toggle",
    "loop": "true",
    "img": "images/helmethead.png",
    "codes": "helmethead"
  },
  // Gooma
  {
    "name": "Gooma",
    "type": "toggle",
    "loop": "true",
    "img": "images/gooma.png",
    "codes": "gooma"
  },
  // Barba
  {
    "name": "Barba",
    "type": "toggle",
    "loop": "true",
    "img": "images/barba.png",
    "codes": "barba"
  },
  // Dark Link
  {
    "name": "Dark Link",
    "type": "toggle",
    "loop": "true",
    "img": "images/darklink.png",
    "codes": "darklink"
  },

  //ZELDA 3
  // Bow
  {
    "name": "Boh",
    "type": "toggle",
    "loop": "true",
    "img": "images/0048.png",
    "codes": "bow"
  },
  // Silver Arrows
  {
    "name": "Silvers",
    "type": "toggle",
    "loop": "true",
    "img": "images/silver_arrow.png",
    "codes": "silverarrows,silvers"
  },
  // Bow + Silvers
  {
    "name": "Bow and Arrows",
    "type": "composite_toggle",
    "codes": "bowandsilvers",
    "item_left": "bow",
    "item_right": "silvers",
    "images": [
      {
        "left": false,
        "right": false,
        "img": "images/0048.png",
        "img_mods": "@disabled"
      },
      {
        "left": true,
        "right": false,
        "img": "images/0048.png"
      },
      {
        "left": false,
        "right": true,
        "img": "images/silver_arrow.png"
      },
      {
        "left": true,
        "right": true,
        "img": "images/0049.png"
      }
    ]
  },
  // BlueBoom
  {
    "name": "Blue Boomerang",
    "type": "toggle",
    "loop": "true",
    "img": "images/0001.png",
    "codes": "blueboomerang, boomerang, boom, bboom, blueboom"
  },
  // RedBoom
  {
    "name": "Red Boomerang",
    "type": "toggle",
    "loop": "true",
    "img": "images/0037.png",
    "codes": "redboomerang, rboom, redboom"
  },
  // Boomerangs
  {
    "name": "Booms",
    "type": "composite_toggle",
    "codes": "bothbooms",
    "item_left": "blueboom",
    "item_right": "redboom",
    "images": [
      {
        "left": false,
        "right": false,
        "img": "images/doubleboomoff.png"
      },
      {
        "left": true,
        "right": false,
        "img": "images/0001.png"
      },
      {
        "left": false,
        "right": true,
        "img": "images/0037.png"
      },
      {
        "left": true,
        "right": true,
        "img": "images/doubleboom.png"
      }
    ]
  },
  // Hookshot
  {
    "name": "Hookshot",
    "type": "toggle",
    "loop": "true",
    "img": "images/0002.png",
    "codes": "hookshot,hs"
  },
  // Powder
  {
    "name": "Powder",
    "type": "toggle",
    "loop": "true",
    "img": "images/0046.png",
    "codes": "powder, dust"
  },
  //Bat
  {
    "name": "Magic Bat",
    "type": "toggle_badged",
    "base_item": "powder",
    "img": "images/checkmark.png",
    "codes": "bat"
  },
  // Mushroom
  {
    "name": "Mushroom",
    "type": "toggle",
    "loop": "true",
    "img": "images/0004.png",
    "codes": "mushroom, mush, shroom, drugs"
  },
  //Witch
  {
    "name": "Witch",
    "type": "toggle_badged",
    "base_item": "mush",
    "img": "images/checkmark.png",
    "codes": "witch"
  },
  // Mushder
  {
    "name": "Mushder",
    "type": "composite_toggle",
    "codes": "mushder",
    "item_left": "mushroom",
    "item_right": "powder",
    "images": [
      {
        "left": false,
        "right": false,
        "img": "images/MushderYY.png",
        "img_mods": "@disabled"
      },
      {
        "left": true,
        "right": false,
        "img": "images/MushderYN.png"
      },
      {
        "left": false,
        "right": true,
        "img": "images/MushderNY.png"
      },
      {
        "left": true,
        "right": true,
        "img": "images/MushderYY.png"
      }
    ]
  },
  // Shovel
  {
    "name": "Shovel",
    "type": "toggle",
    "loop": "true",
    "img": "images/0012.png",
    "codes": "shovel"
  },

  //Digspot
  {
    "name": "Sick Kid",
    "type": "toggle_badged",
    "base_item": "shovel",
    "img": "images/checkmark.png",
    "codes": "digspot"
  },
  // Ocarina
  {
    "name": "Flute",
    "type": "toggle",
    "loop": "true",
    "img": "images/0047.png",
    "codes": "flute,ocarina"
  },
  //Duck
  {
    "name": "Duck",
    "type": "toggle_badged",
    "base_item": "flute",
    "img": "images/checkmark.png",
    "codes": "duck"
  },
  // Shovlute
  {
    "name": "Shovlute",
    "type": "composite_toggle",
    "codes": "shovlute",
    "item_left": "shovel",
    "item_right": "flute",
    "images": [
      {
        "left": false,
        "right": false,
        "img": "images/shovluteYY.png",
        "img_mods": "@disabled"
      },
      {
        "left": true,
        "right": false,
        "img": "images/shovluteYN.png"
      },
      {
        "left": false,
        "right": true,
        "img": "images/shovluteNY.png"
      },
      {
        "left": true,
        "right": true,
        "img": "images/shovluteYY.png"
      }
    ]
  },
  // Bug Catching Net
  {
    "name": "Bug Net",
    "type": "toggle",
    "loop": "true",
    "img": "images/0013.png",
    "codes": "net, bugnet"
  },
  // Magic Cape
  {
    "name": "Cape",
    "type": "toggle",
    "loop": "true",
    "img": "images/0017.png",
    "codes": "cape"
  },
  // Cane of Byrna
  {
    "name": "Byrna",
    "type": "toggle",
    "loop": "true",
    "img": "images/0016.png",
    "codes": "byrna,bluecane"
  },
  // CapeofByrna
  {
    "name": "CapeofByrna",
    "type": "composite_toggle",
    "codes": "capeofbyrna",
    "item_left": "byrna",
    "item_right": "cape",
    "images": [
      {
        "left": false,
        "right": false,
        "img": "images/CapeofbyrnaYY.png",
        "img_mods": "@disabled"
      },
      {
        "left": true,
        "right": false,
        "img": "images/CapeofbyrnaYN.png"
      },
      {
        "left": false,
        "right": true,
        "img": "images/CapeofbyrnaNY.png"
      },
      {
        "left": true,
        "right": true,
        "img": "images/CapeofbyrnaYY.png"
      }
    ]
  },
  // Fire Rod
  {
    "name": "Fire Rod",
    "type": "toggle",
    "loop": "true",
    "img": "images/0005.png",
    "codes": "firerod, frod"
  },
  // Ice Rod
  {
    "name": "Ice Rod",
    "type": "toggle",
    "loop": "true",
    "img": "images/0006.png",
    "codes": "icerod, irod"
  },
  // FiceRods
  {
    "name": "FiceRods",
    "type": "composite_toggle",
    "codes": "ficerods",
    "item_left": "frod",
    "item_right": "irod",
    "images": [
      {
        "left": false,
        "right": false,
        "img": "images/FiceRodsYY.png",
        "img_mods": "@disabled"
      },
      {
        "left": true,
        "right": false,
        "img": "images/FiceRodsYN.png"
      },
      {
        "left": false,
        "right": true,
        "img": "images/FiceRodsNY.png"
      },
      {
        "left": true,
        "right": true,
        "img": "images/FiceRodsYY.png"
      }
    ]
  },

  // Bombos
  {
    "name": "Bombos",
    "type": "progressive_toggle",
    "stages": [
      {
        "img": "images/0007.png",
        "codes": "bombos",
        "secondary_codes": "blank, 0, nomed"
      },
      {
        "img": "images/0117.png",
        "codes": "bombos",
        "secondary_codes": "mm, mire"
      },
      {
        "img": "images/0120.png",
        "codes": "bombos",
        "secondary_codes": "tr, T rock, trock"
      },
      {
        "img": "images/0123.png",
        "codes": "bombos",
        "secondary_codes": "2, both"
      }
    ]
  },
  // Ether
  {
    "name": "Ether",
    "type": "progressive_toggle",
    "stages": [
      {
        "img": "images/0008.png",
        "codes": "ether",
        "secondary_codes": "blank, 0, nomed"
      },
      {
        "img": "images/0118.png",
        "codes": "ether",
        "secondary_codes": "mm, mire"
      },
      {
        "img": "images/0121.png",
        "codes": "ether",
        "secondary_codes": "tr, T rock, trock"
      },
      {
        "img": "images/0124.png",
        "codes": "ether",
        "secondary_codes": "2, both"
      }
    ]
  },
  // Quake
  {
    "name": "Quake",
    "type": "progressive_toggle",
    "stages": [
      {
        "img": "images/0009.png",
        "codes": "quake",
        "secondary_codes": "blank, 0, nomed"
      },
      {
        "img": "images/0119.png",
        "codes": "quake",
        "secondary_codes": "mm, mire"
      },
      {
        "img": "images/0122.png",
        "codes": "quake",
        "secondary_codes": "tr. trock, T rock"
      },
      {
        "img": "images/0125.png",
        "codes": "quake",
        "secondary_codes": "2, both"
      }
    ]
  },

  // Half-Magic
  {
    "name": "Half Magic",
    "type": "toggle",
    "loop": "true",
    "img": "images/0064.png",
    "codes": "halfmagic"
  },

  // Lamp
  {
    "name": "Lamp",
    "type": "toggle",
    "loop": true,
    "img": "images/0010.png",
    "codes": "lamp,lantern"
  },
  // Hammer
  {
    "name": "Hammer",
    "type": "toggle",
    "loop": true,
    "img": "images/0011.png",
    "codes": "hammer"
  },
  // Book of Mudora
  {
    "name": "Book",
    "type": "toggle",
    "loop": true,
    "img": "images/0014.png",
    "codes": "book"
  },
  // Moon Pearl
  {
    "name": "Moon Pearl",
    "type": "toggle",
    "loop": true,
    "img": "images/0022.png",
    "codes": "pearl,moonpearl"
  },

  // Bottles
  {
    "name": "Bottle",
    "type": "progressive",
    "loop": true,
    "allow_disabled": "false",
    "stages": [
      {
        "img": "images/0026.png",
        "img_mods": "@disabled"
      },
      {
        "img": "images/0070.png",
        "codes": "bottle"
      },
      {
        "img": "images/0071.png"
      },
      {
        "img": "images/0072.png"
      },
      {
        "img": "images/0073.png"
      }
    ]
  },

  // Sick Kid
  {
    "name": "Sick Kid",
    "type": "toggle_badged",
    "base_item": "bottle",
    "img": "images/checkmark.png",
    "codes": "sickkid"
  },

  // Somaria
  {
    "name": "Somaria",
    "type": "toggle",
    "loop": true,
    "img": "images/0015.png",
    "codes": "somaria,redcane"
  },
  // Mirror
  {
    "name": "Mirror",
    "type": "toggle",
    "loop": true,
    "img": "images/0018.png",
    "codes": "mirror"
  },

  // Progressive Gloves
  {
    "name": "Gloves",
    "type": "progressive",
    "stages": [
      {
        "img": "images/0019.png",
        "codes": "gloves,lift1",
        "secondary_codes": "gloves"
      },
      {
        "img": "images/0043.png",
        "codes": "mitts,lift2",
        "secondary_codes": "mitts"
      }
    ]
  },
  // Boots
  {
    "name": "Boots",
    "type": "toggle",
    "loop": true,
    "img": "images/0020.png",
    "codes": "boots, pegasus"
  },
  // Flippers
  {
    "name": "Flippers",
    "type": "toggle",
    "loop": true,
    "img": "images/0021.png",
    "codes": "flippers"
  },
  // Progressive Swords
  {
    "name": "Sword",
    "type": "progressive",
    "stages": [
      {
        "img": "images/0023.png",
        "codes": "sword, sword1, fs",
        "secondary_codes": "fighter, fighter sword, level 1"
      },
      {
        "img": "images/0038.png",
        "codes": "sword, sword2, ms",
        "secondary_codes": "master, master sword, level 2"
      },
      {
        "img": "images/0039.png",
        "codes": "sword, sword3, tempered",
        "secondary_codes": "tempered, tempered sword, level 3"
      },
      {
        "img": "images/0040.png",
        "codes": "sword, sword4, butter",
        "secondary_codes": "gold, gold sword, level 4, butter, butter sword"
      }
    ]
  },

  // Eastern Palace
  {
    "name": "Eastern Palace",
    "type": "progressive_toggle",
    "stages": [
      {
        "img": "images/EP.png",
        "codes": "eastern, armos, ep, easternpalace, crystal, c",
        "img_mods": "overlay|images/crystal.png",
        "secondary_codes": "crystal"
      },
      {
        "img": "images/EP.png",
        "codes": "eastern, armos, ep, easternpalace, crystal56, redcrystal, c+",
        "img_mods": "overlay|images/redcrystal.png",
        "disabled_img": "images/noEP.png",
        "disabled_img_mods": "overlay|images/noredcrystal.png",
        "secondary_codes": "crystal five six, red crystal, fairy crystal"
      },
      {
        "img": "images/EP.png",
        "codes": "eastern, armos, ep, easternpalace, pendant, p",
        "img_mods": "overlay|images/pendant.png",
        "secondary_codes": "pendant, red pendant, blue pendant"
      },
      {
        "img": "images/EP.png",
        "codes": "eastern, armos, ep, easternpalace, greenpendant, gp, p+",
        "img_mods": "overlay|images/greenpendant.png",
        "secondary_codes": "green pendant"
      },
      {
        "img": "images/EP.png",
        "codes": "eastern, armos, ep, easternpalace, unknown",
        "img_mods": "overlay|images/overlayNA2.png",
        "secondary_codes": "unknown"
      }
    ]
  },

  // Desert Palace
  {
    "name": "Desert Palace",
    "type": "progressive_toggle",
    "stages": [
      {
        "img": "images/DP.png",
        "codes": "desertpalace, lanmolas, molas, desert, dp, crystal, c",
        "img_mods": "overlay|images/crystal.png",
        "secondary_codes": "crystal"
      },
      {
        "img": "images/DP.png",
        "codes": "desertpalace, lanmolas, molas, desert, dp, crystal56, redcrystal, c+",
        "img_mods": "overlay|images/redcrystal.png",
        "disabled_img": "images/noDP.png",
        "disabled_img_mods": "overlay|images/noredcrystal.png",
        "secondary_codes": "crystal five six, red crystal, fairy crystal"
      },
      {
        "img": "images/DP.png",
        "codes": "desertpalace, lanmolas, molas, desert, dp, pendant, p",
        "img_mods": "overlay|images/pendant.png",
        "secondary_codes": "pendant, red pendant, blue pendant"
      },
      {
        "img": "images/DP.png",
        "codes": "desertpalace, lanmolas, molas, desert, dp, greenpendant, gp, p+",
        "img_mods": "overlay|images/greenpendant.png",
        "secondary_codes": "green pendant"
      },
      {
        "img": "images/DP.png",
        "codes": "desertpalace, lanmolas, molas, desert, dp, unknown",
        "img_mods": "overlay|images/overlayNA2.png",
        "secondary_codes": "unknown"
      }
    ]
  },

  // Tower of Hera
  {
    "name": "Tower of Hera",
    "type": "progressive_toggle",
    "stages": [
      {
        "img": "images/TOH.png",
        "codes": "towerofhera, moldorm, moldy, toh, hera, crystal, c",
        "img_mods": "overlay|images/crystal.png",
        "secondary_codes": "crystal"
      },
      {
        "img": "images/TOH.png",
        "codes": "towerofhera, moldorm, moldy, toh, hera, crystal56, redcrystal, c+",
        "img_mods": "overlay|images/redcrystal.png",
        "disabled_img": "images/noTOH.png",
        "disabled_img_mods": "overlay|images/noredcrystal.png",
        "secondary_codes": "crystal five six, red crystal, fairy crystal"
      },
      {
        "img": "images/TOH.png",
        "codes": "towerofhera, moldorm, moldy, toh, hera, pendant, p",
        "img_mods": "overlay|images/pendant.png",
        "secondary_codes": "pendant, red pendant, blue pendant"
      },
      {
        "img": "images/TOH.png",
        "codes": "towerofhera, moldorm, moldy, toh, hera, greenpendant, gp, p+",
        "img_mods": "overlay|images/greenpendant.png",
        "secondary_codes": "green pendant"
      },
      {
        "img": "images/TOH.png",
        "codes": "towerofhera, moldorm, moldy, toh, hera, unknown",
        "img_mods": "overlay|images/overlayNA2.png",
        "secondary_codes": "unknown"
      }
    ]
  },

  // Palace of Darkness
  {
    "name": "Palace of Darkness",
    "type": "progressive_toggle",
    "stages": [
      {
        "img": "images/POD.png",
        "codes": "palaceofdarkness, helma, helmasaur, pod, darkness, crystal, c",
        "img_mods": "overlay|images/crystal.png",
        "secondary_codes": "crystal"
      },
      {
        "img": "images/POD.png",
        "codes": "palaceofdarkness, helma, helmasaur, pod, darkness, crystal56, redcrystal, c+",
        "img_mods": "overlay|images/redcrystal.png",
        "disabled_img": "images/noPOD.png",
        "disabled_img_mods": "overlay|images/noredcrystal.png",
        "secondary_codes": "crystal five six, red crystal, fairy crystal"
      },
      {
        "img": "images/POD.png",
        "codes": "palaceofdarkness, helma, helmasaur, pod, darkness, pendant, p",
        "img_mods": "overlay|images/pendant.png",
        "secondary_codes": "pendant, red pendant, blue pendant"
      },
      {
        "img": "images/POD.png",
        "codes": "palaceofdarkness, helma, helmasaur, pod, darkness, greenpendant, gp, p+",
        "img_mods": "overlay|images/greenpendant.png",
        "secondary_codes": "green pendant"
      },
      {
        "img": "images/POD.png",
        "codes": "palaceofdarkness, helma, helmasaur, pod, darkness, unknown",
        "img_mods": "overlay|images/overlayNA2.png",
        "secondary_codes": "unknown"
      }
    ]
  },

  // Swamp Palace
  {
    "name": "Swamp Palace",
    "type": "progressive_toggle",
    "stages": [
      {
        "img": "images/SP.png",
        "codes": "swamppalace, swamp, sp, arrghus, crystal, c",
        "img_mods": "overlay|images/crystal.png",
        "secondary_codes": "crystal"
      },
      {
        "img": "images/SP.png",
        "codes": "swamppalace, swamp, sp, arrghus, crystal56, redcrystal, c+",
        "img_mods": "overlay|images/redcrystal.png",
        "disabled_img": "images/noSP.png",
        "disabled_img_mods": "overlay|images/noredcrystal.png",
        "secondary_codes": "crystal five six, red crystal, fairy crystal"
      },
      {
        "img": "images/SP.png",
        "codes": "swamppalace, swamp, sp, arrghus, pendant, p",
        "img_mods": "overlay|images/pendant.png",
        "secondary_codes": "pendant, red pendant, blue pendant"
      },
      {
        "img": "images/SP.png",
        "codes": "swamppalace, swamp, sp, arrghus, greenpendant, gp, p+",
        "img_mods": "overlay|images/greenpendant.png",
        "secondary_codes": "green pendant"
      },
      {
        "img": "images/SP.png",
        "codes": "swamppalace, swamp, sp, arrghus, unknown",
        "img_mods": "overlay|images/overlayNA2.png",
        "secondary_codes": "unknown"
      }
    ]
  },

  // Skull Woods
  {
    "name": "Skull Woods",
    "type": "progressive_toggle",
    "stages": [
      {
        "img": "images/SW.png",
        "codes": "skullwoods, skull, sw, moth, mothula, crystal, c",
        "img_mods": "overlay|images/crystal.png",
        "secondary_codes": "crystal"
      },
      {
        "img": "images/SW.png",
        "codes": "skullwoods, skull, sw, moth, mothula, crystal56, redcrystal, c+",
        "img_mods": "overlay|images/redcrystal.png",
        "disabled_img": "images/noSW.png",
        "disabled_img_mods": "overlay|images/noredcrystal.png",
        "secondary_codes": "crystal five six, red crystal, fairy crystal"
      },
      {
        "img": "images/SW.png",
        "codes": "skullwoods, skull, sw, moth, mothula, pendant, p",
        "img_mods": "overlay|images/pendant.png",
        "secondary_codes": "pendant, red pendant, blue pendant"
      },
      {
        "img": "images/SW.png",
        "codes": "skullwoods, skull, sw, moth, mothula, greenpendant, gp, p+",
        "img_mods": "overlay|images/greenpendant.png",
        "secondary_codes": "green pendant"
      },
      {
        "img": "images/SW.png",
        "codes": "skullwoods, skull, sw, moth, mothula, unknown",
        "img_mods": "overlay|images/overlayNA2.png",
        "secondary_codes": "unknown"
      }
    ]
  },

  // Thieve's Town
  {
    "name": "Thieves Town",
    "type": "progressive_toggle",
    "stages": [
      {
        "img": "images/TT.png",
        "codes": "thievestown, thieves, blind, tt, crystal, c",
        "img_mods": "overlay|images/crystal.png",
        "secondary_codes": "crystal"
      },
      {
        "img": "images/TT.png",
        "codes": "thievestown, thieves, blind, tt, crystal56, redcrystal, c+",
        "img_mods": "overlay|images/redcrystal.png",
        "disabled_img": "images/noTT.png",
        "disabled_img_mods": "overlay|images/noredcrystal.png",
        "secondary_codes": "crystal five six, red crystal, fairy crystal"
      },
      {
        "img": "images/TT.png",
        "codes": "thievestown, thieves, blind, tt, pendant, p",
        "img_mods": "overlay|images/pendant.png",
        "secondary_codes": "pendant, red pendant, blue pendant"
      },
      {
        "img": "images/TT.png",
        "codes": "thievestown, thieves, blind, tt, greenpendant, gp, p+",
        "img_mods": "overlay|images/greenpendant.png",
        "secondary_codes": "green pendant"
      },
      {
        "img": "images/TT.png",
        "codes": "thievestown, thieves, blind, tt, unknown",
        "img_mods": "overlay|images/overlayNA2.png",
        "secondary_codes": "unknown"
      }
    ]
  },

  // Ice Palace
  {
    "name": "Ice Palace",
    "type": "progressive_toggle",
    "stages": [
      {
        "img": "images/IP.png",
        "codes": "icepalace, ip, ice, khold, kholdstare, crystal, c",
        "img_mods": "overlay|images/crystal.png",
        "secondary_codes": "crystal"
      },
      {
        "img": "images/IP.png",
        "codes": "icepalace, ip, ice, khold, kholdstare, crystal56, redcrystal, c+",
        "img_mods": "overlay|images/redcrystal.png",
        "disabled_img": "images/noIP.png",
        "disabled_img_mods": "overlay|images/noredcrystal.png",
        "secondary_codes": "crystal five six, red crystal, fairy crystal"
      },
      {
        "img": "images/IP.png",
        "codes": "icepalace, ip, ice, khold, kholdstare, pendant, p",
        "img_mods": "overlay|images/pendant.png",
        "secondary_codes": "pendant, red pendant, blue pendant"
      },
      {
        "img": "images/IP.png",
        "codes": "icepalace, ip, ice, khold, kholdstare, greenpendant, gp, p+",
        "img_mods": "overlay|images/greenpendant.png",
        "secondary_codes": "green pendant"
      },
      {
        "img": "images/IP.png",
        "codes": "icepalace, ip, ice, khold, kholdstare, unknown",
        "img_mods": "overlay|images/overlayNA2.png",
        "secondary_codes": "unknown"
      }
    ]
  },

  // Misery Mire
  {
    "name": "Misery Mire",
    "type": "progressive_toggle",
    "stages": [
      {
        "img": "images/MM.png",
        "codes": "miserymire, mire, mm, vitty, vitreous, crystal, c",
        "img_mods": "overlay|images/crystal.png",
        "secondary_codes": "crystal"
      },
      {
        "img": "images/MM.png",
        "codes": "miserymire, mire, mm, vitty, vitreous, crystal56, redcrystal, c+",
        "img_mods": "overlay|images/redcrystal.png",
        "disabled_img": "images/noMM.png",
        "disabled_img_mods": "overlay|images/noredcrystal.png",
        "secondary_codes": "crystal five six, red crystal, fairy crystal"
      },
      {
        "img": "images/MM.png",
        "codes": "miserymire, mire, mm, vitty, vitreous, pendant, p",
        "img_mods": "overlay|images/pendant.png",
        "secondary_codes": "pendant, red pendant, blue pendant"
      },
      {
        "img": "images/MM.png",
        "codes": "miserymire, mire, mm, vitty, vitreous, greenpendant, gp, p+",
        "img_mods": "overlay|images/greenpendant.png",
        "secondary_codes": "green pendant"
      },
      {
        "img": "images/MM.png",
        "codes": "miserymire, mire, mm, vitty, vitreous, unknown",
        "img_mods": "overlay|images/overlayNA2.png",
        "secondary_codes": "unknown"
      }
    ]
  },

  // Turtle Rock
  {
    "name": "Turtle Rock",
    "type": "progressive_toggle",
    "stages": [
      {
        "img": "images/TR.png",
        "codes": "turtlerock, tr, trock, trinexx, crystal, c",
        "img_mods": "overlay|images/crystal.png",
        "secondary_codes": "crystal"
      },
      {
        "img": "images/TR.png",
        "codes": "turtlerock, tr, trock, trinexx, crystal56, redcrystal, c+",
        "img_mods": "overlay|images/redcrystal.png",
        "disabled_img": "images/noTR.png",
        "disabled_img_mods": "overlay|images/noredcrystal.png",
        "secondary_codes": "crystal five six, red crystal, fairy crystal"
      },
      {
        "img": "images/TR.png",
        "codes": "turtlerock, tr, trock, trinexx, pendant, p",
        "img_mods": "overlay|images/pendant.png",
        "secondary_codes": "pendant, red pendant, blue pendant"
      },
      {
        "img": "images/TR.png",
        "codes": "turtlerock, tr, trock, trinexx, greenpendant, gp, p+",
        "img_mods": "overlay|images/greenpendant.png",
        "secondary_codes": "green pendant"
      },
      {
        "img": "images/TR.png",
        "codes": "turtlerock, tr, trock, trinexx, unknown",
        "img_mods": "overlay|images/overlayNA2.png",
        "secondary_codes": "unknown"
      }
    ]
  },

  // Agahnim
  {
    "name": "Agahnim",
    "type": "toggle",
    "loop": "true",
    "img": "images/aga1.png",
    "codes": "aga, aga1"
  },
  // Agahnim 2
  {
    "name": "Agahnim 2",
    "type": "toggle",
    "loop": "true",
    "img": "images/aga2.png",
    "codes": "aga2"
  },
  // Agahnims
  {
    "name": "Agahnims",
    "type": "composite_toggle",
    "codes": "agahnims",
    "item_left": "aga1",
    "item_right": "aga2",
    "images": [
      {
        "left": false,
        "right": false,
        "img": "images/0055.png",
        "img_mods": "@disabled"
      },
      {
        "left": true,
        "right": false,
        "img": "images/aga1.png"
      },
      {
        "left": false,
        "right": true,
        "img": "images/aga2.png"
      },
      {
        "left": true,
        "right": true,
        "img": "images/0055.png"
      }
    ]
  },
  // Progressive Shields
  {
    "name": "Shield",
    "type": "progressive",
    "stages": [
      {
        "img": "images/0024.png",
        "codes": "shield1, shield",
        "secondary_codes": "fighter shield, fighter, level 1"
      },
      {
        "img": "images/0044.png",
        "codes": "shield2, redshield",
        "secondary_codes": "red shield, red, level 2"
      },
      {
        "img": "images/0045.png",
        "codes": "shield3, mirrorshield",
        "secondary_codes": "mirror shield, mirror, level 3"
      }
    ]
  },
  // Progressive Mail
  {
    "name": "Mail",
    "type": "progressive",
    "allow_disabled": false,
    "stages": [
      {
        "img": "images/0025.png",
        "codes": "armor, armor1, greenmail, mail",
        "secondary_codes": "green mail, green"
      },
      {
        "img": "images/0041.png",
        "codes": "armor2, bluemail",
        "secondary_codes": "blue mail, blue"
      },
      {
        "img": "images/0042.png",
        "codes": "armor3, redmail",
        "secondary_codes": "red mail, red"
      }
    ]
  },

  //Ganon
  {
    "name": "Ganon",
    "type": "toggle",
    "loop": true,
    "img": "images/ganon.png",
    "codes": "ganon, zelda, pig, z3"
  },
]