﻿{
  "shared_item_grid": {
    "type": "itemgrid",
    "h_alignment": "center",
    "item_margin": "1,1",
    "item_size": "40",
    "rows": [
      [ "eldstar", "mamar", "skolar", "muskular", "misstar", "klevar", "kalmar", "ultrastone" ],
      [ "goombario", "kooper", "bombette", "parakarry", "bow", "watt", "sushi", "lakilester" ],
      [ "boots", "hammer", "fortkey", "pulse", "ruinskey", "pyramid", "diamond", "moon" ],
      [ "portrait", "tubbakey", "train", "jaderaven", "seeds", "soil", "bean", "miracle" ],
      [ "warehouse", "bucket", "scarf", "star", "redkey", "palace", "prisonkey", "bowserkey" ],
      [ "calc", "storekey", "oddkey", "ripcheato", "fryingpan", "Mailbag", "cookbook", "dictionary",  ],
      [ "lyrics", "melody", "dolly", "shell", "letters", "artifact", "cd", "weight" ],
      [ "anti", "vase", "flowergem", "waterstone", "red2blueberries", "yellowandpurpleberries", "bluekey", "dojofight" ]
    ]
  },
  "tracker_default": {
    "type": "container",
    "background": "#000000",
    "width": 338,
    "content": {
      "type": "layout",
      "dropshadow": false,
      "margin": 1,
      "key": "shared_item_grid"
    }
  }
}
