﻿[
  // Eldstar
  {
    "name": "Eldstar",
    "type": "toggle",
    "loop": "true",
    "img": "images/Eldstar.png",
    "codes": "eldstar, chapter1, ch1"
  },
  // Mamar
  {
    "name": "Mamar",
    "type": "toggle",
    "loop": "true",
    "img": "images/Mamar.png",
    "codes": "mamar, chapter2, ch2"
  },
  // Skolar
  {
    "name": "Skolar",
    "type": "toggle",
    "loop": "true",
    "img": "images/Skolar.png",
    "codes": "skolar, chapter3, ch3"
  },
  // Muskular
  {
    "name": "Muskular",
    "type": "toggle",
    "loop": "true",
    "img": "images/Muskular.png",
    "codes": "muskular, chapter4, ch4"
  },
  // Misstar
  {
    "name": "Misstar",
    "type": "toggle",
    "loop": "true",
    "img": "images/Misstar.png",
    "codes": "misstar, chapter5, ch5"
  },
  // Klevar
  {
    "name": "Klevar",
    "type": "toggle",
    "loop": "true",
    "img": "images/Eldstar.png",
    "codes": "klevar, chapter6, ch6"
  },
  // Kalmar
  {
    "name": "Kalmar",
    "type": "toggle",
    "loop": "true",
    "img": "images/Kalmar.png",
    "codes": "kalmar, chapter7, ch7"
  },

  // Cake
  {
    "name": "Cake",
    "type": "toggle",
    "loop": "true",
    "img": "images/Cake.png",
    "codes": "cake, slice"
  },

  // Muskular + Cake Overlay
  {
    "name": "Muskular + Cake Overlay",
    "type": "composite_toggle",
    "codes": "MuskCake",
    "item_left": "muskular",
    "item_right": "cake",
    "images": [
      {
        "left": false,
        "right": false,
        "img": "images/Muskular.png",
        "img_mods": "@disabled,overlay|images/CakeOverlayOff.png"
      },
      {
        "left": true,
        "right": false,
        "img": "images/Muskular.png",
        "img_mods": "overlay|images/CakeOverlayOff.png"
      },
      {
        "left": false,
        "right": true,
        "img": "images/Muskular.png",
        "img_mods": "@disabled,overlay|images/CakeOverlay.png"
      },
      {
        "left": true,
        "right": true,
        "img": "images/Muskular.png",
        "img_mods": "overlay|images/CakeOverlay.png"
      }
    ]
  },

  // Jade Raven
  {
    "name": "Jade Raven",
    "type": "toggle",
    "loop": "true",
    "img": "images/JadeRaven.png",
    "codes": "jaderaven, jade, raven"
  },

  // Misstar + Jade Raven Overlay
  {
    "name": "Misstar + Jade Raven Overlay",
    "type": "composite_toggle",
    "codes": "MissRaven",
    "item_left": "misstar",
    "item_right": "jaderaven",
    "images": [
      {
        "left": false,
        "right": false,
        "img": "images/Misstar.png",
        "img_mods": "@disabled,overlay|images/JadeRavenOverlayOff.png"
      },
      {
        "left": true,
        "right": false,
        "img": "images/Misstar.png",
        "img_mods": "overlay|images/JadeRavenOverlayOff.png"
      },
      {
        "left": false,
        "right": true,
        "img": "images/Misstar.png",
        "img_mods": "@disabled,overlay|images/JadeRavenOverlay.png"
      },
      {
        "left": true,
        "right": true,
        "img": "images/Misstar.png",
        "img_mods": "overlay|images/JadeRavenOverlay.png"
      }
    ]
  },

  // Palace Key
  {
    "name": "Palace Key",
    "type": "toggle",
    "loop": "true",
    "img": "images/PalaceKey.png",
    "codes": "palace, pkey, palacekey"
  },

  // Kalmar + Palace Key Overlay
  {
    "name": "Kalmar + Palace Key Overlay",
    "type": "composite_toggle",
    "codes": "KalKey",
    "item_left": "kalmar",
    "item_right": "palace",
    "images": [
      {
        "left": false,
        "right": false,
        "img": "images/Kalmar.png",
        "img_mods": "@disabled,overlay|images/PalaceKeyOverlayOff.png"
      },
      {
        "left": true,
        "right": false,
        "img": "images/Kalmar.png",
        "img_mods": "overlay|images/PalaceKeyOverlayOff.png"
      },
      {
        "left": false,
        "right": true,
        "img": "images/Kalmar.png",
        "img_mods": "@disabled,overlay|images/PalaceKeyOverlay.png"
      },
      {
        "left": true,
        "right": true,
        "img": "images/Kalmar.png",
        "img_mods": "overlay|images/PalaceKeyOverlay.png"
      }
    ]
  },

  // Pulse Stone
  {
    "name": "Pulse Stone",
    "type": "toggle",
    "loop": "true",
    "img": "images/PulseStone.png",
    "codes": "pulse, pulsestone, ruby"
  },

  // Pyramid Stone
  {
    "name": "Pyramid Stone",
    "type": "toggle",
    "loop": "true",
    "img": "images/PyramidStone.png",
    "codes": "pyramid, pyramidstone, triangle"
  },

  // Diamond Stone
  {
    "name": "Diamond Stone",
    "type": "toggle",
    "loop": "true",
    "img": "images/DiamondStone.png",
    "codes": "diamond, diamondstone"
  },

  // Lunar Stone
  {
    "name": "Lunar Stone",
    "type": "toggle",
    "loop": "true",
    "img": "images/LunarStone.png",
    "codes": "lunar, moon, moonstone, lunarstone"
  },

  // Boo's Portrait
  {
    "name": "Boo's Portrait",
    "type": "toggle",
    "loop": "true",
    "img": "images/BoosPortrait.png",
    "codes": "portrait, mrboo, boos, boosportrait"
  },

  // Toy Train
  {
    "name": "Toy Train",
    "type": "toggle",
    "loop": "true",
    "img": "images/ToyTrain.png",
    "codes": "toy, train, toytrain, choochoo"
  },

  // Magical Bean
  {
    "name": "Magical Bean",
    "type": "toggle",
    "loop": "true",
    "img": "images/MagicalBean.png",
    "codes": "bean, magicalbean"
  },

  // Fertile Soil
  {
    "name": "Fertile Soil",
    "type": "toggle",
    "loop": "true",
    "img": "images/FertileSoil.png",
    "codes": "soil, fertile, fertilesoil"
  },

  // Miracle Water
  {
    "name": "Miracle Water",
    "type": "toggle",
    "loop": "true",
    "img": "images/MiracleWater.png",
    "codes": "miracle, wateringcan, watering, miraclewater"
  },

  // Warehouse Key
  {
    "name": "Warehouse Key",
    "type": "toggle",
    "loop": "true",
    "img": "images/WarehouseKey.png",
    "codes": "warehouse, wkey, warehousekey, warekey"
  },

  // Bucket
  {
    "name": "Bucket",
    "type": "toggle",
    "loop": "true",
    "img": "images/Bucket.png",
    "codes": "bucket, pail"
  },

  // Scarf
  {
    "name": "Scarf",
    "type": "toggle",
    "loop": "true",
    "img": "images/Scarf.png",
    "codes": "scarf"
  },

  // Star Stone
  {
    "name": "Star Stone",
    "type": "toggle",
    "loop": "true",
    "img": "images/StarStone.png",
    "codes": "starstone, star"
  },

  // Red Key
  {
    "name": "Red Key",
    "type": "toggle",
    "loop": "true",
    "img": "images/RedKey.png",
    "disabled_img": "images/RedKeyOff.png",
    "disabled_img_mods": "",
    "codes": "redkey, rkey"
  },

  // Bowser's Castle Key
  {
    "name": "Bowser's Castle Key",
    "type": "progressive",
    "loop": true,
    "allow_disabled": "false",
    "stages": [
      {
        "img": "images/Bowser0.png",
        "img_mods": "@disabled",
        "codes": "bowserkey",
        "secondary_codes": "bowser, 0"
      },
      {
        "img": "images/Bowser1.png",
        "secondary_codes": "bowser, 1"
      },
      {
        "img": "images/Bowser2.png",
        "secondary_codes": "bowser, 2"
      },
      {
        "img": "images/Bowser3.png",
        "secondary_codes": "bowser, 3"
      },
      {
        "img": "images/Bowser3.png",
        "secondary_codes": "bowser, 4"
      },
      {
        "img": "images/Bowser3.png",
        "secondary_codes": "bowser, 5"
      }
    ]
  },

  // Boots
  {
    "name": "Boots",
    "type": "progressive",
    "loop": true,
    "allow_disabled": "false",
    "stages": [
      {
        "img": "images/Boots.png",
        "codes": "boots",
        "secondary_codes": "1"
      },
      {
        "img": "images/SuperBoots.png",
        "secondary_codes": "2"
      },
      {
        "img": "images/UltraBoots.png",
        "secondary_codes": "3"
      }
    ]
  },

  // Hammer
  {
    "name": "Hammer",
    "type": "progressive",
    "loop": true,
    "allow_disabled": "false",
    "stages": [
      {
        "img": "images/Hammer.png",
        "codes": "hammer",
        "secondary_codes": "1"
      },
      {
        "img": "images/SuperHammer.png",
        "secondary_codes": "2"
      },
      {
        "img": "images/UltraHammer.png",
        "secondary_codes": "3"
      }
    ]
  },

  // Ultra Stone
  {
    "name": "Ultra Stone",
    "type": "toggle",
    "loop": "true",
    "img": "images/UltraStone.png",
    "codes": "ultrastone, ultra, powerup"
  },

  // Dolly
  {
    "name": "Dolly",
    "type": "toggle",
    "loop": "true",
    "img": "images/Dolly.png",
    "codes": "dolly, peach, peachdoll, princess"
  },

  // Kooper's Shell
  {
    "name": "Kooper's Shell",
    "type": "toggle",
    "loop": "true",
    "img": "images/KooperShell.png",
    "codes": "shell, koopershell, koopashell"
  },

  // Artifact
  {
    "name": "Artifact",
    "type": "toggle",
    "loop": "true",
    "img": "images/Artifact.png",
    "codes": "artifact"
  },

  // Record
  {
    "name": "Record",
    "type": "toggle",
    "loop": "true",
    "img": "images/Record.png",
    "codes": "record, cd, disk, dvd, bluray"
  },

  // Weight
  {
    "name": "Weight",
    "type": "toggle",
    "loop": "true",
    "img": "images/Weight.png",
    "codes": "weight, heavy"
  },

  // Calculator
  {
    "name": "Calculator",
    "type": "toggle",
    "loop": "true",
    "img": "images/Calculator.png",
    "codes": "calculator, calc, math"
  },

  // Frying Pan
  {
    "name": "Frying Pan",
    "type": "toggle",
    "loop": "true",
    "img": "images/FryingPan.png",
    "codes": "fryingpan, frying, pan"
  },

  // Mailbag
  {
    "name": "Mailbag",
    "type": "toggle",
    "loop": "true",
    "img": "images/Mailbag.png",
    "codes": "mailbag, sack, pouch"
  },

  // Cookbook
  {
    "name": "Cookbook",
    "type": "toggle",
    "loop": "true",
    "img": "images/Cookbook.png",
    "codes": "cookbook, recipe, newspaper, news"
  },

  // Dictionary
  {
    "name": "Dictionary",
    "type": "toggle",
    "loop": "true",
    "img": "images/Dictionary.png",
    "codes": "dictionary, textbook"
  },

  // Mystery Notes
  {
    "name": "MysteryNotes",
    "type": "toggle",
    "loop": "true",
    "img": "images/MysteryNotes.png",
    "codes": "mystery, notes, mysterynotes, paper"
  },

  // Dictionary & Mystery Notes
  {
    "name": "Dictionary & Mystery Notes",
    "type": "toggle_badged",
    "base_item": "mystery",
    "img": "images/DictionaryOverlay.png",
    "codes": "DictNotes"
  },

  // Lyrics
  {
    "name": "Lyrics",
    "type": "toggle",
    "loop": "true",
    "img": "images/Lyrics.png",
    "codes": "lyrics, redbook, redpages"
  },

  // Melody
  {
    "name": "Melody",
    "type": "toggle",
    "loop": "true",
    "img": "images/Melody.png",
    "codes": "melody, bluebook, bluepages"
  },

  // Lyrics & Melody
  {
    "name": "Lyrics & Melody",
    "type": "composite_toggle",
    "codes": "lyricsandmelody",
    "item_left": "lyrics",
    "item_right": "melody",
    "images": [
      {
        "left": false,
        "right": false,
        "img": "images/LyricsMelodyOff.png"
      },
      {
        "left": true,
        "right": false,
        "img": "images/LyricsMelodyOff.png",
        "img_mods": "overlay|images/LyricsLeft.png"
      },
      {
        "left": false,
        "right": true,
        "img": "images/LyricsMelodyOff.png",
        "img_mods": "overlay|images/MelodyRight.png"
      },
      {
        "left": true,
        "right": true,
        "img": "images/LyricsMelody.png"
      }
    ]
  },

  // Volcano Vase
  {
    "name": "Volcano Vase",
    "type": "toggle",
    "loop": "true",
    "img": "images/VolcanoVase.png",
    "codes": "volcanovase, vase, pot, jar"
  },

  // Crystal Berry
  {
    "name": "Crystal Berry",
    "type": "toggle",
    "loop": "true",
    "img": "images/CrystalBerry.png",
    "codes": "crystalberry, flowergem"
  },

  // Water Stone
  {
    "name": "Water Stone",
    "type": "toggle",
    "loop": "true",
    "img": "images/WaterStone.png",
    "codes": "waterstone, water, wstone"
  },

  // Anti Guy
  {
    "name": "Anti Guy",
    "type": "toggle",
    "loop": "true",
    "img": "images/AntiGuy.png",
    "codes": "antiguy, anti"
  },

  // Red Berry
  {
    "name": "Red Berry",
    "type": "toggle",
    "loop": "true",
    "img": "images/RedBerry.png",
    "codes": "redberry, rberry"
  },

  // Blue Berry
  {
    "name": "Blue Berry",
    "type": "toggle",
    "loop": "true",
    "img": "images/BlueBerry.png",
    "codes": "blueberry, bberry"
  },

  // Yellow Berry
  {
    "name": "Yellow Berry",
    "type": "toggle",
    "loop": "true",
    "img": "images/YellowBerry.png",
    "codes": "yellowberry, yberry"
  },

  // Purple Berry
  {
    "name": "Purple Berry",
    "type": "toggle",
    "loop": "true",
    "img": "images/PurpleBerry.png",
    "codes": "purpleberry, pberry"
  },

  // Red & Blue Berries
  {
    "name": "Red & Blue Berries",
    "type": "composite_toggle",
    "codes": "redandblueberries",
    "item_left": "redberry",
    "item_right": "blueberry",
    "images": [
      {
        "left": false,
        "right": false,
        "img": "images/RedBerryOff.png",
        "img_mods": "overlay|images/BlueRightOff.png"
      },
      {
        "left": true,
        "right": false,
        "img": "images/RedBerry.png",
        "img_mods": "overlay|images/BlueRightOff.png"
      },
      {
        "left": false,
        "right": true,
        "img": "images/RedBerryOff.png",
        "img_mods": "overlay|images/BlueRight.png"
      },
      {
        "left": true,
        "right": true,
        "img": "images/RedBerry.png",
        "img_mods": "overlay|images/BlueRight.png"
      }
    ]
  },

  // Yellow & Purple Berries
  {
    "name": "Yellow & Purple Berries",
    "type": "composite_toggle",
    "codes": "yellowandpurpleberries",
    "item_left": "yellowberry",
    "item_right": "purpleberry",
    "images": [
      {
        "left": false,
        "right": false,
        "img": "images/YellowBerryOff.png",
        "img_mods": "overlay|images/PurpleRightOff.png"
      },
      {
        "left": true,
        "right": false,
        "img": "images/YellowBerry.png",
        "img_mods": "overlay|images/PurpleRightOff.png"
      },
      {
        "left": false,
        "right": true,
        "img": "images/YellowBerryOff.png",
        "img_mods": "overlay|images/PurpleRight.png"
      },
      {
        "left": true,
        "right": true,
        "img": "images/YellowBerry.png",
        "img_mods": "overlay|images/PurpleRight.png"
      }
    ]
  },

  // Storeroom Key
  {
    "name": "Storeroom Key",
    "type": "toggle",
    "loop": "true",
    "img": "images/StoreroomKey.png",
    "codes": "storeroom, storekey, storeroomkey, skey"
  },

  // Odd Key
  {
    "name": "Odd Key",
    "type": "toggle",
    "loop": "true",
    "img": "images/OddKey.png",
    "codes": "oddkey, odd, okey"
  },

  // Duo Keys
  {
    "name": "Duo Keys",
    "type": "composite_toggle",
    "codes": "duokeys",
    "item_left": "storekey",
    "item_right": "oddkey",
    "images": [
      {
        "left": false,
        "right": false,
        "img": "images/StoreOddKeys.png",
        "img_mods": "@disabled"
      },
      {
        "left": true,
        "right": false,
        "img": "images/StoreOddKeys.png",
        "img_mods": "@disabled,overlay|images/StoreLeft.png"
      },
      {
        "left": false,
        "right": true,
        "img": "images/StoreOddKeys.png",
        "img_mods": "@disabled,overlay|images/OddRight.png"
      },
      {
        "left": true,
        "right": true,
        "img": "images/StoreLeft.png",
        "img_mods": "overlay|images/OddRight.png"
      }
    ]
  },

  // Blue Key
  {
    "name": "Blue Key",
    "type": "toggle",
    "loop": "true",
    "img": "images/BlueKey.png",
    "disabled_img": "images/BlueKeyOff.png",
    "disabled_img_mods": "",
    "codes": "bluekey, bkey"
  },

  // Prison Key
  {
    "name": "Prison Key",
    "type": "progressive",
    "loop": true,
    "allow_disabled": "false",
    "stages": [
      {
        "img": "images/PrisonKey.png",
        "img_mods": "@disabled",
        "codes": "prisonkey",
        "secondary_codes": "prison, 0"
      },
      {
        "img": "images/PrisonKey1.png",
        "secondary_codes": "prison, 1"
      },
      {
        "img": "images/PrisonKey2.png",
        "secondary_codes": "prison, 2"
      }
    ]
  },

  // Letters
  {
    "name": "Letters",
    "type": "progressive",
    "allow_disabled": "false",
    "loop": true,
    "stages": [
      {
        "img": "images/Letters.png",
        "img_mods": "@disabled",
        "codes": "letters"
      },
      {
        "img": "images/Letters.png",
        "img_mods": "overlay|images/overlay1.png"
      },
      {
        "img": "images/Letters.png",
        "img_mods": "overlay|images/overlay2.png"
      },
      {
        "img": "images/Letters.png",
        "img_mods": "overlay|images/overlay3G.png"
      }
    ]
  },

  // Rip Cheato
  {
    "name": "Rip Cheato",
    "type": "progressive",
    "allow_disabled": "false",
    "loop": true,
    "stages": [
      {
        "img": "images/RipCheato.png",
        "img_mods": "@disabled",
        "codes": "ripcheato"
      },
      {
        "img": "images/RipCheato.png",
        "img_mods": "overlay|images/overlay1.png"
      },
      {
        "img": "images/RipCheato.png",
        "img_mods": "overlay|images/overlay2.png"
      },
      {
        "img": "images/RipCheato.png",
        "img_mods": "overlay|images/overlay3.png"
      },
      {
        "img": "images/RipCheato.png",
        "img_mods": "overlay|images/overlay4.png"
      },
      {
        "img": "images/RipCheato.png",
        "img_mods": "overlay|images/overlay5.png"
      },
      {
        "img": "images/RipCheato.png",
        "img_mods": "overlay|images/overlay6.png"
      },
      {
        "img": "images/RipCheato.png",
        "img_mods": "overlay|images/overlay7.png"
      },
      {
        "img": "images/RipCheato.png",
        "img_mods": "overlay|images/overlay8.png"
      },
      {
        "img": "images/RipCheato.png",
        "img_mods": "overlay|images/overlay9.png"
      },
      {
        "img": "images/RipCheato.png",
        "img_mods": "overlay|images/overlay10.png"
      },
      {
        "img": "images/RipCheato.png",
        "img_mods": "overlay|images/overlay11G.png"
      }
    ]
  },

  // Dojo Fights
  {
    "name": "Dojo Fights",
    "type": "progressive",
    "allow_disabled": "false",
    "loop": true,
    "stages": [
      {
        "img": "images/Chan.png",
        "img_mods": "@disabled",
        "codes": "dojofight"
      },
      {
        "img": "images/Chan.png"
      },
      {
        "img": "images/Lee.png"
      },
      {
        "img": "images/TheMaster.png"
      },
      {
        "img": "images/TheMaster2.png"
      },
      {
        "img": "images/TheMaster3.png"
      }
    ]
  }
]