﻿{
  "shared_item_grid": {
    "type": "array",
    "margin": "15,15",
    "orientation": "horizontal",
    "content": [
      {
        "type": "itemgrid",
        "item_margin": "2,2",
        "h_alignment": "left",
        "rows": [
          [ "m1morph", "m1bombs", "m1varia", "m1jump" ],
          [ "m1long", "m1ice", "m1wave", "m1screw" ],
          [ "morph", "bomb", "spring", "grapple" ],
          [ "hijump", "speed", "varia", "gravity" ],
          [ "charge", "wave", "icebeam", "spazer" ]
        ]
      },
      {
        "type": "array",
        "orientation": "vertical",
        "content": [
          {
            "type": "itemgrid",
            "item_margin": "2,2",
            "h_alignment": "left",
            "rows": [
              [ "m1kraid", "m1brain" ],
              [ "m1ridley", "brain" ]
            ]
          },
          {
            "type": "canvas",
            "width": 67,
            "height": 67,
            "margin": "4,2,2,3",
            "content": [
              {
                "type": "image",
                "image": "images/g4_background.png",
                "margin": "0",
                "canvas_depth": 0,
                "width": 67,
                "height": 67
              },
              {
                "type": "item",
                "item": "goldridley",
                "margin": "0",
                "canvas_depth": 1,
                "width": 67,
                "height": 67
              },
              {
                "type": "item",
                "item": "goldkraid",
                "margin": "0",
                "canvas_depth": 1,
                "width": 67,
                "height": 67
              },
              {
                "type": "item",
                "item": "golddraygon",
                "margin": "0",
                "canvas_depth": 1,
                "canvas_left": 31,
                "canvas_top": 24,
                "width": 32,
                "height": 43
              },
              {
                "type": "item",
                "item": "goldphantoon",
                "margin": "0",
                "canvas_depth": 1,
                "width": 67,
                "height": 67
              }
            ]
          },
          {
            "type": "itemgrid",
            "item_margin": "2,2",
            "h_alignment": "left",
            "rows": [
              [ "cwispybeams", "xray" ]
            ]
          }
        ]
      }
    ]
  },
  "tracker_default":
  {
    "type": "container",
    "background": "#000000",
    "width": 246,
    "height": 212,
    "content": {
      "type": "layout",
      "dropshadow": false,
      "margin": 1,
      "image": "images/FullBack.png",
      "key": "shared_item_grid"
    }
  },
  "tracker_broadcast":
  {
    "type": "container",
    "background": "#000000",
    "width": 246,
    "height": 212,
    "content": {
      "type": "layout",
      "dropshadow": false,
      "margin": 1,
      "image": "images/FullBack.png",
      "key": "shared_item_grid"
    }
  }
}