﻿{
  "tracker_broadcast": {
    "background": "#000000",
    "type": "array",
    "orientation": "vertical",
    "margin": "0,0",
    "content": [
      {
        "type": "itemgrid",
        "item_margin": "1,1",
        "h_alignment": "left",
        "rows": [
          [ "bowandsilvers", "bothbooms", "hookshot", "witch", "bat", "varia", "gravity", "charge" ],
          [ "firerod", "icerod", "bombos", "ether", "quake", "morph", "bomb", "wave" ],
          [ "lamp", "hammer", "duck", "digspot", "book", "spring", "screw", "ibeam" ],
          [ "sickkid", "somaria", "byrna", "cape", "mirror", "hijump", "space", "spazer" ],
          [ "boots", "gloves", "flippers", "pearl", "sword", "speed", "grapple", "cwispybeams" ],
          [ "easternpalace", "desertpalace", "towerofhera", "palaceofdarkness", "swamppalace", "brain", "br", "ws" ],
          [ "skullwoods", "thievestown", "icepalace", "miserymire", "turtlerock", "ganon", "md", "ln" ]
        ]
      }
    ]
  }
}