﻿{
  "shared_item_grid": {
    "type": "itemgrid",
    "item_margin": "1,1",
    "h_alignment": "left",
    "rows": [
      [ "bowandsilvers", "bothbooms", "hookshot", "witch", "bat", "varia", "gravity", "charge" ],
      [ "firerod", "icerod", "bombos", "ether", "quake", "morph", "bomb", "wave" ],
      [ "lamp", "hammer", "duck", "digspot", "book", "spring", "screw", "ibeam" ],
      [ "sickkid", "somaria", "byrna", "cape", "mirror", "hijump", "space", "spazer" ],
      [ "boots", "gloves", "flippers", "pearl", "sword", "speed", "grapple", "cwispybeams" ],
      [ "easternpalace", "desertpalace", "towerofhera", "palaceofdarkness", "swamppalace", "brain", "br", "ws" ],
      [ "skullwoods", "thievestown", "icepalace", "miserymire", "turtlerock", "ganon", "md", "ln" ]
    ]
  },

  "tracker_capture_item": {
    "type": "container",
    "content": [
      {
        "type": "layout",
        "key": "shared_item_grid"
      },
      {
        "type": "itemgrid",
        "item_margin": "1,1",
        "h_alignment": "left",
        "rows": [
          [ "" ],
          [ "" ],
          [ "" ],
          [ "" ],
          [ "" ],
          [ "" ],
          [ "" ],
          [ "" ],
          [ "bow", "silvers", "blueboom", "redboom", "cape", "byrna" ]
        ]
      }
    ]
  },
  "tracker_default": {
    "type": "container",
    "background": "#000000",
    "width": 275,
    "height": 242,
    "content": {
      "type": "layout",
      "dropshadow": false,
      "margin": 1,
      "key": "shared_item_grid"
    }
  }
}