﻿{
  "tracker_broadcast": {
    "background": "#000000",
    "type": "itemgrid",
    "h_alignment": "center",
    "item_margin": "0,0,0,-80",
    "item_size": 100,
    "rows": [
      [ "jumptext"],
      [ "triplejumptext"],
      [ "longjumptext"],
      [ "sidefliptext"],
      [ "backfliptext"],
      [ "kicktext"],
      [ "wallkicktext"],
      [ "groundpoundtext"],
      [ "divetext"],
      [ "climbtext"],
      [ "ledgegrabtext"],
      [ "grabtext"]
    ]
  }
}
