﻿{
  "tracker_broadcast": {
    "background": "#000000",
    "type": "array",
    "orientation": "vertical",
    "margin": "0,0,0,0",
    "content": [
      {
      "type": "itemgrid",
      "h_alignment": "left",
      "item_margin": "0,0,0,-80",
      "item_size": 100,
      "rows": [
        [ "jumptext"],
        [ "triplejumptext"],
        [ "longjumptext"],
        [ "sidefliptext"],
        [ "backfliptext"],
        [ "kicktext"],
        [ "wallkicktext"],
        [ "groundpoundtext"],
        [ "divetext"],
        [ "climbtext"],
        [ "ledgegrabtext"],
        [ "grabtext"],
        [ "blanktext"]
        ]
      },
      {
        "type": "itemgrid",
        "h_alignment": "left",
        "item_margin": "0,-20,6,0",
        "item_size": 24,
        "rows": [
          [ "wingcap","inviscap","metalcap"]
        ]
      },
      {
        "type": "itemgrid",
        "h_alignment": "left",
        "item_margin": "0,-4,6,2",
        "item_size": 24,
        "rows": [
          [ "basementkey", "upperkey", ""]
        ]
      }
    ]
  }
}
