﻿{
  "shared_item_grid": {
    "type": "itemgrid",
    "h_alignment": "center",
    "item_margin": "0,0,0,-80",
    "item_size": 100,
    "rows": [
      [ "jumptext"],
      [ "triplejumptext"],
      [ "longjumptext"],
      [ "sidefliptext"],
      [ "backfliptext"],
      [ "kicktext"],
      [ "wallkicktext"],
      [ "groundpoundtext"],
      [ "divetext"],
      [ "climbtext"],
      [ "ledgegrabtext"],
      [ "grabtext"]
    ]
  },
  "tracker_default": {
    "type": "container",
    "background": "#000000",
    "width": 242,
    "content": {
      "type": "layout",
      "dropshadow": false,
      "margin": 1,
      "key": "shared_item_grid"
    }
  }
}
