﻿{
  "shared_item_grid": {
    "type": "array",
    "orientation": "vertical",
    "margin": "70,0,0,0",
    "content": [
      {
      "type": "itemgrid",
      "h_alignment": "left",
      "item_margin": "0,0,0,-80",
      "item_size": 100,
      "rows": [
        [ "jumptext"],
        [ "triplejumptext"],
        [ "longjumptext"],
        [ "sidefliptext"],
        [ "backfliptext"],
        [ "kicktext"],
        [ "wallkicktext"],
        [ "groundpoundtext"],
        [ "divetext"],
        [ "climbtext"],
        [ "ledgegrabtext"],
        [ "grabtext"],
        [ "blanktext"]
      ]
    },
    {
      "type": "itemgrid",
      "h_alignment": "left",
      "item_margin": "0,-20,6,0",
      "item_size": 24,
      "rows": [
        [ "wingcap","inviscap","metalcap"]
      ]
    },
    {
      "type": "itemgrid",
      "h_alignment": "left",
      "item_margin": "0,-4,6,2",
      "item_size": 24,
      "rows": [
        [ "basementkey", "upperkey", ""]
      ]
    }
  ]
},
  "tracker_default": {
    "type": "container",
    "background": "#000000",
    "width": 242,
    "content": {
      "type": "layout",
      "dropshadow": false,
      "margin": 1,
      "key": "shared_item_grid"
    }
  }
}
