﻿{
  "shared_item_grid": {
    "type": "array",
    "orientation": "horizontal",
    "margin": "0,0,0,0",
    "content": [
      {
        "type": "array",
        "orientation": "vertical",
        "margin": "0,0,0,0",
        "content": [
          {
            "type": "itemgrid",
            "item_margin": "1,1",
            "h_alignment": "left",
            "rows": [
              [ "charge", "morph", "varia", "gravity" ],
              [ "wave", "bomb", "hijump", "speed" ],
              [ "icebeam", "spring", "space", "screw" ]
            ]
          },
          {
            "type": "array",
            "orientation": "horizontal",
            "margin": "0,0",
            "content": [
              {
                "type": "itemgrid",
                "item_margin": "1,1",
                "h_alignment": "left",
                "rows": [
                  [ "spazer", "grapple" ],
                  [ "cwispybeams", "xray" ]
                ]
              },
              {
                "type": "array",
                "orientation": "vertical",
                "margin": "0,0",
                "content": [
                  {
                    "type": "canvas",
                    "width": 67,
                    "height": 67,
                    "margin": "0,0,0,0",
                    "content": [
                      {
                        "type": "image",
                        "image": "images/g4_background.png",
                        "margin": "3,0,0,0",
                        "canvas_depth": 0,
                        "width": 67,
                        "height": 67
                      },
                      {
                        "type": "item",
                        "item": "goldridley",
                        "margin": "3,0,0,0",
                        "canvas_depth": 1,
                        "width": 67,
                        "height": 67
                      },
                      {
                        "type": "item",
                        "item": "goldkraid",
                        "margin": "3,0,0,0",
                        "canvas_depth": 1,
                        "width": 67,
                        "height": 67
                      },
                      {
                        "type": "item",
                        "item": "golddraygon",
                        "margin": "3,0,0,0",
                        "canvas_depth": 1,
                        "canvas_left": 31,
                        "canvas_top": 24,
                        "width": 32,
                        "height": 43
                      },
                      {
                        "type": "item",
                        "item": "goldphantoon",
                        "margin": "0",
                        "canvas_depth": 1,
                        "width": 67,
                        "height": 67
                      }
                    ]
                  }
                ]
              }
            ]
          },
          {
            "type": "itemgrid",
            "item_margin": "1,1",
            "h_alignment": "left",
            "rows": [
              [ "z1sword", "z1boom", "z1candle", "z1arrows" ],
              [ "z1recorder", "z1rod", "z1book", "z1ring" ],
              [ "z1ladder", "z1raft", "z1tri1", "z1tri2" ],
              [ "z1magickey", "z1letter", "z1tri5", "z1tri6" ]
            ]
          }
        ]
      },
      {
        "type": "itemgrid",
        "item_margin": "1,1",
        "h_alignment": "left",
        "rows": [
          [ "bowandsilvers", "bothbooms", "hookshot", "witch", "bat" ],
          [ "firerod", "icerod", "bombos", "ether", "quake" ],
          [ "lamp", "hammer", "duck", "digspot", "book" ],
          [ "sickkid", "somaria", "byrna", "cape", "mirror" ],
          [ "boots", "gloves", "flippers", "pearl", "sword" ],
          [ "z1bow", "ep", "dp", "toh", "agahnims" ],
          [ "z1bracelet", "pod", "sp", "sw", "tt" ],
          [ "z1tri3", "z1tri4", "ip", "mm", "tr" ],
          [ "z1tri7", "z1tri8", "z1ganon", "brain", "ganon" ]
        ]
      }
    ]
  },
  "tracker_default":
  {
    "type": "container",
    "background": "#000000",
    "width": 306,
    "height": 308,
    "content": [
      {
        "type": "image",
        "image": ""
      },
      {
        "type": "layout",
        "dropshadow": false,
        "margin": 1,
        "image": "images/FullBack.png",
        "key": "shared_item_grid"
      }
    ]
  },
  "tracker_broadcast":
  {
    "type": "container",
    "background": "#000000",
    "width": 306,
    "height": 308,
    "content": [
      {
        "type": "image",
        "image": ""
      },
      {
        "type": "layout",
        "dropshadow": false,
        "margin": 1,
        "key": "shared_item_grid"
      }
    ]
  }
}