﻿[
  // Bow
  {
    "name": "Bow",
    "type": "progressive_toggle",
    "stages": [
      {
        "img": "images/0048.png",
        "codes": "bow"
      },
      {
        "img": "images/0049.png",
        "codes": "silvers",
        "disabled_img": "images/silver_arrow.png",
        "disabled_img_mods": ""
      }
    ]
  },
  // Silver Arrows
  {
    "name": "Silver Arrows",
    "type": "toggle",
    "loop": true,
    "img": "images/silver_arrow.png",
    "codes": "silverarrows,silvers"
  },
  // Boomerangs
  {
    "name": "Boomerang",
    "type": "progressive_toggle",
    "stages": [
      {
        "img": "images/0001.png",
        "codes": "blueboomerang, boomerang",
        "disabled_img": "images/doubleboomoff.png",
        "disabled_img_mods": ""
      },
      {
        "img": "images/doubleboom.png",
        "codes": "redboomerang",
        "disabled_img": "images/0037.png",
        "disabled_img_mods": ""
      }
    ]
  },
  // Hookshot
  {
    "name": "Hookshot",
    "type": "toggle",
    "loop": true,
    "img": "images/0002.png",
    "codes": "hookshot,hs"
  },
  // Mushder
  {
    "name": "Mushder",
    "type": "progressive_toggle",
    "stages": [
      {
        "img": "images/MushderYN.png",
        "codes": "mushroom",
        "disabled_img": "images/MushderYY.png",
        "disabled_img_mods": "@disabled"
      },
      {
        "img": "images/MushderYY.png",
        "codes": "powder",
        "disabled_img": "images/MushderNY.png",
        "disabled_img_mods": ""
      }
    ]
  },
  // Shovlute
  {
    "name": "Shovlute",
    "type": "progressive_toggle",
    "stages": [
      {
        "img": "images/shovluteYN.png",
        "codes": "shovel",
        "disabled_img": "images/shovluteYY.png",
        "disabled_img_mods": "@disabled"
      },
      {
        "img": "images/shovluteYY.png",
        "codes": "flute",
        "disabled_img": "images/shovluteNY.png",
        "disabled_img_mods": ""
      }
    ]
  },
  // CapeofByrna
  {
    "name": "CapeofByrna",
    "type": "progressive_toggle",
    "stages": [
      {
        "img": "images/CapeofbyrnaYN.png",
        "codes": "byrna",
        "disabled_img": "images/CapeofbyrnaYY.png",
        "disabled_img_mods": "@disabled"
      },
      {
        "img": "images/CapeofbyrnaYY.png",
        "codes": "cape",
        "disabled_img": "images/CapeofbyrnaNY.png",
        "disabled_img_mods": ""
      }
    ]
  },
  // FiceRods
  {
    "name": "FiceRods",
    "type": "progressive_toggle",
    "stages": [
      {
        "img": "images/FiceRodsYN.png",
        "codes": "firerod",
        "disabled_img": "images/FiceRodsYY.png",
        "disabled_img_mods": "@disabled"
      },
      {
        "img": "images/FiceRodsYY.png",
        "codes": "icerod",
        "disabled_img": "images/FiceRodsNY.png",
        "disabled_img_mods": ""
      }
    ]
  },


  // Fire Rod
  {
    "name": "Fire Rod",
    "type": "toggle",
    "loop": true,
    "img": "images/0005.png",
    "codes": "firerod,firesource"
  },
  // Ice Rod
  {
    "name": "Ice Rod",
    "type": "toggle",
    "loop": true,
    "img": "images/0006.png",
    "codes": "icerod"
  },

  // Bombos
  {
    "name": "Bombos",
    "type": "progressive_toggle",
    "stages": [
      {
        "img": "images/0007.png",
        "codes": "bombos"
      },
      {
        "img": "images/0117.png",
        "codes": "bombos,mm_medallion"
      },
      {
        "img": "images/0120.png",
        "codes": "bombos,tr_medallion"
      },
      {
        "img": "images/0123.png",
        "codes": "bombos,mm_medallion,tr_medallion"
      }
    ]
  },
  // Ether
  {
    "name": "Ether",
    "type": "progressive_toggle",
    "stages": [
      {
        "img": "images/0008.png",
        "codes": "ether"
      },
      {
        "img": "images/0118.png",
        "codes": "ether,mm_medallion"
      },
      {
        "img": "images/0121.png",
        "codes": "ether,tr_medallion"
      },
      {
        "img": "images/0124.png",
        "codes": "ether,mm_medallion,tr_medallion"
      }
    ]
  },
  // Quake
  {
    "name": "Quake",
    "type": "progressive_toggle",
    "stages": [
      {
        "img": "images/0009.png",
        "codes": "quake"
      },
      {
        "img": "images/0119.png",
        "codes": "quake,mm_medallion"
      },
      {
        "img": "images/0122.png",
        "codes": "quake,tr_medallion"
      },
      {
        "img": "images/0125.png",
        "codes": "quake,mm_medallion,tr_medallion"
      }
    ]
  },

  // Lamp
  {
    "name": "Lamp",
    "type": "toggle",
    "loop": true,
    "img": "images/0010.png",
    "codes": "lamp,firesource"
  },
  // Hammer
  {
    "name": "Hammer",
    "type": "toggle",
    "loop": true,
    "img": "images/0011.png",
    "codes": "hammer"
  },
  // Book of Mudora
  {
    "name": "Book of Mudora",
    "type": "toggle",
    "loop": true,
    "img": "images/0014.png",
    "codes": "book"
  },
  // Moon Pearl
  {
    "name": "Moon Pearl",
    "type": "toggle",
    "loop": true,
    "img": "images/0022.png",
    "codes": "pearl,moonpearl"
  },

  // Bottles
  {
    "name": "Bottles",
    "type": "progressive",
    "loop": true,
    "allow_disabled": "false",
    "stages": [
      {
        "img": "images/0026.png",
        "img_mods": "@disabled"
      },
      {
        "img": "images/0070.png",
        "codes": "bottle"
      },
      {
        "img": "images/0071.png"
      },
      {
        "img": "images/0072.png"
      },
      {
        "img": "images/0073.png"
      }
    ]
  },

  // Sick Kid
  {
    "name": "Sick Kid",
    "type": "toggle_badged",
    "base_item": "bottle",
    "img": "images/checkmark.png",
    "codes": "sickkid"
  },

  // Somaria
  {
    "name": "Cane of Somaria",
    "type": "toggle",
    "loop": true,
    "img": "images/0015.png",
    "codes": "somaria,redcane"
  },
  // Mirror
  {
    "name": "Mirror",
    "type": "toggle",
    "loop": true,
    "img": "images/0018.png",
    "codes": "mirror"
  },

  // Progressive Gloves
  {
    "name": "Gloves",
    "type": "progressive",
    "stages": [
      {
        "img": "images/0019.png",
        "codes": "gloves,lift1"
      },
      {
        "img": "images/0043.png",
        "codes": "mitts,lift2"
      }
    ]
  },
  // Boots
  {
    "name": "Boots",
    "type": "toggle",
    "loop": true,
    "img": "images/0020.png",
    "codes": "boots"
  },
  // Flippers
  {
    "name": "Flippers",
    "type": "toggle",
    "loop": true,
    "img": "images/0021.png",
    "codes": "flippers"
  },
  // Progressive Swords
  {
    "name": "Sword",
    "type": "progressive",
    "stages": [
      {
        "img": "images/0023.png",
        "codes": "sword"
      },
      {
        "img": "images/0038.png",
        "codes": "sword2,mst"
      },
      {
        "img": "images/0039.png",
        "codes": "sword3,tempered"
      },
      {
        "img": "images/0040.png",
        "codes": "sword4,butter"
      }
    ]
  },

  // Eastern Palace
  {
    "name": "Eastern Palace",
    "type": "progressive_toggle",
    "capturable": false,
    "stages": [
      {
        "img": "images/0105.png",
        "codes": "easternpalace,crystal"
      },
      {
        "img": "images/0106.png",
        "codes": "easternpalace,crystal56"
      },
      {
        "img": "images/0107.png",
        "codes": "easternpalace,pendant"
      },
      {
        "img": "images/0108.png",
        "codes": "easternpalace,greenpendant"
      }
    ]
  },

  // Desert Palace
  {
    "name": "Desert Palace",
    "capturable": false,
    "type": "progressive_toggle",
    "stages": [
      {
        "img": "images/0109.png",
        "codes": "desertpalace,crystal"
      },
      {
        "img": "images/0110.png",
        "codes": "desertpalace,crystal56"
      },
      {
        "img": "images/0111.png",
        "codes": "desertpalace,pendant"
      },
      {
        "img": "images/0112.png",
        "codes": "desertpalace,greenpendant"
      }
    ]
  },

  // Tower of Hera
  {
    "name": "Tower of Hera",
    "capturable": false,
    "type": "progressive_toggle",
    "stages": [
      {
        "img": "images/0113.png",
        "codes": "towerofhera,crystal"
      },
      {
        "img": "images/0114.png",
        "codes": "towerofhera,crystal56"
      },
      {
        "img": "images/0115.png",
        "codes": "towerofhera,pendant"
      },
      {
        "img": "images/0116.png",
        "codes": "towerofhera,greenpendant"
      }
    ]
  },

  // Palace of Darkness
  {
    "name": "Palace of Darkness",
    "capturable": false,
    "type": "progressive_toggle",
    "stages": [
      {
        "img": "images/0077.png",
        "codes": "palaceofdarkness,crystal"
      },
      {
        "img": "images/0078.png",
        "codes": "palaceofdarkness,crystal56"
      },
      {
        "img": "images/0079.png",
        "codes": "palaceofdarkness,pendant"
      },
      {
        "img": "images/0080.png",
        "codes": "palaceofdarkness,greenpendant"
      }
    ]
  },

  // Swamp Palace
  {
    "name": "Swamp Palace",
    "capturable": false,
    "type": "progressive_toggle",
    "stages": [
      {
        "img": "images/0081.png",
        "codes": "swamppalace,crystal"
      },
      {
        "img": "images/0082.png",
        "codes": "swamppalace,crystal56"
      },
      {
        "img": "images/0083.png",
        "codes": "swamppalace,pendant"
      },
      {
        "img": "images/0084.png",
        "codes": "swamppalace,greenpendant"
      }
    ]
  },

  // Skull Woods
  {
    "name": "Skull Woods",
    "capturable": false,
    "type": "progressive_toggle",
    "stages": [
      {
        "img": "images/0085.png",
        "codes": "skullwoods,crystal"
      },
      {
        "img": "images/0086.png",
        "codes": "skullwoods,crystal56"
      },
      {
        "img": "images/0087.png",
        "codes": "skullwoods,pendant"
      },
      {
        "img": "images/0088.png",
        "codes": "skullwoods,greenpendant"
      }
    ]
  },

  // Thieve's Town
  {
    "name": "Thieves Town",
    "capturable": false,
    "type": "progressive_toggle",
    "stages": [
      {
        "img": "images/0089.png",
        "codes": "thievestown,crystal"
      },
      {
        "img": "images/0090.png",
        "codes": "thievestown,crystal56"
      },
      {
        "img": "images/0091.png",
        "codes": "thievestown,pendant"
      },
      {
        "img": "images/0092.png",
        "codes": "thievestown,greenpendant"
      }
    ]
  },

  // Ice Palace
  {
    "name": "Ice Palace",
    "capturable": false,
    "type": "progressive_toggle",
    "stages": [
      {
        "img": "images/0093.png",
        "codes": "icepalace,crystal"
      },
      {
        "img": "images/0094.png",
        "codes": "icepalace,crystal56"
      },
      {
        "img": "images/0095.png",
        "codes": "icepalace,pendant"
      },
      {
        "img": "images/0096.png",
        "codes": "icepalace,greenpendant"
      }
    ]
  },

  // Misery Mire
  {
    "name": "Misery Mire",
    "capturable": false,
    "type": "progressive_toggle",
    "stages": [
      {
        "img": "images/0097.png",
        "codes": "miserymire,crystal"
      },
      {
        "img": "images/0098.png",
        "codes": "miserymire,crystal56"
      },
      {
        "img": "images/0099.png",
        "codes": "miserymire,pendant"
      },
      {
        "img": "images/0100.png",
        "codes": "miserymire,greenpendant"
      }
    ]
  },

  // Turtle Rock
  {
    "name": "Turtle Rock",
    "capturable": false,
    "type": "progressive_toggle",
    "stages": [
      {
        "img": "images/0101.png",
        "codes": "turtlerock,crystal"
      },
      {
        "img": "images/0102.png",
        "codes": "turtlerock,crystal56"
      },
      {
        "img": "images/0103.png",
        "codes": "turtlerock,pendant"
      },
      {
        "img": "images/0104.png",
        "codes": "turtlerock,greenpendant"
      }
    ]
  },

  ////////SM STUFF/////////
  //Charge Beam
  {
    "name": "Charge Beam",
    "type": "toggle",
    "loop": true,
    "img": "images/charge.png",
    "codes": "charge"
  },

  //Ice Beam
  {
    "name": "Ice Beam",
    "type": "toggle",
    "loop": true,
    "img": "images/ice.png",
    "codes": "ice"
  },

  //Wave Beam
  {
    "name": "Wave Beam",
    "type": "toggle",
    "loop": true,
    "img": "images/wave.png",
    "codes": "wave"
  },

  //Spazer Beam
  {
    "name": "Spazer Beam",
    "type": "toggle",
    "loop": true,
    "img": "images/spazer.png",
    "codes": "spazer"
  },

  //Plasma Beam
  {
    "name": "Plasma Beam",
    "type": "toggle",
    "loop": true,
    "img": "images/plasma.png",
    "codes": "plasma"
  },

  //Varia Suit
  {
    "name": "Varia Suit",
    "type": "toggle",
    "loop": true,
    "img": "images/varia.png",
    "codes": "varia"
  },

  //Gravity Suit
  {
    "name": "Gravity Suit",
    "type": "toggle",
    "loop": true,
    "img": "images/gravity.png",
    "codes": "gravity"
  },

  //Morph Ball
  {
    "name": "Morph Ball",
    "type": "toggle",
    "loop": true,
    "img": "images/morph.png",
    "codes": "morph"
  },

  //Bomb
  {
    "name": "Bomb",
    "type": "toggle",
    "loop": true,
    "img": "images/bomb.png",
    "codes": "bomb"
  },

  //Spring Ball
  {
    "name": "Spring Ball",
    "type": "toggle",
    "loop": true,
    "img": "images/springball.png",
    "codes": "spring"
  },

  //Screw Attack
  {
    "name": "Screw Attack",
    "type": "toggle",
    "loop": true,
    "img": "images/screw.png",
    "codes": "screw"
  },

  //High Jump
  {
    "name": "High Jump",
    "type": "toggle",
    "loop": true,
    "img": "images/hijump.png",
    "codes": "hijump"
  },

  //Space Jump
  {
    "name": "Space Jump",
    "type": "toggle",
    "loop": true,
    "img": "images/space.png",
    "codes": "space"
  },

  //Speed Booster
  {
    "name": "Speed Booster",
    "type": "toggle",
    "loop": true,
    "img": "images/speed.png",
    "codes": "speed"
  },

  //Grapple
  {
    "name": "Grapple",
    "type": "toggle",
    "loop": true,
    "img": "images/grapple.png",
    "codes": "grapple"
  },

  //Xray
  {
    "name": "Xray",
    "type": "toggle",
    "loop": true,
    "img": "images/xray.png",
    "codes": "xray"
  },

  //Ganon
  {
    "name": "Ganon",
    "type": "toggle",
    "loop": true,
    "img": "images/ganon.png",
    "codes": "ganon, zelda, pig, z3"
  },

  //Mother Brain
  {
    "name": "Mother Brain",
    "type": "toggle",
    "loop": true,
    "img": "images/mbrain.png",
    "codes": "brain, mother, mb, metroid, sm"
  },

  //Ridley
  {
    "name": "Ridley",
    "mask_input": true,
    "type": "progressive_toggle",
    "stages": [
      {
        "img": "images/ridley.png",
        "img_mods": "@disabled",
        "disabled_img": "images/ridley.png",
        "disabled_img_mods": "",
        "codes": "ridley"
      }
    ]
  },

  //Kraid
  {
    "name": "Kraid",
    "mask_input": true,
    "type": "progressive_toggle",
    "stages": [
      {
        "img": "images/kraid.png",
        "img_mods": "@disabled",
        "disabled_img": "images/kraid.png",
        "disabled_img_mods": "",
        "codes": "kraid"
      }
    ]
  },

  //Phantoon
  {
    "name": "Phantoon",
    "mask_input": true,
    "type": "progressive_toggle",
    "stages": [
      {
        "img": "images/phantoon.png",
        "img_mods": "@disabled",
        "disabled_img": "images/phantoon.png",
        "disabled_img_mods": "",
        "codes": "phantoon"
      }
    ]

  },

  //Draygon
  {
    "name": "Draygon",
    "mask_input": true,
    "type": "progressive_toggle",
    "stages": [
      {
        "img": "images/draygon.png",
        "img_mods": "@disabled",
        "disabled_img": "images/draygon.png",
        "disabled_img_mods": "",
        "codes": "draygon"
      }
    ]
  },

  //Missile Capacity
  {
    "name": "Missile Capacity",
    "type": "progressive",
    "allow_disabled": "false",
    "stages": [
      {
        "img": "images/vertMiss00.png",
        "img_mods": "@disabled"
      },
      {
        "img": "images/vertMiss05.png",
        "codes": "missile"
      },
      {
        "img": "images/vertMiss10.png"
      },
      {
        "img": "images/vertMiss15.png"
      },
      {
        "img": "images/vertMiss20.png"
      },
      {
        "img": "images/vertMiss25.png"
      },
      {
        "img": "images/vertMiss30.png"
      },
      {
        "img": "images/vertMiss35.png"
      },
      {
        "img": "images/vertMiss40.png"
      },
      {
        "img": "images/vertMiss45.png"
      },
      {
        "img": "images/vertMiss50.png"
      },
      {
        "img": "images/vertMiss55.png"
      },
      {
        "img": "images/vertMiss60.png"
      },
      {
        "img": "images/vertMiss65.png"
      },
      {
        "img": "images/vertMiss70.png"
      },
      {
        "img": "images/vertMiss75.png"
      },
      {
        "img": "images/vertMiss80.png"
      },
      {
        "img": "images/vertMiss85.png"
      },
      {
        "img": "images/vertMiss90.png"
      },
      {
        "img": "images/vertMiss95.png"
      },
      {
        "img": "images/vertMiss100.png"
      },
      {
        "img": "images/vertMiss105.png"
      },
      {
        "img": "images/vertMiss110.png"
      },
      {
        "img": "images/vertMiss115.png"
      },
      {
        "img": "images/vertMiss120.png"
      },
      {
        "img": "images/vertMiss125.png"
      },
      {
        "img": "images/vertMiss130.png"
      },
      {
        "img": "images/vertMiss135.png"
      },
      {
        "img": "images/vertMiss140.png"
      },
      {
        "img": "images/vertMiss145.png"
      },
      {
        "img": "images/vertMiss150.png"
      },
      {
        "img": "images/vertMiss155.png"
      },
      {
        "img": "images/vertMiss160.png"
      },
      {
        "img": "images/vertMiss165.png"
      },
      {
        "img": "images/vertMiss170.png"
      },
      {
        "img": "images/vertMiss175.png"
      },
      {
        "img": "images/vertMiss180.png"
      },
      {
        "img": "images/vertMiss185.png"
      },
      {
        "img": "images/vertMiss190.png"
      },
      {
        "img": "images/vertMiss195.png"
      }
    ]
  },

  //Super Missile Capacity
  {
    "name": "Super Missile Capacity",
    "type": "progressive",
    "allow_disabled": "false",
    "stages": [
      {
        "img": "images/vertSuMi00.png",
        "img_mods": "@disabled"
      },
      {
        "img": "images/vertSuMi05.png",
        "codes": "supermissile"
      },
      {
        "img": "images/vertSuMi10.png"
      },
      {
        "img": "images/vertSuMi15.png"
      },
      {
        "img": "images/vertSuMi20.png"
      },
      {
        "img": "images/vertSuMi25.png"
      },
      {
        "img": "images/vertSuMi30.png"
      },
      {
        "img": "images/vertSuMi35.png"
      },
      {
        "img": "images/vertSuMi40.png"
      },
      {
        "img": "images/vertSuMi45.png"
      },
      {
        "img": "images/vertSuMi50.png"
      },
      {
        "img": "images/vertSuMi55.png"
      },
      {
        "img": "images/vertSuMi60.png"
      },
      {
        "img": "images/vertSuMi65.png"
      },
      {
        "img": "images/vertSuMi70.png"
      },
      {
        "img": "images/vertSuMi75.png"
      },
      {
        "img": "images/vertSuMi80.png"
      },
      {
        "img": "images/vertSuMi85.png"
      },
      {
        "img": "images/vertSuMi90.png"
      },
      {
        "img": "images/vertSuMi95.png"
      }
    ]
  },

  //Super Bomb Capacity
  {
    "name": "Super Bomb Capacity",
    "type": "progressive",
    "allow_disabled": "false",
    "stages": [
      {
        "img": "images/vertBomb00.png",
        "img_mods": "@disabled"
      },
      {
        "img": "images/vertBomb05.png",
        "codes": "powerbomb"
      },
      {
        "img": "images/vertBomb10.png"
      },
      {
        "img": "images/vertBomb15.png"
      },
      {
        "img": "images/vertBomb20.png"
      },
      {
        "img": "images/vertBomb25.png"
      },
      {
        "img": "images/vertBomb30.png"
      },
      {
        "img": "images/vertBomb35.png"
      },
      {
        "img": "images/vertBomb40.png"
      },
      {
        "img": "images/vertBomb45.png"
      },
      {
        "img": "images/vertBomb50.png"
      },
      {
        "img": "images/vertBomb55.png"
      },
      {
        "img": "images/vertBomb60.png"
      },
      {
        "img": "images/vertBomb65.png"
      },
      {
        "img": "images/vertBomb70.png"
      },
      {
        "img": "images/vertBomb75.png"
      },
      {
        "img": "images/vertBomb80.png"
      },
      {
        "img": "images/vertBomb85.png"
      },
      {
        "img": "images/vertBomb90.png"
      },
      {
        "img": "images/vertBomb95.png"
      }
    ]
  }

]