﻿{
  "map_enabled": false,
  "auto_pin_capturing_locations": false,
  "auto_unpin_on_clear": false,
  "allow_resize": false,
  "layout_swap_left_right": false,
  "disabled_image_filter": "grayscale, dim",
  "layouts": {
    "shared_item_grid": {
      "type": "array",
      "orientation": "vertical",
      "margin": "0,0",
      "content": [
        {
          "type": "itemgrid",
          "item_margin": "1,1",
          "h_alignment": "left",
          "rows": [
            [ "bow", "boomerang", "hookshot", "mushroom", "book", "easternpalace", "desertpalace", "towerofhera" ],
            [ "firerod", "icerod", "bombos", "ether", "quake", "palaceofdarkness", "swamppalace", "skullwoods" ],
            [ "lamp", "hammer", "shovel", "byrna", "mirror", "sword", "thievestown", "icepalace" ],
            [ "bottle", "somaria", "boots", "gloves", "flippers", "pearl", "miserymire", "turtlerock" ]
          ]
        },
        {
          "type": "array",
          "orientation": "horizontal",
          "margin": "0,0",
          "content": [
            {
              "type": "array",
              "orientation": "vertical",
              "margin": "0,0",
              "content": [
                {
                  "type": "array",
                  "orientation": "horizontal",
                  "margin": "0,0",
                  "content": [
                    {
                      "type": "item",
                      "item": "charge",
                      "margin": "1,1"
                    },
                    {
                      "type": "item",
                      "item": "ice",
                      "margin": "1,1"
                    }
                  ]
                },
                {
                  "type": "array",
                  "orientation": "horizontal",
                  "margin": "0,0",
                  "content": [
                    {
                      "type": "item",
                      "item": "missile",
                      "margin": "2,2,1,2"
                    },
                    {
                      "type": "item",
                      "item": "supermissile",
                      "margin": "2,2"
                    },
                    {
                      "type": "item",
                      "item": "powerbomb",
                      "margin": "1,2,2,2"
                    }
                  ]
                }
              ]
            },
            {
              "type": "itemgrid",
              "item_margin": "1,1",
              "h_alignment": "left",
              "rows": [
                [ "wave", "spazer", "plasma", "hijump" ],
                [ "varia", "morph", "bomb", "space" ],
                [ "gravity", "spring", "screw", "speed" ]
              ]
            },
            {
              "type": "array",
              "orientation": "vertical",
              "margin": "0,0",
              "content": [
                {
                  "type": "array",
                  "orientation": "horizontal",
                  "margin": "0,0",
                  "content": [
                    {
                      "type": "item",
                      "item": "grapple",
                      "margin": "1,1"
                    },
                    {
                      "type": "item",
                      "item": "xray",
                      "margin": "1,1"
                    }
                  ]
                },
                {
                  "type": "canvas",
                  "width": 67,
                  "height": 67,
                  "margin": "3,1,1,1",
                  "content": [
                    {
                      "type": "image",
                      "image": "images/g4_background.png",
                      "margin": "0",
                      "canvas_depth": 0,
                      "width": 67,
                      "height": 67
                    },
                    {
                      "type": "item",
                      "item": "ridley",
                      "margin": "0",
                      "canvas_depth": 1,
                      "width": 67,
                      "height": 67
                    },
                    {
                      "type": "item",
                      "item": "kraid",
                      "margin": "0",
                      "canvas_depth": 1,
                      "width": 67,
                      "height": 67
                    },
                    {
                      "type": "item",
                      "item": "draygon",
                      "margin": "0",
                      "canvas_depth": 1,
                      "canvas_left": 31,
                      "canvas_top": 24,
                      "width": 32,
                      "height": 43,
                    },
                    {
                      "type": "item",
                      "item": "phantoon",
                      "margin": "0",
                      "canvas_depth": 1,
                      "width": 67,
                      "height": 67
                    }
                  ]
                }
              ]
            }
          ]
        }
      ]
    },

    "tracker_capture_item": {
      "type": "container",
      "content": {
        "type": "layout",
        "key": "shared_item_grid"
      }
    },
    "tracker_default": {
      "type": "container",
      "background": "#000000",
      "width": 272,
      "height": 242,
      "content": {
        "type": "layout",
        "dropshadow": false,
        "margin": 1,
        "key": "shared_item_grid"
      }
    }
  }
}